arm_name,dataset_split,scorer,metric_name,value,timestamp
set1_night_aug_3ep_test,val,ultralytics,mAP50,0.305283855111676,2026-08-16T15:58:04.926074+07:00
set1_night_aug_3ep_test,val,ultralytics,mAP50-95,0.18210777853126092,2026-08-16T15:58:04.926074+07:00
set1_night_aug_3ep_test,val,ultralytics,mAP50_car,0.6850911920463809,2026-08-16T15:58:04.926074+07:00
set1_night_aug_3ep_test,val,ultralytics,mAP50-95_car,0.39604921670784976,2026-08-16T15:58:04.926074+07:00
set1_night_aug_3ep_test,val,ultralytics,mAP50_truck,0.29760163999019135,2026-08-16T15:58:04.926074+07:00
set1_night_aug_3ep_test,val,ultralytics,mAP50-95_truck,0.19381130251744583,2026-08-16T15:58:04.926074+07:00
set1_night_aug_3ep_test,val,ultralytics,mAP50_bus,0.2571064233153138,2026-08-16T15:58:04.926074+07:00
set1_night_aug_3ep_test,val,ultralytics,mAP50-95_bus,0.1813013955302692,2026-08-16T15:58:04.926074+07:00
set1_night_aug_3ep_test,val,ultralytics,mAP50_motor,0.15233010780958306,2026-08-16T15:58:04.926074+07:00
set1_night_aug_3ep_test,val,ultralytics,mAP50-95_motor,0.08079940273686101,2026-08-16T15:58:04.926074+07:00
set1_night_aug_3ep_test,val,ultralytics,mAP50_bike,0.13428991239691093,2026-08-16T15:58:04.926074+07:00
set1_night_aug_3ep_test,val,ultralytics,mAP50-95_bike,0.05857757516387878,2026-08-16T15:58:04.926074+07:00
set1_night_aug_3ep_test,val_night,ultralytics,mAP50,0.26718757168084756,2026-08-16T15:58:04.926074+07:00
set1_night_aug_3ep_test,val_night,ultralytics,mAP50-95,0.15173246837269821,2026-08-16T15:58:04.926074+07:00
set1_night_aug_3ep_test,val_night,ultralytics,mAP50_car,0.6520888007203838,2026-08-16T15:58:04.926074+07:00
set1_night_aug_3ep_test,val_night,ultralytics,mAP50-95_car,0.3502097366435195,2026-08-16T15:58:04.926074+07:00
set1_night_aug_3ep_test,val_night,ultralytics,mAP50_truck,0.29311796548483204,2026-08-16T15:58:04.926074+07:00
set1_night_aug_3ep_test,val_night,ultralytics,mAP50-95_truck,0.1970873575381435,2026-08-16T15:58:04.926074+07:00
set1_night_aug_3ep_test,val_night,ultralytics,mAP50_bus,0.22137940324520816,2026-08-16T15:58:04.926074+07:00
set1_night_aug_3ep_test,val_night,ultralytics,mAP50-95_bus,0.15354179274008958,2026-08-16T15:58:04.926074+07:00
set1_night_aug_3ep_test,val_night,ultralytics,mAP50_motor,0.057826660118619505,2026-08-16T15:58:04.926074+07:00
set1_night_aug_3ep_test,val_night,ultralytics,mAP50-95_motor,0.019449279932957746,2026-08-16T15:58:04.926074+07:00
set1_night_aug_3ep_test,val_night,ultralytics,mAP50_bike,0.11152502883519429,2026-08-16T15:58:04.926074+07:00
set1_night_aug_3ep_test,val_night,ultralytics,mAP50-95_bike,0.03837417500878087,2026-08-16T15:58:04.926074+07:00
set1_night_aug_3ep_test,val_dawndusk,ultralytics,mAP50,0.29859804250010213,2026-08-16T15:58:04.926074+07:00
set1_night_aug_3ep_test,val_dawndusk,ultralytics,mAP50-95,0.17905825548313548,2026-08-16T15:58:04.926074+07:00
set1_night_aug_3ep_test,val_dawndusk,ultralytics,mAP50_car,0.6778656118585755,2026-08-16T15:58:04.926074+07:00
set1_night_aug_3ep_test,val_dawndusk,ultralytics,mAP50-95_car,0.4090397248020623,2026-08-16T15:58:04.926074+07:00
set1_night_aug_3ep_test,val_dawndusk,ultralytics,mAP50_truck,0.30188213622757987,2026-08-16T15:58:04.926074+07:00
set1_night_aug_3ep_test,val_dawndusk,ultralytics,mAP50-95_truck,0.1977389334655389,2026-08-16T15:58:04.926074+07:00
set1_night_aug_3ep_test,val_dawndusk,ultralytics,mAP50_bus,0.26030617074088996,2026-08-16T15:58:04.926074+07:00
set1_night_aug_3ep_test,val_dawndusk,ultralytics,mAP50-95_bus,0.1893399994639595,2026-08-16T15:58:04.926074+07:00
set1_night_aug_3ep_test,val_dawndusk,ultralytics,mAP50_motor,0.08098228770287202,2026-08-16T15:58:04.926074+07:00
set1_night_aug_3ep_test,val_dawndusk,ultralytics,mAP50-95_motor,0.04000926950609535,2026-08-16T15:58:04.926074+07:00
set1_night_aug_3ep_test,val_dawndusk,ultralytics,mAP50_bike,0.1719540059705934,2026-08-16T15:58:04.926074+07:00
set1_night_aug_3ep_test,val_dawndusk,ultralytics,mAP50-95_bike,0.05916335017802149,2026-08-16T15:58:04.926074+07:00
set1_night_aug_1ep_test,val,ultralytics,mAP50,0.305283855111676,2026-08-16T17:08:10.325959+07:00
set1_night_aug_1ep_test,val,ultralytics,mAP50-95,0.18210777853126092,2026-08-16T17:08:10.325959+07:00
set1_night_aug_1ep_test,val,ultralytics,mAP50_car,0.6850911920463809,2026-08-16T17:08:10.325959+07:00
set1_night_aug_1ep_test,val,ultralytics,mAP50-95_car,0.39604921670784976,2026-08-16T17:08:10.325959+07:00
set1_night_aug_1ep_test,val,ultralytics,mAP50_truck,0.29760163999019135,2026-08-16T17:08:10.325959+07:00
set1_night_aug_1ep_test,val,ultralytics,mAP50-95_truck,0.19381130251744583,2026-08-16T17:08:10.325959+07:00
set1_night_aug_1ep_test,val,ultralytics,mAP50_bus,0.2571064233153138,2026-08-16T17:08:10.325959+07:00
set1_night_aug_1ep_test,val,ultralytics,mAP50-95_bus,0.1813013955302692,2026-08-16T17:08:10.325959+07:00
set1_night_aug_1ep_test,val,ultralytics,mAP50_motor,0.15233010780958306,2026-08-16T17:08:10.325959+07:00
set1_night_aug_1ep_test,val,ultralytics,mAP50-95_motor,0.08079940273686101,2026-08-16T17:08:10.325959+07:00
set1_night_aug_1ep_test,val,ultralytics,mAP50_bike,0.13428991239691093,2026-08-16T17:08:10.325959+07:00
set1_night_aug_1ep_test,val,ultralytics,mAP50-95_bike,0.05857757516387878,2026-08-16T17:08:10.325959+07:00
set1_night_aug_1ep_test,val_night,ultralytics,mAP50,0.26718757168084756,2026-08-16T17:08:10.325959+07:00
set1_night_aug_1ep_test,val_night,ultralytics,mAP50-95,0.15173246837269821,2026-08-16T17:08:10.325959+07:00
set1_night_aug_1ep_test,val_night,ultralytics,mAP50_car,0.6520888007203838,2026-08-16T17:08:10.325959+07:00
set1_night_aug_1ep_test,val_night,ultralytics,mAP50-95_car,0.3502097366435195,2026-08-16T17:08:10.325959+07:00
set1_night_aug_1ep_test,val_night,ultralytics,mAP50_truck,0.29311796548483204,2026-08-16T17:08:10.325959+07:00
set1_night_aug_1ep_test,val_night,ultralytics,mAP50-95_truck,0.1970873575381435,2026-08-16T17:08:10.325959+07:00
set1_night_aug_1ep_test,val_night,ultralytics,mAP50_bus,0.22137940324520816,2026-08-16T17:08:10.325959+07:00
set1_night_aug_1ep_test,val_night,ultralytics,mAP50-95_bus,0.15354179274008958,2026-08-16T17:08:10.325959+07:00
set1_night_aug_1ep_test,val_night,ultralytics,mAP50_motor,0.057826660118619505,2026-08-16T17:08:10.325959+07:00
set1_night_aug_1ep_test,val_night,ultralytics,mAP50-95_motor,0.019449279932957746,2026-08-16T17:08:10.325959+07:00
set1_night_aug_1ep_test,val_night,ultralytics,mAP50_bike,0.11152502883519429,2026-08-16T17:08:10.325959+07:00
set1_night_aug_1ep_test,val_night,ultralytics,mAP50-95_bike,0.03837417500878087,2026-08-16T17:08:10.325959+07:00
set1_night_aug_1ep_test,val_dawndusk,ultralytics,mAP50,0.29859804250010213,2026-08-16T17:08:10.325959+07:00
set1_night_aug_1ep_test,val_dawndusk,ultralytics,mAP50-95,0.17905825548313548,2026-08-16T17:08:10.325959+07:00
set1_night_aug_1ep_test,val_dawndusk,ultralytics,mAP50_car,0.6778656118585755,2026-08-16T17:08:10.325959+07:00
set1_night_aug_1ep_test,val_dawndusk,ultralytics,mAP50-95_car,0.4090397248020623,2026-08-16T17:08:10.325959+07:00
set1_night_aug_1ep_test,val_dawndusk,ultralytics,mAP50_truck,0.30188213622757987,2026-08-16T17:08:10.325959+07:00
set1_night_aug_1ep_test,val_dawndusk,ultralytics,mAP50-95_truck,0.1977389334655389,2026-08-16T17:08:10.325959+07:00
set1_night_aug_1ep_test,val_dawndusk,ultralytics,mAP50_bus,0.26030617074088996,2026-08-16T17:08:10.325959+07:00
set1_night_aug_1ep_test,val_dawndusk,ultralytics,mAP50-95_bus,0.1893399994639595,2026-08-16T17:08:10.325959+07:00
set1_night_aug_1ep_test,val_dawndusk,ultralytics,mAP50_motor,0.08098228770287202,2026-08-16T17:08:10.325959+07:00
set1_night_aug_1ep_test,val_dawndusk,ultralytics,mAP50-95_motor,0.04000926950609535,2026-08-16T17:08:10.325959+07:00
set1_night_aug_1ep_test,val_dawndusk,ultralytics,mAP50_bike,0.1719540059705934,2026-08-16T17:08:10.325959+07:00
set1_night_aug_1ep_test,val_dawndusk,ultralytics,mAP50-95_bike,0.05916335017802149,2026-08-16T17:08:10.325959+07:00
set1_night_aug_1ep_test,val,ultralytics,mAP50,0.305283855111676,2026-08-16T17:31:31.244659+07:00
set1_night_aug_1ep_test,val,ultralytics,mAP50-95,0.18210777853126092,2026-08-16T17:31:31.244659+07:00
set1_night_aug_1ep_test,val,ultralytics,mAP50_car,0.6850911920463809,2026-08-16T17:31:31.244659+07:00
set1_night_aug_1ep_test,val,ultralytics,mAP50-95_car,0.39604921670784976,2026-08-16T17:31:31.244659+07:00
set1_night_aug_1ep_test,val,ultralytics,mAP50_truck,0.29760163999019135,2026-08-16T17:31:31.244659+07:00
set1_night_aug_1ep_test,val,ultralytics,mAP50-95_truck,0.19381130251744583,2026-08-16T17:31:31.244659+07:00
set1_night_aug_1ep_test,val,ultralytics,mAP50_bus,0.2571064233153138,2026-08-16T17:31:31.244659+07:00
set1_night_aug_1ep_test,val,ultralytics,mAP50-95_bus,0.1813013955302692,2026-08-16T17:31:31.244659+07:00
set1_night_aug_1ep_test,val,ultralytics,mAP50_motor,0.15233010780958306,2026-08-16T17:31:31.244659+07:00
set1_night_aug_1ep_test,val,ultralytics,mAP50-95_motor,0.08079940273686101,2026-08-16T17:31:31.244659+07:00
set1_night_aug_1ep_test,val,ultralytics,mAP50_bike,0.13428991239691093,2026-08-16T17:31:31.244659+07:00
set1_night_aug_1ep_test,val,ultralytics,mAP50-95_bike,0.05857757516387878,2026-08-16T17:31:31.244659+07:00
set1_night_aug_1ep_test,val_night,ultralytics,mAP50,0.26718757168084756,2026-08-16T17:31:31.244659+07:00
set1_night_aug_1ep_test,val_night,ultralytics,mAP50-95,0.15173246837269821,2026-08-16T17:31:31.244659+07:00
set1_night_aug_1ep_test,val_night,ultralytics,mAP50_car,0.6520888007203838,2026-08-16T17:31:31.244659+07:00
set1_night_aug_1ep_test,val_night,ultralytics,mAP50-95_car,0.3502097366435195,2026-08-16T17:31:31.244659+07:00
set1_night_aug_1ep_test,val_night,ultralytics,mAP50_truck,0.29311796548483204,2026-08-16T17:31:31.244659+07:00
set1_night_aug_1ep_test,val_night,ultralytics,mAP50-95_truck,0.1970873575381435,2026-08-16T17:31:31.244659+07:00
set1_night_aug_1ep_test,val_night,ultralytics,mAP50_bus,0.22137940324520816,2026-08-16T17:31:31.244659+07:00
set1_night_aug_1ep_test,val_night,ultralytics,mAP50-95_bus,0.15354179274008958,2026-08-16T17:31:31.244659+07:00
set1_night_aug_1ep_test,val_night,ultralytics,mAP50_motor,0.057826660118619505,2026-08-16T17:31:31.244659+07:00
set1_night_aug_1ep_test,val_night,ultralytics,mAP50-95_motor,0.019449279932957746,2026-08-16T17:31:31.244659+07:00
set1_night_aug_1ep_test,val_night,ultralytics,mAP50_bike,0.11152502883519429,2026-08-16T17:31:31.244659+07:00
set1_night_aug_1ep_test,val_night,ultralytics,mAP50-95_bike,0.03837417500878087,2026-08-16T17:31:31.244659+07:00
set1_night_aug_1ep_test,val_dawndusk,ultralytics,mAP50,0.29859804250010213,2026-08-16T17:31:31.244659+07:00
set1_night_aug_1ep_test,val_dawndusk,ultralytics,mAP50-95,0.17905825548313548,2026-08-16T17:31:31.244659+07:00
set1_night_aug_1ep_test,val_dawndusk,ultralytics,mAP50_car,0.6778656118585755,2026-08-16T17:31:31.244659+07:00
set1_night_aug_1ep_test,val_dawndusk,ultralytics,mAP50-95_car,0.4090397248020623,2026-08-16T17:31:31.244659+07:00
set1_night_aug_1ep_test,val_dawndusk,ultralytics,mAP50_truck,0.30188213622757987,2026-08-16T17:31:31.244659+07:00
set1_night_aug_1ep_test,val_dawndusk,ultralytics,mAP50-95_truck,0.1977389334655389,2026-08-16T17:31:31.244659+07:00
set1_night_aug_1ep_test,val_dawndusk,ultralytics,mAP50_bus,0.26030617074088996,2026-08-16T17:31:31.244659+07:00
set1_night_aug_1ep_test,val_dawndusk,ultralytics,mAP50-95_bus,0.1893399994639595,2026-08-16T17:31:31.244659+07:00
set1_night_aug_1ep_test,val_dawndusk,ultralytics,mAP50_motor,0.08098228770287202,2026-08-16T17:31:31.244659+07:00
set1_night_aug_1ep_test,val_dawndusk,ultralytics,mAP50-95_motor,0.04000926950609535,2026-08-16T17:31:31.244659+07:00
set1_night_aug_1ep_test,val_dawndusk,ultralytics,mAP50_bike,0.1719540059705934,2026-08-16T17:31:31.244659+07:00
set1_night_aug_1ep_test,val_dawndusk,ultralytics,mAP50-95_bike,0.05916335017802149,2026-08-16T17:31:31.244659+07:00
set1_night_aug_1ep_test,val,ultralytics,mAP50,0.305283855111676,2026-08-16T18:06:41.674227+07:00
set1_night_aug_1ep_test,val,ultralytics,mAP50-95,0.18210777853126092,2026-08-16T18:06:41.674227+07:00
set1_night_aug_1ep_test,val,ultralytics,mAP50_car,0.6850911920463809,2026-08-16T18:06:41.674227+07:00
set1_night_aug_1ep_test,val,ultralytics,mAP50-95_car,0.39604921670784976,2026-08-16T18:06:41.674227+07:00
set1_night_aug_1ep_test,val,ultralytics,mAP50_truck,0.29760163999019135,2026-08-16T18:06:41.674227+07:00
set1_night_aug_1ep_test,val,ultralytics,mAP50-95_truck,0.19381130251744583,2026-08-16T18:06:41.674227+07:00
set1_night_aug_1ep_test,val,ultralytics,mAP50_bus,0.2571064233153138,2026-08-16T18:06:41.674227+07:00
set1_night_aug_1ep_test,val,ultralytics,mAP50-95_bus,0.1813013955302692,2026-08-16T18:06:41.674227+07:00
set1_night_aug_1ep_test,val,ultralytics,mAP50_motor,0.15233010780958306,2026-08-16T18:06:41.674227+07:00
set1_night_aug_1ep_test,val,ultralytics,mAP50-95_motor,0.08079940273686101,2026-08-16T18:06:41.674227+07:00
set1_night_aug_1ep_test,val,ultralytics,mAP50_bike,0.13428991239691093,2026-08-16T18:06:41.674227+07:00
set1_night_aug_1ep_test,val,ultralytics,mAP50-95_bike,0.05857757516387878,2026-08-16T18:06:41.674227+07:00
set1_night_aug_1ep_test,val_day,ultralytics,mAP50,0.28645828139167867,2026-08-16T18:06:41.674227+07:00
set1_night_aug_1ep_test,val_day,ultralytics,mAP50-95,0.1694676058866271,2026-08-16T18:06:41.674227+07:00
set1_night_aug_1ep_test,val_day,ultralytics,mAP50_car,0.6864390943399843,2026-08-16T18:06:41.674227+07:00
set1_night_aug_1ep_test,val_day,ultralytics,mAP50-95_car,0.41499465827341925,2026-08-16T18:06:41.674227+07:00
set1_night_aug_1ep_test,val_day,ultralytics,mAP50_truck,0.2937286372781098,2026-08-16T18:06:41.674227+07:00
set1_night_aug_1ep_test,val_day,ultralytics,mAP50-95_truck,0.19516485569049485,2026-08-16T18:06:41.674227+07:00
set1_night_aug_1ep_test,val_day,ultralytics,mAP50_bus,0.19986166842211273,2026-08-16T18:06:41.674227+07:00
set1_night_aug_1ep_test,val_day,ultralytics,mAP50-95_bus,0.13759337918928694,2026-08-16T18:06:41.674227+07:00
set1_night_aug_1ep_test,val_day,ultralytics,mAP50_motor,0.11467791199472727,2026-08-16T18:06:41.674227+07:00
set1_night_aug_1ep_test,val_day,ultralytics,mAP50-95_motor,0.04768741669201867,2026-08-16T18:06:41.674227+07:00
set1_night_aug_1ep_test,val_day,ultralytics,mAP50_bike,0.13758409492345916,2026-08-16T18:06:41.674227+07:00
set1_night_aug_1ep_test,val_day,ultralytics,mAP50-95_bike,0.05189771958791568,2026-08-16T18:06:41.674227+07:00
set1_night_aug_1ep_test,val_night,ultralytics,mAP50,0.26718757168084756,2026-08-16T18:06:41.674227+07:00
set1_night_aug_1ep_test,val_night,ultralytics,mAP50-95,0.15173246837269821,2026-08-16T18:06:41.674227+07:00
set1_night_aug_1ep_test,val_night,ultralytics,mAP50_car,0.6520888007203838,2026-08-16T18:06:41.674227+07:00
set1_night_aug_1ep_test,val_night,ultralytics,mAP50-95_car,0.3502097366435195,2026-08-16T18:06:41.674227+07:00
set1_night_aug_1ep_test,val_night,ultralytics,mAP50_truck,0.29311796548483204,2026-08-16T18:06:41.674227+07:00
set1_night_aug_1ep_test,val_night,ultralytics,mAP50-95_truck,0.1970873575381435,2026-08-16T18:06:41.674227+07:00
set1_night_aug_1ep_test,val_night,ultralytics,mAP50_bus,0.22137940324520816,2026-08-16T18:06:41.674227+07:00
set1_night_aug_1ep_test,val_night,ultralytics,mAP50-95_bus,0.15354179274008958,2026-08-16T18:06:41.674227+07:00
set1_night_aug_1ep_test,val_night,ultralytics,mAP50_motor,0.057826660118619505,2026-08-16T18:06:41.674227+07:00
set1_night_aug_1ep_test,val_night,ultralytics,mAP50-95_motor,0.019449279932957746,2026-08-16T18:06:41.674227+07:00
set1_night_aug_1ep_test,val_night,ultralytics,mAP50_bike,0.11152502883519429,2026-08-16T18:06:41.674227+07:00
set1_night_aug_1ep_test,val_night,ultralytics,mAP50-95_bike,0.03837417500878087,2026-08-16T18:06:41.674227+07:00
set1_night_aug_1ep_test,val_dawndusk,ultralytics,mAP50,0.29859804250010213,2026-08-16T18:06:41.674227+07:00
set1_night_aug_1ep_test,val_dawndusk,ultralytics,mAP50-95,0.17905825548313548,2026-08-16T18:06:41.674227+07:00
set1_night_aug_1ep_test,val_dawndusk,ultralytics,mAP50_car,0.6778656118585755,2026-08-16T18:06:41.674227+07:00
set1_night_aug_1ep_test,val_dawndusk,ultralytics,mAP50-95_car,0.4090397248020623,2026-08-16T18:06:41.674227+07:00
set1_night_aug_1ep_test,val_dawndusk,ultralytics,mAP50_truck,0.30188213622757987,2026-08-16T18:06:41.674227+07:00
set1_night_aug_1ep_test,val_dawndusk,ultralytics,mAP50-95_truck,0.1977389334655389,2026-08-16T18:06:41.674227+07:00
set1_night_aug_1ep_test,val_dawndusk,ultralytics,mAP50_bus,0.26030617074088996,2026-08-16T18:06:41.674227+07:00
set1_night_aug_1ep_test,val_dawndusk,ultralytics,mAP50-95_bus,0.1893399994639595,2026-08-16T18:06:41.674227+07:00
set1_night_aug_1ep_test,val_dawndusk,ultralytics,mAP50_motor,0.08098228770287202,2026-08-16T18:06:41.674227+07:00
set1_night_aug_1ep_test,val_dawndusk,ultralytics,mAP50-95_motor,0.04000926950609535,2026-08-16T18:06:41.674227+07:00
set1_night_aug_1ep_test,val_dawndusk,ultralytics,mAP50_bike,0.1719540059705934,2026-08-16T18:06:41.674227+07:00
set1_night_aug_1ep_test,val_dawndusk,ultralytics,mAP50-95_bike,0.05916335017802149,2026-08-16T18:06:41.674227+07:00
set1_night_aug,val,ultralytics,mAP50,0.6168525926720191,2026-08-17T06:02:43.149658+07:00
set1_night_aug,val,ultralytics,mAP50-95,0.38712204860095545,2026-08-17T06:02:43.149658+07:00
set1_night_aug,val,ultralytics,mAP50_car,0.7994316043357315,2026-08-17T06:02:43.149658+07:00
set1_night_aug,val,ultralytics,mAP50-95_car,0.4889988640701858,2026-08-17T06:02:43.149658+07:00
set1_night_aug,val,ultralytics,mAP50_truck,0.6383136990977132,2026-08-17T06:02:43.149658+07:00
set1_night_aug,val,ultralytics,mAP50-95_truck,0.4638566626237067,2026-08-17T06:02:43.149658+07:00
set1_night_aug,val,ultralytics,mAP50_bus,0.6192393725406993,2026-08-17T06:02:43.149658+07:00
set1_night_aug,val,ultralytics,mAP50-95_bus,0.47232244865524653,2026-08-17T06:02:43.149658+07:00
set1_night_aug,val,ultralytics,mAP50_motor,0.4777788533656264,2026-08-17T06:02:43.149658+07:00
set1_night_aug,val,ultralytics,mAP50-95_motor,0.23753290754276996,2026-08-17T06:02:43.149658+07:00
set1_night_aug,val,ultralytics,mAP50_bike,0.5494994340203249,2026-08-17T06:02:43.149658+07:00
set1_night_aug,val,ultralytics,mAP50-95_bike,0.2728993601128687,2026-08-17T06:02:43.149658+07:00
set1_night_aug,val_day,ultralytics,mAP50,0.5702934997512518,2026-08-17T06:02:43.149658+07:00
set1_night_aug,val_day,ultralytics,mAP50-95,0.3655833267258713,2026-08-17T06:02:43.149658+07:00
set1_night_aug,val_day,ultralytics,mAP50_car,0.8051554078219201,2026-08-17T06:02:43.149658+07:00
set1_night_aug,val_day,ultralytics,mAP50-95_car,0.5117632050880873,2026-08-17T06:02:43.149658+07:00
set1_night_aug,val_day,ultralytics,mAP50_truck,0.6280104086135064,2026-08-17T06:02:43.149658+07:00
set1_night_aug,val_day,ultralytics,mAP50-95_truck,0.45983431033928046,2026-08-17T06:02:43.149658+07:00
set1_night_aug,val_day,ultralytics,mAP50_bus,0.6076061981997616,2026-08-17T06:02:43.149658+07:00
set1_night_aug,val_day,ultralytics,mAP50-95_bus,0.4565731490210802,2026-08-17T06:02:43.149658+07:00
set1_night_aug,val_day,ultralytics,mAP50_motor,0.4136205807263094,2026-08-17T06:02:43.149658+07:00
set1_night_aug,val_day,ultralytics,mAP50-95_motor,0.2035002850977668,2026-08-17T06:02:43.149658+07:00
set1_night_aug,val_day,ultralytics,mAP50_bike,0.39707490339476126,2026-08-17T06:02:43.149658+07:00
set1_night_aug,val_day,ultralytics,mAP50-95_bike,0.19624568408314175,2026-08-17T06:02:43.149658+07:00
set1_night_aug,val_night,ultralytics,mAP50,0.5757243974868449,2026-08-17T06:02:43.149658+07:00
set1_night_aug,val_night,ultralytics,mAP50-95,0.35631846140552953,2026-08-17T06:02:43.149658+07:00
set1_night_aug,val_night,ultralytics,mAP50_car,0.768540287308475,2026-08-17T06:02:43.149658+07:00
set1_night_aug,val_night,ultralytics,mAP50-95_car,0.4397865159026869,2026-08-17T06:02:43.149658+07:00
set1_night_aug,val_night,ultralytics,mAP50_truck,0.6157790753592082,2026-08-17T06:02:43.149658+07:00
set1_night_aug,val_night,ultralytics,mAP50-95_truck,0.448955692799884,2026-08-17T06:02:43.149658+07:00
set1_night_aug,val_night,ultralytics,mAP50_bus,0.5836455844003839,2026-08-17T06:02:43.149658+07:00
set1_night_aug,val_night,ultralytics,mAP50-95_bus,0.45377931148051365,2026-08-17T06:02:43.149658+07:00
set1_night_aug,val_night,ultralytics,mAP50_motor,0.4169054633858057,2026-08-17T06:02:43.149658+07:00
set1_night_aug,val_night,ultralytics,mAP50-95_motor,0.18804058108591834,2026-08-17T06:02:43.149658+07:00
set1_night_aug,val_night,ultralytics,mAP50_bike,0.493751576980352,2026-08-17T06:02:43.149658+07:00
set1_night_aug,val_night,ultralytics,mAP50-95_bike,0.2510302057586446,2026-08-17T06:02:43.149658+07:00
set1_night_aug,val_dawndusk,ultralytics,mAP50,0.5870626407171441,2026-08-17T06:02:43.149658+07:00
set1_night_aug,val_dawndusk,ultralytics,mAP50-95,0.3850966070676673,2026-08-17T06:02:43.149658+07:00
set1_night_aug,val_dawndusk,ultralytics,mAP50_car,0.7967375435597949,2026-08-17T06:02:43.149658+07:00
set1_night_aug,val_dawndusk,ultralytics,mAP50-95_car,0.5036871387366137,2026-08-17T06:02:43.149658+07:00
set1_night_aug,val_dawndusk,ultralytics,mAP50_truck,0.666356973738254,2026-08-17T06:02:43.149658+07:00
set1_night_aug,val_dawndusk,ultralytics,mAP50-95_truck,0.49550224130625703,2026-08-17T06:02:43.149658+07:00
set1_night_aug,val_dawndusk,ultralytics,mAP50_bus,0.6944839004141257,2026-08-17T06:02:43.149658+07:00
set1_night_aug,val_dawndusk,ultralytics,mAP50-95_bus,0.553226848239898,2026-08-17T06:02:43.149658+07:00
set1_night_aug,val_dawndusk,ultralytics,mAP50_motor,0.28704324137233167,2026-08-17T06:02:43.149658+07:00
set1_night_aug,val_dawndusk,ultralytics,mAP50-95_motor,0.12264286747227207,2026-08-17T06:02:43.149658+07:00
set1_night_aug,val_dawndusk,ultralytics,mAP50_bike,0.49069154450121494,2026-08-17T06:02:43.149658+07:00
set1_night_aug,val_dawndusk,ultralytics,mAP50-95_bike,0.2504239395832958,2026-08-17T06:02:43.149658+07:00
set1_night_aug,val_day,ultralytics,mAP50,0.5702124185198038,2026-08-17T16:01:57.206545+07:00
set1_night_aug,val_day,ultralytics,mAP50-95,0.36557857892734474,2026-08-17T16:01:57.206545+07:00
set1_night_aug,val_day,ultralytics,mAP50_car,0.8051131404924865,2026-08-17T16:01:57.206545+07:00
set1_night_aug,val_day,ultralytics,mAP50-95_car,0.5117466734544206,2026-08-17T16:01:57.206545+07:00
set1_night_aug,val_day,ultralytics,mAP50_truck,0.6279971673666702,2026-08-17T16:01:57.206545+07:00
set1_night_aug,val_day,ultralytics,mAP50-95_truck,0.4598430446235039,2026-08-17T16:01:57.206545+07:00
set1_night_aug,val_day,ultralytics,mAP50_bus,0.6076298094323311,2026-08-17T16:01:57.206545+07:00
set1_night_aug,val_day,ultralytics,mAP50-95_bus,0.456749738303713,2026-08-17T16:01:57.206545+07:00
set1_night_aug,val_day,ultralytics,mAP50_motor,0.41327235577991156,2026-08-17T16:01:57.206545+07:00
set1_night_aug,val_day,ultralytics,mAP50-95_motor,0.2033444095616081,2026-08-17T16:01:57.206545+07:00
set1_night_aug,val_day,ultralytics,mAP50_bike,0.3970496195276192,2026-08-17T16:01:57.206545+07:00
set1_night_aug,val_day,ultralytics,mAP50-95_bike,0.19620902869347806,2026-08-17T16:01:57.206545+07:00
set1_night_aug,val_night,ultralytics,mAP50,0.5749487626249928,2026-08-17T16:01:57.206545+07:00
set1_night_aug,val_night,ultralytics,mAP50-95,0.35629384825451493,2026-08-17T16:01:57.206545+07:00
set1_night_aug,val_night,ultralytics,mAP50_car,0.7686801473409888,2026-08-17T16:01:57.206545+07:00
set1_night_aug,val_night,ultralytics,mAP50-95_car,0.4398132034146327,2026-08-17T16:01:57.206545+07:00
set1_night_aug,val_night,ultralytics,mAP50_truck,0.6157502584833824,2026-08-17T16:01:57.206545+07:00
set1_night_aug,val_night,ultralytics,mAP50-95_truck,0.44900540857484533,2026-08-17T16:01:57.206545+07:00
set1_night_aug,val_night,ultralytics,mAP50_bus,0.5836987233597186,2026-08-17T16:01:57.206545+07:00
set1_night_aug,val_night,ultralytics,mAP50-95_bus,0.4538084388659521,2026-08-17T16:01:57.206545+07:00
set1_night_aug,val_night,ultralytics,mAP50_motor,0.41711257248790956,2026-08-17T16:01:57.206545+07:00
set1_night_aug,val_night,ultralytics,mAP50-95_motor,0.1882869318421512,2026-08-17T16:01:57.206545+07:00
set1_night_aug,val_night,ultralytics,mAP50_bike,0.48950211145296507,2026-08-17T16:01:57.206545+07:00
set1_night_aug,val_night,ultralytics,mAP50-95_bike,0.2505552585749934,2026-08-17T16:01:57.206545+07:00
set1_night_aug,val_dawndusk,ultralytics,mAP50,0.5870537149973529,2026-08-17T16:01:57.206545+07:00
set1_night_aug,val_dawndusk,ultralytics,mAP50-95,0.38506534348574994,2026-08-17T16:01:57.206545+07:00
set1_night_aug,val_dawndusk,ultralytics,mAP50_car,0.7967430467784407,2026-08-17T16:01:57.206545+07:00
set1_night_aug,val_dawndusk,ultralytics,mAP50-95_car,0.5037057076205904,2026-08-17T16:01:57.206545+07:00
set1_night_aug,val_dawndusk,ultralytics,mAP50_truck,0.6663355979755337,2026-08-17T16:01:57.206545+07:00
set1_night_aug,val_dawndusk,ultralytics,mAP50-95_truck,0.4953461545598354,2026-08-17T16:01:57.206545+07:00
set1_night_aug,val_dawndusk,ultralytics,mAP50_bus,0.6944561917883567,2026-08-17T16:01:57.206545+07:00
set1_night_aug,val_dawndusk,ultralytics,mAP50-95_bus,0.5532136407126016,2026-08-17T16:01:57.206545+07:00
set1_night_aug,val_dawndusk,ultralytics,mAP50_motor,0.28704324137233167,2026-08-17T16:01:57.206545+07:00
set1_night_aug,val_dawndusk,ultralytics,mAP50-95_motor,0.12264286747227207,2026-08-17T16:01:57.206545+07:00
set1_night_aug,val_dawndusk,ultralytics,mAP50_bike,0.4906904970721018,2026-08-17T16:01:57.206545+07:00
set1_night_aug,val_dawndusk,ultralytics,mAP50-95_bike,0.25041834706345045,2026-08-17T16:01:57.206545+07:00
set1_night_aug,val_day,pycocotools,mAP50,0.53571,2026-08-17T20:35:32.536079+07:00
set1_night_aug,val_day,pycocotools,mAP50-95,0.34311,2026-08-17T20:35:32.536079+07:00
set1_night_aug,val_day,pycocotools,mAP75,0.35241,2026-08-17T20:35:32.536079+07:00
set1_night_aug,val_day,pycocotools,mAP50_car,0.80101,2026-08-17T20:35:32.536079+07:00
set1_night_aug,val_day,pycocotools,mAP50-95_car,0.5025,2026-08-17T20:35:32.536079+07:00
set1_night_aug,val_day,pycocotools,mAP75_car,0.50886,2026-08-17T20:35:32.536079+07:00
set1_night_aug,val_day,pycocotools,mAP50_truck,0.5766,2026-08-17T20:35:32.536079+07:00
set1_night_aug,val_day,pycocotools,mAP50-95_truck,0.42183,2026-08-17T20:35:32.536079+07:00
set1_night_aug,val_day,pycocotools,mAP75_truck,0.45921,2026-08-17T20:35:32.536079+07:00
set1_night_aug,val_day,pycocotools,mAP50_bus,0.52755,2026-08-17T20:35:32.536079+07:00
set1_night_aug,val_day,pycocotools,mAP50-95_bus,0.40561,2026-08-17T20:35:32.536079+07:00
set1_night_aug,val_day,pycocotools,mAP75_bus,0.44764,2026-08-17T20:35:32.536079+07:00
set1_night_aug,val_day,pycocotools,mAP50_motor,0.37778,2026-08-17T20:35:32.536079+07:00
set1_night_aug,val_day,pycocotools,mAP50-95_motor,0.19064,2026-08-17T20:35:32.536079+07:00
set1_night_aug,val_day,pycocotools,mAP75_motor,0.16657,2026-08-17T20:35:32.536079+07:00
set1_night_aug,val_day,pycocotools,mAP50_bike,0.39562,2026-08-17T20:35:32.536079+07:00
set1_night_aug,val_day,pycocotools,mAP50-95_bike,0.19494,2026-08-17T20:35:32.536079+07:00
set1_night_aug,val_day,pycocotools,mAP75_bike,0.17977,2026-08-17T20:35:32.536079+07:00
set1_night_aug,val_night,pycocotools,mAP50,0.54259,2026-08-17T20:35:32.536079+07:00
set1_night_aug,val_night,pycocotools,mAP50-95,0.33508,2026-08-17T20:35:32.536079+07:00
set1_night_aug,val_night,pycocotools,mAP75,0.33839,2026-08-17T20:35:32.536079+07:00
set1_night_aug,val_night,pycocotools,mAP50_car,0.76758,2026-08-17T20:35:32.536079+07:00
set1_night_aug,val_night,pycocotools,mAP50-95_car,0.43328,2026-08-17T20:35:32.536079+07:00
set1_night_aug,val_night,pycocotools,mAP75_car,0.41106,2026-08-17T20:35:32.536079+07:00
set1_night_aug,val_night,pycocotools,mAP50_truck,0.54843,2026-08-17T20:35:32.536079+07:00
set1_night_aug,val_night,pycocotools,mAP50-95_truck,0.40141,2026-08-17T20:35:32.536079+07:00
set1_night_aug,val_night,pycocotools,mAP75_truck,0.45108,2026-08-17T20:35:32.536079+07:00
set1_night_aug,val_night,pycocotools,mAP50_bus,0.51744,2026-08-17T20:35:32.536079+07:00
set1_night_aug,val_night,pycocotools,mAP50-95_bus,0.40418,2026-08-17T20:35:32.536079+07:00
set1_night_aug,val_night,pycocotools,mAP75_bus,0.4599,2026-08-17T20:35:32.536079+07:00
set1_night_aug,val_night,pycocotools,mAP50_motor,0.38715,2026-08-17T20:35:32.536079+07:00
set1_night_aug,val_night,pycocotools,mAP50-95_motor,0.17956,2026-08-17T20:35:32.536079+07:00
set1_night_aug,val_night,pycocotools,mAP75_motor,0.13437,2026-08-17T20:35:32.536079+07:00
set1_night_aug,val_night,pycocotools,mAP50_bike,0.49232,2026-08-17T20:35:32.536079+07:00
set1_night_aug,val_night,pycocotools,mAP50-95_bike,0.25695,2026-08-17T20:35:32.536079+07:00
set1_night_aug,val_night,pycocotools,mAP75_bike,0.23554,2026-08-17T20:35:32.536079+07:00
set1_night_aug,val_dawndusk,pycocotools,mAP50,0.56961,2026-08-17T20:35:32.536079+07:00
set1_night_aug,val_dawndusk,pycocotools,mAP50-95,0.36801,2026-08-17T20:35:32.536079+07:00
set1_night_aug,val_dawndusk,pycocotools,mAP75,0.3816,2026-08-17T20:35:32.536079+07:00
set1_night_aug,val_dawndusk,pycocotools,mAP50_car,0.79522,2026-08-17T20:35:32.536079+07:00
set1_night_aug,val_dawndusk,pycocotools,mAP50-95_car,0.49457,2026-08-17T20:35:32.536079+07:00
set1_night_aug,val_dawndusk,pycocotools,mAP75_car,0.50258,2026-08-17T20:35:32.536079+07:00
set1_night_aug,val_dawndusk,pycocotools,mAP50_truck,0.60814,2026-08-17T20:35:32.536079+07:00
set1_night_aug,val_dawndusk,pycocotools,mAP50-95_truck,0.45258,2026-08-17T20:35:32.536079+07:00
set1_night_aug,val_dawndusk,pycocotools,mAP75_truck,0.50192,2026-08-17T20:35:32.536079+07:00
set1_night_aug,val_dawndusk,pycocotools,mAP50_bus,0.63143,2026-08-17T20:35:32.536079+07:00
set1_night_aug,val_dawndusk,pycocotools,mAP50-95_bus,0.50209,2026-08-17T20:35:32.536079+07:00
set1_night_aug,val_dawndusk,pycocotools,mAP75_bus,0.56167,2026-08-17T20:35:32.536079+07:00
set1_night_aug,val_dawndusk,pycocotools,mAP50_motor,0.29349,2026-08-17T20:35:32.536079+07:00
set1_night_aug,val_dawndusk,pycocotools,mAP50-95_motor,0.12671,2026-08-17T20:35:32.536079+07:00
set1_night_aug,val_dawndusk,pycocotools,mAP75_motor,0.11262,2026-08-17T20:35:32.536079+07:00
set1_night_aug,val_dawndusk,pycocotools,mAP50_bike,0.51974,2026-08-17T20:35:32.536079+07:00
set1_night_aug,val_dawndusk,pycocotools,mAP50-95_bike,0.26408,2026-08-17T20:35:32.536079+07:00
set1_night_aug,val_dawndusk,pycocotools,mAP75_bike,0.22918,2026-08-17T20:35:32.536079+07:00
set1_night_aug,val_day,pycocotools,mAP50,0.53571,2026-08-17T20:50:43.613339+07:00
set1_night_aug,val_day,pycocotools,mAP50-95,0.34311,2026-08-17T20:50:43.613339+07:00
set1_night_aug,val_day,pycocotools,mAP75,0.35241,2026-08-17T20:50:43.613339+07:00
set1_night_aug,val_day,pycocotools,mAP50_car,0.80101,2026-08-17T20:50:43.613339+07:00
set1_night_aug,val_day,pycocotools,mAP50-95_car,0.5025,2026-08-17T20:50:43.613339+07:00
set1_night_aug,val_day,pycocotools,mAP75_car,0.50886,2026-08-17T20:50:43.613339+07:00
set1_night_aug,val_day,pycocotools,mAP50_truck,0.5766,2026-08-17T20:50:43.613339+07:00
set1_night_aug,val_day,pycocotools,mAP50-95_truck,0.42183,2026-08-17T20:50:43.613339+07:00
set1_night_aug,val_day,pycocotools,mAP75_truck,0.45921,2026-08-17T20:50:43.613339+07:00
set1_night_aug,val_day,pycocotools,mAP50_bus,0.52755,2026-08-17T20:50:43.613339+07:00
set1_night_aug,val_day,pycocotools,mAP50-95_bus,0.40561,2026-08-17T20:50:43.613339+07:00
set1_night_aug,val_day,pycocotools,mAP75_bus,0.44764,2026-08-17T20:50:43.613339+07:00
set1_night_aug,val_day,pycocotools,mAP50_motor,0.37778,2026-08-17T20:50:43.613339+07:00
set1_night_aug,val_day,pycocotools,mAP50-95_motor,0.19064,2026-08-17T20:50:43.613339+07:00
set1_night_aug,val_day,pycocotools,mAP75_motor,0.16657,2026-08-17T20:50:43.613339+07:00
set1_night_aug,val_day,pycocotools,mAP50_bike,0.39562,2026-08-17T20:50:43.613339+07:00
set1_night_aug,val_day,pycocotools,mAP50-95_bike,0.19494,2026-08-17T20:50:43.613339+07:00
set1_night_aug,val_day,pycocotools,mAP75_bike,0.17977,2026-08-17T20:50:43.613339+07:00
set1_night_aug,val_night,pycocotools,mAP50,0.54259,2026-08-17T20:50:43.613339+07:00
set1_night_aug,val_night,pycocotools,mAP50-95,0.33508,2026-08-17T20:50:43.613339+07:00
set1_night_aug,val_night,pycocotools,mAP75,0.33839,2026-08-17T20:50:43.613339+07:00
set1_night_aug,val_night,pycocotools,mAP50_car,0.76758,2026-08-17T20:50:43.613339+07:00
set1_night_aug,val_night,pycocotools,mAP50-95_car,0.43328,2026-08-17T20:50:43.613339+07:00
set1_night_aug,val_night,pycocotools,mAP75_car,0.41106,2026-08-17T20:50:43.613339+07:00
set1_night_aug,val_night,pycocotools,mAP50_truck,0.54843,2026-08-17T20:50:43.613339+07:00
set1_night_aug,val_night,pycocotools,mAP50-95_truck,0.40141,2026-08-17T20:50:43.613339+07:00
set1_night_aug,val_night,pycocotools,mAP75_truck,0.45108,2026-08-17T20:50:43.613339+07:00
set1_night_aug,val_night,pycocotools,mAP50_bus,0.51744,2026-08-17T20:50:43.613339+07:00
set1_night_aug,val_night,pycocotools,mAP50-95_bus,0.40418,2026-08-17T20:50:43.613339+07:00
set1_night_aug,val_night,pycocotools,mAP75_bus,0.4599,2026-08-17T20:50:43.613339+07:00
set1_night_aug,val_night,pycocotools,mAP50_motor,0.38715,2026-08-17T20:50:43.613339+07:00
set1_night_aug,val_night,pycocotools,mAP50-95_motor,0.17956,2026-08-17T20:50:43.613339+07:00
set1_night_aug,val_night,pycocotools,mAP75_motor,0.13437,2026-08-17T20:50:43.613339+07:00
set1_night_aug,val_night,pycocotools,mAP50_bike,0.49232,2026-08-17T20:50:43.613339+07:00
set1_night_aug,val_night,pycocotools,mAP50-95_bike,0.25695,2026-08-17T20:50:43.613339+07:00
set1_night_aug,val_night,pycocotools,mAP75_bike,0.23554,2026-08-17T20:50:43.613339+07:00
set1_night_aug,val_dawndusk,pycocotools,mAP50,0.56961,2026-08-17T20:50:43.613339+07:00
set1_night_aug,val_dawndusk,pycocotools,mAP50-95,0.36801,2026-08-17T20:50:43.613339+07:00
set1_night_aug,val_dawndusk,pycocotools,mAP75,0.3816,2026-08-17T20:50:43.613339+07:00
set1_night_aug,val_dawndusk,pycocotools,mAP50_car,0.79522,2026-08-17T20:50:43.613339+07:00
set1_night_aug,val_dawndusk,pycocotools,mAP50-95_car,0.49457,2026-08-17T20:50:43.613339+07:00
set1_night_aug,val_dawndusk,pycocotools,mAP75_car,0.50258,2026-08-17T20:50:43.613339+07:00
set1_night_aug,val_dawndusk,pycocotools,mAP50_truck,0.60814,2026-08-17T20:50:43.613339+07:00
set1_night_aug,val_dawndusk,pycocotools,mAP50-95_truck,0.45258,2026-08-17T20:50:43.613339+07:00
set1_night_aug,val_dawndusk,pycocotools,mAP75_truck,0.50192,2026-08-17T20:50:43.613339+07:00
set1_night_aug,val_dawndusk,pycocotools,mAP50_bus,0.63143,2026-08-17T20:50:43.613339+07:00
set1_night_aug,val_dawndusk,pycocotools,mAP50-95_bus,0.50209,2026-08-17T20:50:43.613339+07:00
set1_night_aug,val_dawndusk,pycocotools,mAP75_bus,0.56167,2026-08-17T20:50:43.613339+07:00
set1_night_aug,val_dawndusk,pycocotools,mAP50_motor,0.29349,2026-08-17T20:50:43.613339+07:00
set1_night_aug,val_dawndusk,pycocotools,mAP50-95_motor,0.12671,2026-08-17T20:50:43.613339+07:00
set1_night_aug,val_dawndusk,pycocotools,mAP75_motor,0.11262,2026-08-17T20:50:43.613339+07:00
set1_night_aug,val_dawndusk,pycocotools,mAP50_bike,0.51974,2026-08-17T20:50:43.613339+07:00
set1_night_aug,val_dawndusk,pycocotools,mAP50-95_bike,0.26408,2026-08-17T20:50:43.613339+07:00
set1_night_aug,val_dawndusk,pycocotools,mAP75_bike,0.22918,2026-08-17T20:50:43.613339+07:00
set3_combined,val,ultralytics,mAP50,0.6290166871762756,2026-08-22T08:52:27.117669+07:00
set3_combined,val,ultralytics,mAP50-95,0.3879248275104588,2026-08-22T08:52:27.117669+07:00
set3_combined,val,ultralytics,mAP50_car,0.8017065209877553,2026-08-22T08:52:27.117669+07:00
set3_combined,val,ultralytics,mAP50-95_car,0.48905619802217926,2026-08-22T08:52:27.117669+07:00
set3_combined,val,ultralytics,mAP50_truck,0.6485402316219071,2026-08-22T08:52:27.117669+07:00
set3_combined,val,ultralytics,mAP50-95_truck,0.4726323437561858,2026-08-22T08:52:27.117669+07:00
set3_combined,val,ultralytics,mAP50_bus,0.644812820759741,2026-08-22T08:52:27.117669+07:00
set3_combined,val,ultralytics,mAP50-95_bus,0.48963675526681205,2026-08-22T08:52:27.117669+07:00
set3_combined,val,ultralytics,mAP50_motor,0.4949389470130463,2026-08-22T08:52:27.117669+07:00
set3_combined,val,ultralytics,mAP50-95_motor,0.22203617585212357,2026-08-22T08:52:27.117669+07:00
set3_combined,val,ultralytics,mAP50_bike,0.5550849154989284,2026-08-22T08:52:27.117669+07:00
set3_combined,val,ultralytics,mAP50-95_bike,0.2662626646549935,2026-08-22T08:52:27.117669+07:00
set3_combined,val_day,ultralytics,mAP50,0.5751452812440827,2026-08-22T08:52:27.117669+07:00
set3_combined,val_day,ultralytics,mAP50-95,0.3684171931407333,2026-08-22T08:52:27.117669+07:00
set3_combined,val_day,ultralytics,mAP50_car,0.8069196621888828,2026-08-22T08:52:27.117669+07:00
set3_combined,val_day,ultralytics,mAP50-95_car,0.5117803038502275,2026-08-22T08:52:27.117669+07:00
set3_combined,val_day,ultralytics,mAP50_truck,0.6328729972155741,2026-08-22T08:52:27.117669+07:00
set3_combined,val_day,ultralytics,mAP50-95_truck,0.46410374659183357,2026-08-22T08:52:27.117669+07:00
set3_combined,val_day,ultralytics,mAP50_bus,0.6065915696148365,2026-08-22T08:52:27.117669+07:00
set3_combined,val_day,ultralytics,mAP50-95_bus,0.4569191494013737,2026-08-22T08:52:27.117669+07:00
set3_combined,val_day,ultralytics,mAP50_motor,0.4093906309104882,2026-08-22T08:52:27.117669+07:00
set3_combined,val_day,ultralytics,mAP50-95_motor,0.20805242710524693,2026-08-22T08:52:27.117669+07:00
set3_combined,val_day,ultralytics,mAP50_bike,0.4199515462906319,2026-08-22T08:52:27.117669+07:00
set3_combined,val_day,ultralytics,mAP50-95_bike,0.2012303387549844,2026-08-22T08:52:27.117669+07:00
set3_combined,val_night,ultralytics,mAP50,0.590378553540902,2026-08-22T08:52:27.117669+07:00
set3_combined,val_night,ultralytics,mAP50-95,0.3634675574651118,2026-08-22T08:52:27.117669+07:00
set3_combined,val_night,ultralytics,mAP50_car,0.7693044604374193,2026-08-22T08:52:27.117669+07:00
set3_combined,val_night,ultralytics,mAP50-95_car,0.4398332772041106,2026-08-22T08:52:27.117669+07:00
set3_combined,val_night,ultralytics,mAP50_truck,0.6273363705157824,2026-08-22T08:52:27.117669+07:00
set3_combined,val_night,ultralytics,mAP50-95_truck,0.45940514808355326,2026-08-22T08:52:27.117669+07:00
set3_combined,val_night,ultralytics,mAP50_bus,0.5986765551578269,2026-08-22T08:52:27.117669+07:00
set3_combined,val_night,ultralytics,mAP50-95_bus,0.4592141455315007,2026-08-22T08:52:27.117669+07:00
set3_combined,val_night,ultralytics,mAP50_motor,0.43936142379907545,2026-08-22T08:52:27.117669+07:00
set3_combined,val_night,ultralytics,mAP50-95_motor,0.19876362923098362,2026-08-22T08:52:27.117669+07:00
set3_combined,val_night,ultralytics,mAP50_bike,0.5172139577944062,2026-08-22T08:52:27.117669+07:00
set3_combined,val_night,ultralytics,mAP50-95_bike,0.26012158727541046,2026-08-22T08:52:27.117669+07:00
set3_combined,val_dawndusk,ultralytics,mAP50,0.5936725988054097,2026-08-22T08:52:27.117669+07:00
set3_combined,val_dawndusk,ultralytics,mAP50-95,0.37920693767542446,2026-08-22T08:52:27.117669+07:00
set3_combined,val_dawndusk,ultralytics,mAP50_car,0.798261522960853,2026-08-22T08:52:27.117669+07:00
set3_combined,val_dawndusk,ultralytics,mAP50-95_car,0.5034818400395269,2026-08-22T08:52:27.117669+07:00
set3_combined,val_dawndusk,ultralytics,mAP50_truck,0.6833686099182212,2026-08-22T08:52:27.117669+07:00
set3_combined,val_dawndusk,ultralytics,mAP50-95_truck,0.49823575068393594,2026-08-22T08:52:27.117669+07:00
set3_combined,val_dawndusk,ultralytics,mAP50_bus,0.6788412769241348,2026-08-22T08:52:27.117669+07:00
set3_combined,val_dawndusk,ultralytics,mAP50-95_bus,0.5410578391628323,2026-08-22T08:52:27.117669+07:00
set3_combined,val_dawndusk,ultralytics,mAP50_motor,0.26652242197895604,2026-08-22T08:52:27.117669+07:00
set3_combined,val_dawndusk,ultralytics,mAP50-95_motor,0.10334464940785495,2026-08-22T08:52:27.117669+07:00
set3_combined,val_dawndusk,ultralytics,mAP50_bike,0.5413691622448833,2026-08-22T08:52:27.117669+07:00
set3_combined,val_dawndusk,ultralytics,mAP50-95_bike,0.2499146090829722,2026-08-22T08:52:27.117669+07:00
set3_combined,val_day,pycocotools,mAP50,0.54074,2026-08-22T08:52:27.117669+07:00
set3_combined,val_day,pycocotools,mAP50-95,0.34463,2026-08-22T08:52:27.117669+07:00
set3_combined,val_day,pycocotools,mAP75,0.3494,2026-08-22T08:52:27.117669+07:00
set3_combined,val_day,pycocotools,mAP50_car,0.80178,2026-08-22T08:52:27.117669+07:00
set3_combined,val_day,pycocotools,mAP50-95_car,0.50241,2026-08-22T08:52:27.117669+07:00
set3_combined,val_day,pycocotools,mAP75_car,0.50757,2026-08-22T08:52:27.117669+07:00
set3_combined,val_day,pycocotools,mAP50_truck,0.58751,2026-08-22T08:52:27.117669+07:00
set3_combined,val_day,pycocotools,mAP50-95_truck,0.42867,2026-08-22T08:52:27.117669+07:00
set3_combined,val_day,pycocotools,mAP75_truck,0.4713,2026-08-22T08:52:27.117669+07:00
set3_combined,val_day,pycocotools,mAP50_bus,0.52241,2026-08-22T08:52:27.117669+07:00
set3_combined,val_day,pycocotools,mAP50-95_bus,0.40172,2026-08-22T08:52:27.117669+07:00
set3_combined,val_day,pycocotools,mAP75_bus,0.44214,2026-08-22T08:52:27.117669+07:00
set3_combined,val_day,pycocotools,mAP50_motor,0.37355,2026-08-22T08:52:27.117669+07:00
set3_combined,val_day,pycocotools,mAP50-95_motor,0.19057,2026-08-22T08:52:27.117669+07:00
set3_combined,val_day,pycocotools,mAP75_motor,0.16174,2026-08-22T08:52:27.117669+07:00
set3_combined,val_day,pycocotools,mAP50_bike,0.41847,2026-08-22T08:52:27.117669+07:00
set3_combined,val_day,pycocotools,mAP50-95_bike,0.19976,2026-08-22T08:52:27.117669+07:00
set3_combined,val_day,pycocotools,mAP75_bike,0.16426,2026-08-22T08:52:27.117669+07:00
set3_combined,val_night,pycocotools,mAP50,0.56255,2026-08-22T08:52:27.117669+07:00
set3_combined,val_night,pycocotools,mAP50-95,0.34317,2026-08-22T08:52:27.117669+07:00
set3_combined,val_night,pycocotools,mAP75,0.34598,2026-08-22T08:52:27.117669+07:00
set3_combined,val_night,pycocotools,mAP50_car,0.76705,2026-08-22T08:52:27.117669+07:00
set3_combined,val_night,pycocotools,mAP50-95_car,0.4331,2026-08-22T08:52:27.117669+07:00
set3_combined,val_night,pycocotools,mAP75_car,0.41051,2026-08-22T08:52:27.117669+07:00
set3_combined,val_night,pycocotools,mAP50_truck,0.55295,2026-08-22T08:52:27.117669+07:00
set3_combined,val_night,pycocotools,mAP50-95_truck,0.40902,2026-08-22T08:52:27.117669+07:00
set3_combined,val_night,pycocotools,mAP75_truck,0.46724,2026-08-22T08:52:27.117669+07:00
set3_combined,val_night,pycocotools,mAP50_bus,0.54484,2026-08-22T08:52:27.117669+07:00
set3_combined,val_night,pycocotools,mAP50-95_bus,0.42128,2026-08-22T08:52:27.117669+07:00
set3_combined,val_night,pycocotools,mAP75_bus,0.48224,2026-08-22T08:52:27.117669+07:00
set3_combined,val_night,pycocotools,mAP50_motor,0.41824,2026-08-22T08:52:27.117669+07:00
set3_combined,val_night,pycocotools,mAP50-95_motor,0.18916,2026-08-22T08:52:27.117669+07:00
set3_combined,val_night,pycocotools,mAP75_motor,0.14858,2026-08-22T08:52:27.117669+07:00
set3_combined,val_night,pycocotools,mAP50_bike,0.52967,2026-08-22T08:52:27.117669+07:00
set3_combined,val_night,pycocotools,mAP50-95_bike,0.26329,2026-08-22T08:52:27.117669+07:00
set3_combined,val_night,pycocotools,mAP75_bike,0.22135,2026-08-22T08:52:27.117669+07:00
set3_combined,val_dawndusk,pycocotools,mAP50,0.5739,2026-08-22T08:52:27.117669+07:00
set3_combined,val_dawndusk,pycocotools,mAP50-95,0.36457,2026-08-22T08:52:27.117669+07:00
set3_combined,val_dawndusk,pycocotools,mAP75,0.37275,2026-08-22T08:52:27.117669+07:00
set3_combined,val_dawndusk,pycocotools,mAP50_car,0.79259,2026-08-22T08:52:27.117669+07:00
set3_combined,val_dawndusk,pycocotools,mAP50-95_car,0.49398,2026-08-22T08:52:27.117669+07:00
set3_combined,val_dawndusk,pycocotools,mAP75_car,0.50068,2026-08-22T08:52:27.117669+07:00
set3_combined,val_dawndusk,pycocotools,mAP50_truck,0.62714,2026-08-22T08:52:27.117669+07:00
set3_combined,val_dawndusk,pycocotools,mAP50-95_truck,0.45403,2026-08-22T08:52:27.117669+07:00
set3_combined,val_dawndusk,pycocotools,mAP75_truck,0.51703,2026-08-22T08:52:27.117669+07:00
set3_combined,val_dawndusk,pycocotools,mAP50_bus,0.641,2026-08-22T08:52:27.117669+07:00
set3_combined,val_dawndusk,pycocotools,mAP50-95_bus,0.50701,2026-08-22T08:52:27.117669+07:00
set3_combined,val_dawndusk,pycocotools,mAP75_bus,0.56733,2026-08-22T08:52:27.117669+07:00
set3_combined,val_dawndusk,pycocotools,mAP50_motor,0.2689,2026-08-22T08:52:27.117669+07:00
set3_combined,val_dawndusk,pycocotools,mAP50-95_motor,0.10906,2026-08-22T08:52:27.117669+07:00
set3_combined,val_dawndusk,pycocotools,mAP75_motor,0.08275,2026-08-22T08:52:27.117669+07:00
set3_combined,val_dawndusk,pycocotools,mAP50_bike,0.53986,2026-08-22T08:52:27.117669+07:00
set3_combined,val_dawndusk,pycocotools,mAP50-95_bike,0.25876,2026-08-22T08:52:27.117669+07:00
set3_combined,val_dawndusk,pycocotools,mAP75_bike,0.19593,2026-08-22T08:52:27.117669+07:00
method2_irfs_sampling,val,ultralytics,mAP50,0.6211377471895654,2026-08-24T12:06:49.498916+07:00
method2_irfs_sampling,val,ultralytics,mAP50-95,0.3881916372066783,2026-08-24T12:06:49.498916+07:00
method2_irfs_sampling,val,ultralytics,mAP50_car,0.7954777421863448,2026-08-24T12:06:49.498916+07:00
method2_irfs_sampling,val,ultralytics,mAP50-95_car,0.4859399267883859,2026-08-24T12:06:49.498916+07:00
method2_irfs_sampling,val,ultralytics,mAP50_truck,0.6349520350220362,2026-08-24T12:06:49.498916+07:00
method2_irfs_sampling,val,ultralytics,mAP50-95_truck,0.46225013785722713,2026-08-24T12:06:49.498916+07:00
method2_irfs_sampling,val,ultralytics,mAP50_bus,0.6347107900150926,2026-08-24T12:06:49.498916+07:00
method2_irfs_sampling,val,ultralytics,mAP50-95_bus,0.4781868521207343,2026-08-24T12:06:49.498916+07:00
method2_irfs_sampling,val,ultralytics,mAP50_motor,0.4722990045653206,2026-08-24T12:06:49.498916+07:00
method2_irfs_sampling,val,ultralytics,mAP50-95_motor,0.22194886986531107,2026-08-24T12:06:49.498916+07:00
method2_irfs_sampling,val,ultralytics,mAP50_bike,0.568249164159033,2026-08-24T12:06:49.498916+07:00
method2_irfs_sampling,val,ultralytics,mAP50-95_bike,0.2926323994017329,2026-08-24T12:06:49.498916+07:00
method2_irfs_sampling,val_day,ultralytics,mAP50,0.5828713740770771,2026-08-24T12:06:49.498916+07:00
method2_irfs_sampling,val_day,ultralytics,mAP50-95,0.3697932207435066,2026-08-24T12:06:49.498916+07:00
method2_irfs_sampling,val_day,ultralytics,mAP50_car,0.8033414335397235,2026-08-24T12:06:49.498916+07:00
method2_irfs_sampling,val_day,ultralytics,mAP50-95_car,0.5080980770654246,2026-08-24T12:06:49.498916+07:00
method2_irfs_sampling,val_day,ultralytics,mAP50_truck,0.6272981270284681,2026-08-24T12:06:49.498916+07:00
method2_irfs_sampling,val_day,ultralytics,mAP50-95_truck,0.4577821503142263,2026-08-24T12:06:49.498916+07:00
method2_irfs_sampling,val_day,ultralytics,mAP50_bus,0.5972019253151639,2026-08-24T12:06:49.498916+07:00
method2_irfs_sampling,val_day,ultralytics,mAP50-95_bus,0.44750970941095086,2026-08-24T12:06:49.498916+07:00
method2_irfs_sampling,val_day,ultralytics,mAP50_motor,0.43011925622517144,2026-08-24T12:06:49.498916+07:00
method2_irfs_sampling,val_day,ultralytics,mAP50-95_motor,0.21519951624105196,2026-08-24T12:06:49.498916+07:00
method2_irfs_sampling,val_day,ultralytics,mAP50_bike,0.4563961282768594,2026-08-24T12:06:49.498916+07:00
method2_irfs_sampling,val_day,ultralytics,mAP50-95_bike,0.22037665068587925,2026-08-24T12:06:49.498916+07:00
method2_irfs_sampling,val_night,ultralytics,mAP50,0.5914354177283965,2026-08-24T12:06:49.498916+07:00
method2_irfs_sampling,val_night,ultralytics,mAP50-95,0.3664949844935789,2026-08-24T12:06:49.498916+07:00
method2_irfs_sampling,val_night,ultralytics,mAP50_car,0.7644062748981453,2026-08-24T12:06:49.498916+07:00
method2_irfs_sampling,val_night,ultralytics,mAP50-95_car,0.4364345834706218,2026-08-24T12:06:49.498916+07:00
method2_irfs_sampling,val_night,ultralytics,mAP50_truck,0.6235138949706565,2026-08-24T12:06:49.498916+07:00
method2_irfs_sampling,val_night,ultralytics,mAP50-95_truck,0.4533818725968125,2026-08-24T12:06:49.498916+07:00
method2_irfs_sampling,val_night,ultralytics,mAP50_bus,0.5849725870558682,2026-08-24T12:06:49.498916+07:00
method2_irfs_sampling,val_night,ultralytics,mAP50-95_bus,0.4536547507238907,2026-08-24T12:06:49.498916+07:00
method2_irfs_sampling,val_night,ultralytics,mAP50_motor,0.46769760576800223,2026-08-24T12:06:49.498916+07:00
method2_irfs_sampling,val_night,ultralytics,mAP50-95_motor,0.21814633401607422,2026-08-24T12:06:49.498916+07:00
method2_irfs_sampling,val_night,ultralytics,mAP50_bike,0.5165867259493104,2026-08-24T12:06:49.498916+07:00
method2_irfs_sampling,val_night,ultralytics,mAP50-95_bike,0.27085738166049556,2026-08-24T12:06:49.498916+07:00
method2_irfs_sampling,val_dawndusk,ultralytics,mAP50,0.6192225660514005,2026-08-24T12:06:49.498916+07:00
method2_irfs_sampling,val_dawndusk,ultralytics,mAP50-95,0.3967692993427563,2026-08-24T12:06:49.498916+07:00
method2_irfs_sampling,val_dawndusk,ultralytics,mAP50_car,0.7935613363779257,2026-08-24T12:06:49.498916+07:00
method2_irfs_sampling,val_dawndusk,ultralytics,mAP50-95_car,0.5002823138416271,2026-08-24T12:06:49.498916+07:00
method2_irfs_sampling,val_dawndusk,ultralytics,mAP50_truck,0.6678751662710283,2026-08-24T12:06:49.498916+07:00
method2_irfs_sampling,val_dawndusk,ultralytics,mAP50-95_truck,0.4891165041525107,2026-08-24T12:06:49.498916+07:00
method2_irfs_sampling,val_dawndusk,ultralytics,mAP50_bus,0.6803138307498635,2026-08-24T12:06:49.498916+07:00
method2_irfs_sampling,val_dawndusk,ultralytics,mAP50-95_bus,0.5393270374270898,2026-08-24T12:06:49.498916+07:00
method2_irfs_sampling,val_dawndusk,ultralytics,mAP50_motor,0.3548482311465845,2026-08-24T12:06:49.498916+07:00
method2_irfs_sampling,val_dawndusk,ultralytics,mAP50-95_motor,0.16372436065120083,2026-08-24T12:06:49.498916+07:00
method2_irfs_sampling,val_dawndusk,ultralytics,mAP50_bike,0.5995142657116006,2026-08-24T12:06:49.498916+07:00
method2_irfs_sampling,val_dawndusk,ultralytics,mAP50-95_bike,0.2913962806413527,2026-08-24T12:06:49.498916+07:00
method2_irfs_sampling,val_day,pycocotools,mAP50,0.55029,2026-08-24T12:06:49.498916+07:00
method2_irfs_sampling,val_day,pycocotools,mAP50-95,0.34788,2026-08-24T12:06:49.498916+07:00
method2_irfs_sampling,val_day,pycocotools,mAP75,0.35452,2026-08-24T12:06:49.498916+07:00
method2_irfs_sampling,val_day,pycocotools,mAP50_car,0.79856,2026-08-24T12:06:49.498916+07:00
method2_irfs_sampling,val_day,pycocotools,mAP50-95_car,0.49823,2026-08-24T12:06:49.498916+07:00
method2_irfs_sampling,val_day,pycocotools,mAP75_car,0.50238,2026-08-24T12:06:49.498916+07:00
method2_irfs_sampling,val_day,pycocotools,mAP50_truck,0.57845,2026-08-24T12:06:49.498916+07:00
method2_irfs_sampling,val_day,pycocotools,mAP50-95_truck,0.42117,2026-08-24T12:06:49.498916+07:00
method2_irfs_sampling,val_day,pycocotools,mAP75_truck,0.4594,2026-08-24T12:06:49.498916+07:00
method2_irfs_sampling,val_day,pycocotools,mAP50_bus,0.51951,2026-08-24T12:06:49.498916+07:00
method2_irfs_sampling,val_day,pycocotools,mAP50-95_bus,0.39422,2026-08-24T12:06:49.498916+07:00
method2_irfs_sampling,val_day,pycocotools,mAP75_bus,0.43615,2026-08-24T12:06:49.498916+07:00
method2_irfs_sampling,val_day,pycocotools,mAP50_motor,0.40016,2026-08-24T12:06:49.498916+07:00
method2_irfs_sampling,val_day,pycocotools,mAP50-95_motor,0.20631,2026-08-24T12:06:49.498916+07:00
method2_irfs_sampling,val_day,pycocotools,mAP75_motor,0.18453,2026-08-24T12:06:49.498916+07:00
method2_irfs_sampling,val_day,pycocotools,mAP50_bike,0.45478,2026-08-24T12:06:49.498916+07:00
method2_irfs_sampling,val_day,pycocotools,mAP50-95_bike,0.21947,2026-08-24T12:06:49.498916+07:00
method2_irfs_sampling,val_day,pycocotools,mAP75_bike,0.19015,2026-08-24T12:06:49.498916+07:00
method2_irfs_sampling,val_night,pycocotools,mAP50,0.55864,2026-08-24T12:06:49.498916+07:00
method2_irfs_sampling,val_night,pycocotools,mAP50-95,0.34202,2026-08-24T12:06:49.498916+07:00
method2_irfs_sampling,val_night,pycocotools,mAP75,0.3501,2026-08-24T12:06:49.498916+07:00
method2_irfs_sampling,val_night,pycocotools,mAP50_car,0.76413,2026-08-24T12:06:49.498916+07:00
method2_irfs_sampling,val_night,pycocotools,mAP50-95_car,0.4288,2026-08-24T12:06:49.498916+07:00
method2_irfs_sampling,val_night,pycocotools,mAP75_car,0.40596,2026-08-24T12:06:49.498916+07:00
method2_irfs_sampling,val_night,pycocotools,mAP50_truck,0.55145,2026-08-24T12:06:49.498916+07:00
method2_irfs_sampling,val_night,pycocotools,mAP50-95_truck,0.39744,2026-08-24T12:06:49.498916+07:00
method2_irfs_sampling,val_night,pycocotools,mAP75_truck,0.44053,2026-08-24T12:06:49.498916+07:00
method2_irfs_sampling,val_night,pycocotools,mAP50_bus,0.52571,2026-08-24T12:06:49.498916+07:00
method2_irfs_sampling,val_night,pycocotools,mAP50-95_bus,0.40681,2026-08-24T12:06:49.498916+07:00
method2_irfs_sampling,val_night,pycocotools,mAP75_bus,0.4642,2026-08-24T12:06:49.498916+07:00
method2_irfs_sampling,val_night,pycocotools,mAP50_motor,0.43034,2026-08-24T12:06:49.498916+07:00
method2_irfs_sampling,val_night,pycocotools,mAP50-95_motor,0.20461,2026-08-24T12:06:49.498916+07:00
method2_irfs_sampling,val_night,pycocotools,mAP75_motor,0.17079,2026-08-24T12:06:49.498916+07:00
method2_irfs_sampling,val_night,pycocotools,mAP50_bike,0.52155,2026-08-24T12:06:49.498916+07:00
method2_irfs_sampling,val_night,pycocotools,mAP50-95_bike,0.27246,2026-08-24T12:06:49.498916+07:00
method2_irfs_sampling,val_night,pycocotools,mAP75_bike,0.26902,2026-08-24T12:06:49.498916+07:00
method2_irfs_sampling,val_dawndusk,pycocotools,mAP50,0.57949,2026-08-24T12:06:49.498916+07:00
method2_irfs_sampling,val_dawndusk,pycocotools,mAP50-95,0.37112,2026-08-24T12:06:49.498916+07:00
method2_irfs_sampling,val_dawndusk,pycocotools,mAP75,0.3857,2026-08-24T12:06:49.498916+07:00
method2_irfs_sampling,val_dawndusk,pycocotools,mAP50_car,0.79072,2026-08-24T12:06:49.498916+07:00
method2_irfs_sampling,val_dawndusk,pycocotools,mAP50-95_car,0.48983,2026-08-24T12:06:49.498916+07:00
method2_irfs_sampling,val_dawndusk,pycocotools,mAP75_car,0.4962,2026-08-24T12:06:49.498916+07:00
method2_irfs_sampling,val_dawndusk,pycocotools,mAP50_truck,0.61219,2026-08-24T12:06:49.498916+07:00
method2_irfs_sampling,val_dawndusk,pycocotools,mAP50-95_truck,0.44451,2026-08-24T12:06:49.498916+07:00
method2_irfs_sampling,val_dawndusk,pycocotools,mAP75_truck,0.49767,2026-08-24T12:06:49.498916+07:00
method2_irfs_sampling,val_dawndusk,pycocotools,mAP50_bus,0.63885,2026-08-24T12:06:49.498916+07:00
method2_irfs_sampling,val_dawndusk,pycocotools,mAP50-95_bus,0.49726,2026-08-24T12:06:49.498916+07:00
method2_irfs_sampling,val_dawndusk,pycocotools,mAP75_bus,0.55817,2026-08-24T12:06:49.498916+07:00
method2_irfs_sampling,val_dawndusk,pycocotools,mAP50_motor,0.30733,2026-08-24T12:06:49.498916+07:00
method2_irfs_sampling,val_dawndusk,pycocotools,mAP50-95_motor,0.151,2026-08-24T12:06:49.498916+07:00
method2_irfs_sampling,val_dawndusk,pycocotools,mAP75_motor,0.16969,2026-08-24T12:06:49.498916+07:00
method2_irfs_sampling,val_dawndusk,pycocotools,mAP50_bike,0.54835,2026-08-24T12:06:49.498916+07:00
method2_irfs_sampling,val_dawndusk,pycocotools,mAP50-95_bike,0.27299,2026-08-24T12:06:49.498916+07:00
method2_irfs_sampling,val_dawndusk,pycocotools,mAP75_bike,0.20677,2026-08-24T12:06:49.498916+07:00
condprep_v1,val,ultralytics,mAP50,0.6166191613417338,2026-09-17T10:35:41.993358+07:00
condprep_v1,val,ultralytics,mAP50-95,0.3852798038493804,2026-09-17T10:35:41.993358+07:00
condprep_v1,val,ultralytics,mAP50_car,0.7944000915224365,2026-09-17T10:35:41.993358+07:00
condprep_v1,val,ultralytics,mAP50-95_car,0.48517141452843465,2026-09-17T10:35:41.993358+07:00
condprep_v1,val,ultralytics,mAP50_truck,0.646269522708613,2026-09-17T10:35:41.993358+07:00
condprep_v1,val,ultralytics,mAP50-95_truck,0.46805454194067986,2026-09-17T10:35:41.993358+07:00
condprep_v1,val,ultralytics,mAP50_bus,0.6295908999985338,2026-09-17T10:35:41.993358+07:00
condprep_v1,val,ultralytics,mAP50-95_bus,0.4831994562711893,2026-09-17T10:35:41.993358+07:00
condprep_v1,val,ultralytics,mAP50_motor,0.4757588795795645,2026-09-17T10:35:41.993358+07:00
condprep_v1,val,ultralytics,mAP50-95_motor,0.21806217271656111,2026-09-17T10:35:41.993358+07:00
condprep_v1,val,ultralytics,mAP50_bike,0.5370764128995205,2026-09-17T10:35:41.993358+07:00
condprep_v1,val,ultralytics,mAP50-95_bike,0.27191143379003735,2026-09-17T10:35:41.993358+07:00
condprep_v1,val_day,ultralytics,mAP50,0.5710957813845023,2026-09-17T10:35:41.993358+07:00
condprep_v1,val_day,ultralytics,mAP50-95,0.3649669654786931,2026-09-17T10:35:41.993358+07:00
condprep_v1,val_day,ultralytics,mAP50_car,0.8054220525521628,2026-09-17T10:35:41.993358+07:00
condprep_v1,val_day,ultralytics,mAP50-95_car,0.5107178090512239,2026-09-17T10:35:41.993358+07:00
condprep_v1,val_day,ultralytics,mAP50_truck,0.63214077389575,2026-09-17T10:35:41.993358+07:00
condprep_v1,val_day,ultralytics,mAP50-95_truck,0.46005436071339034,2026-09-17T10:35:41.993358+07:00
condprep_v1,val_day,ultralytics,mAP50_bus,0.6099474891707019,2026-09-17T10:35:41.993358+07:00
condprep_v1,val_day,ultralytics,mAP50-95_bus,0.4629682752485437,2026-09-17T10:35:41.993358+07:00
condprep_v1,val_day,ultralytics,mAP50_motor,0.39739684807936376,2026-09-17T10:35:41.993358+07:00
condprep_v1,val_day,ultralytics,mAP50-95_motor,0.1983177533465205,2026-09-17T10:35:41.993358+07:00
condprep_v1,val_day,ultralytics,mAP50_bike,0.41057174322453305,2026-09-17T10:35:41.993358+07:00
condprep_v1,val_day,ultralytics,mAP50-95_bike,0.19277662903378717,2026-09-17T10:35:41.993358+07:00
condprep_v1,val_night,ultralytics,mAP50,0.5796638787229778,2026-09-17T10:35:41.993358+07:00
condprep_v1,val_night,ultralytics,mAP50-95,0.3491791106603472,2026-09-17T10:35:41.993358+07:00
condprep_v1,val_night,ultralytics,mAP50_car,0.7620743915621634,2026-09-17T10:35:41.993358+07:00
condprep_v1,val_night,ultralytics,mAP50-95_car,0.4366865941713659,2026-09-17T10:35:41.993358+07:00
condprep_v1,val_night,ultralytics,mAP50_truck,0.6108306980273386,2026-09-17T10:35:41.993358+07:00
condprep_v1,val_night,ultralytics,mAP50-95_truck,0.4415275752159535,2026-09-17T10:35:41.993358+07:00
condprep_v1,val_night,ultralytics,mAP50_bus,0.5759651218858668,2026-09-17T10:35:41.993358+07:00
condprep_v1,val_night,ultralytics,mAP50-95_bus,0.44030067804161793,2026-09-17T10:35:41.993358+07:00
condprep_v1,val_night,ultralytics,mAP50_motor,0.4421527334159612,2026-09-17T10:35:41.993358+07:00
condprep_v1,val_night,ultralytics,mAP50-95_motor,0.17609749607919054,2026-09-17T10:35:41.993358+07:00
condprep_v1,val_night,ultralytics,mAP50_bike,0.507296448723559,2026-09-17T10:35:41.993358+07:00
condprep_v1,val_night,ultralytics,mAP50-95_bike,0.25128320979360796,2026-09-17T10:35:41.993358+07:00
condprep_v1,val_dawndusk,ultralytics,mAP50,0.5916112782175317,2026-09-17T10:35:41.993358+07:00
condprep_v1,val_dawndusk,ultralytics,mAP50-95,0.382030359647459,2026-09-17T10:35:41.993358+07:00
condprep_v1,val_dawndusk,ultralytics,mAP50_car,0.7935586444496625,2026-09-17T10:35:41.993358+07:00
condprep_v1,val_dawndusk,ultralytics,mAP50-95_car,0.5006882539949806,2026-09-17T10:35:41.993358+07:00
condprep_v1,val_dawndusk,ultralytics,mAP50_truck,0.6833709051940494,2026-09-17T10:35:41.993358+07:00
condprep_v1,val_dawndusk,ultralytics,mAP50-95_truck,0.5062741576298078,2026-09-17T10:35:41.993358+07:00
condprep_v1,val_dawndusk,ultralytics,mAP50_bus,0.6744188775239123,2026-09-17T10:35:41.993358+07:00
condprep_v1,val_dawndusk,ultralytics,mAP50-95_bus,0.5408061619448677,2026-09-17T10:35:41.993358+07:00
condprep_v1,val_dawndusk,ultralytics,mAP50_motor,0.2869495976687248,2026-09-17T10:35:41.993358+07:00
condprep_v1,val_dawndusk,ultralytics,mAP50-95_motor,0.10911235562467596,2026-09-17T10:35:41.993358+07:00
condprep_v1,val_dawndusk,ultralytics,mAP50_bike,0.5197583662513091,2026-09-17T10:35:41.993358+07:00
condprep_v1,val_dawndusk,ultralytics,mAP50-95_bike,0.25327086904296303,2026-09-17T10:35:41.993358+07:00
condprep_v1,val_clear,ultralytics,mAP50,0.5750081960561718,2026-09-17T10:35:41.993358+07:00
condprep_v1,val_clear,ultralytics,mAP50-95,0.3584674002902657,2026-09-17T10:35:41.993358+07:00
condprep_v1,val_clear,ultralytics,mAP50_car,0.7786071634088101,2026-09-17T10:35:41.993358+07:00
condprep_v1,val_clear,ultralytics,mAP50-95_car,0.4651946719637915,2026-09-17T10:35:41.993358+07:00
condprep_v1,val_clear,ultralytics,mAP50_truck,0.6133735803126941,2026-09-17T10:35:41.993358+07:00
condprep_v1,val_clear,ultralytics,mAP50-95_truck,0.44831788094583835,2026-09-17T10:35:41.993358+07:00
condprep_v1,val_clear,ultralytics,mAP50_bus,0.6098883997384426,2026-09-17T10:35:41.993358+07:00
condprep_v1,val_clear,ultralytics,mAP50-95_bus,0.4684935499116013,2026-09-17T10:35:41.993358+07:00
condprep_v1,val_clear,ultralytics,mAP50_motor,0.41698384082064843,2026-09-17T10:35:41.993358+07:00
condprep_v1,val_clear,ultralytics,mAP50-95_motor,0.18668921311634243,2026-09-17T10:35:41.993358+07:00
condprep_v1,val_clear,ultralytics,mAP50_bike,0.456187996000264,2026-09-17T10:35:41.993358+07:00
condprep_v1,val_clear,ultralytics,mAP50-95_bike,0.22364168551375485,2026-09-17T10:35:41.993358+07:00
condprep_v1,val_overcast,ultralytics,mAP50,0.5891248060707339,2026-09-17T10:35:41.993358+07:00
condprep_v1,val_overcast,ultralytics,mAP50-95,0.36445492358113774,2026-09-17T10:35:41.993358+07:00
condprep_v1,val_overcast,ultralytics,mAP50_car,0.8122846034166027,2026-09-17T10:35:41.993358+07:00
condprep_v1,val_overcast,ultralytics,mAP50-95_car,0.5168818808697424,2026-09-17T10:35:41.993358+07:00
condprep_v1,val_overcast,ultralytics,mAP50_truck,0.6420302916329059,2026-09-17T10:35:41.993358+07:00
condprep_v1,val_overcast,ultralytics,mAP50-95_truck,0.46536703617989206,2026-09-17T10:35:41.993358+07:00
condprep_v1,val_overcast,ultralytics,mAP50_bus,0.6054102978677458,2026-09-17T10:35:41.993358+07:00
condprep_v1,val_overcast,ultralytics,mAP50-95_bus,0.4630131704740349,2026-09-17T10:35:41.993358+07:00
condprep_v1,val_overcast,ultralytics,mAP50_motor,0.39165978093126685,2026-09-17T10:35:41.993358+07:00
condprep_v1,val_overcast,ultralytics,mAP50-95_motor,0.1518640642930717,2026-09-17T10:35:41.993358+07:00
condprep_v1,val_overcast,ultralytics,mAP50_bike,0.49423905650514793,2026-09-17T10:35:41.993358+07:00
condprep_v1,val_overcast,ultralytics,mAP50-95_bike,0.2251484660889475,2026-09-17T10:35:41.993358+07:00
condprep_v1,val_snowy,ultralytics,mAP50,0.5262351242700253,2026-09-17T10:35:41.993358+07:00
condprep_v1,val_snowy,ultralytics,mAP50-95,0.33996216892155173,2026-09-17T10:35:41.993358+07:00
condprep_v1,val_snowy,ultralytics,mAP50_car,0.8007500514542626,2026-09-17T10:35:41.993358+07:00
condprep_v1,val_snowy,ultralytics,mAP50-95_car,0.49863715373661543,2026-09-17T10:35:41.993358+07:00
condprep_v1,val_snowy,ultralytics,mAP50_truck,0.6482962495623558,2026-09-17T10:35:41.993358+07:00
condprep_v1,val_snowy,ultralytics,mAP50-95_truck,0.4716590360615037,2026-09-17T10:35:41.993358+07:00
condprep_v1,val_snowy,ultralytics,mAP50_bus,0.5256999667638885,2026-09-17T10:35:41.993358+07:00
condprep_v1,val_snowy,ultralytics,mAP50-95_bus,0.39576163551506827,2026-09-17T10:35:41.993358+07:00
condprep_v1,val_snowy,ultralytics,mAP50_motor,0.31163777865716924,2026-09-17T10:35:41.993358+07:00
condprep_v1,val_snowy,ultralytics,mAP50-95_motor,0.1884656509695291,2026-09-17T10:35:41.993358+07:00
condprep_v1,val_snowy,ultralytics,mAP50_bike,0.34479157491245027,2026-09-17T10:35:41.993358+07:00
condprep_v1,val_snowy,ultralytics,mAP50-95_bike,0.1452873683250423,2026-09-17T10:35:41.993358+07:00
condprep_v1,val_partlycloudy,ultralytics,mAP50,0.5733275239901532,2026-09-17T10:35:41.993358+07:00
condprep_v1,val_partlycloudy,ultralytics,mAP50-95,0.38061511352929417,2026-09-17T10:35:41.993358+07:00
condprep_v1,val_partlycloudy,ultralytics,mAP50_car,0.7945574213478279,2026-09-17T10:35:41.993358+07:00
condprep_v1,val_partlycloudy,ultralytics,mAP50-95_car,0.50172787756408,2026-09-17T10:35:41.993358+07:00
condprep_v1,val_partlycloudy,ultralytics,mAP50_truck,0.6441355815396514,2026-09-17T10:35:41.993358+07:00
condprep_v1,val_partlycloudy,ultralytics,mAP50-95_truck,0.47418312195606144,2026-09-17T10:35:41.993358+07:00
condprep_v1,val_partlycloudy,ultralytics,mAP50_bus,0.6375577950390052,2026-09-17T10:35:41.993358+07:00
condprep_v1,val_partlycloudy,ultralytics,mAP50-95_bus,0.4958794996016541,2026-09-17T10:35:41.993358+07:00
condprep_v1,val_partlycloudy,ultralytics,mAP50_motor,0.40748594639020075,2026-09-17T10:35:41.993358+07:00
condprep_v1,val_partlycloudy,ultralytics,mAP50-95_motor,0.23501071739497306,2026-09-17T10:35:41.993358+07:00
condprep_v1,val_partlycloudy,ultralytics,mAP50_bike,0.38290087563408004,2026-09-17T10:35:41.993358+07:00
condprep_v1,val_partlycloudy,ultralytics,mAP50-95_bike,0.19627435112970223,2026-09-17T10:35:41.993358+07:00
condprep_v1,val_rainy,ultralytics,mAP50,0.5865980377874798,2026-09-17T10:35:41.993358+07:00
condprep_v1,val_rainy,ultralytics,mAP50-95,0.38202056155217096,2026-09-17T10:35:41.993358+07:00
condprep_v1,val_rainy,ultralytics,mAP50_car,0.7908118049205728,2026-09-17T10:35:41.993358+07:00
condprep_v1,val_rainy,ultralytics,mAP50-95_car,0.49317000815518536,2026-09-17T10:35:41.993358+07:00
condprep_v1,val_rainy,ultralytics,mAP50_truck,0.6845696097179315,2026-09-17T10:35:41.993358+07:00
condprep_v1,val_rainy,ultralytics,mAP50-95_truck,0.4894634065832686,2026-09-17T10:35:41.993358+07:00
condprep_v1,val_rainy,ultralytics,mAP50_bus,0.650270631055061,2026-09-17T10:35:41.993358+07:00
condprep_v1,val_rainy,ultralytics,mAP50-95_bus,0.4907802933271057,2026-09-17T10:35:41.993358+07:00
condprep_v1,val_rainy,ultralytics,mAP50_motor,0.32577169015814383,2026-09-17T10:35:41.993358+07:00
condprep_v1,val_rainy,ultralytics,mAP50-95_motor,0.19881327676465477,2026-09-17T10:35:41.993358+07:00
condprep_v1,val_rainy,ultralytics,mAP50_bike,0.4815664530856899,2026-09-17T10:35:41.993358+07:00
condprep_v1,val_rainy,ultralytics,mAP50-95_bike,0.2378758229306403,2026-09-17T10:35:41.993358+07:00
condprep_v1,val_foggy,ultralytics,mAP50,0.6612593344374345,2026-09-17T10:35:41.993358+07:00
condprep_v1,val_foggy,ultralytics,mAP50-95,0.27975992775351877,2026-09-17T10:35:41.993358+07:00
condprep_v1,val_foggy,ultralytics,mAP50_car,0.7388077225170584,2026-09-17T10:35:41.993358+07:00
condprep_v1,val_foggy,ultralytics,mAP50-95_car,0.4565702116270248,2026-09-17T10:35:41.993358+07:00
condprep_v1,val_foggy,ultralytics,mAP50_truck,0.2499702807952449,2026-09-17T10:35:41.993358+07:00
condprep_v1,val_foggy,ultralytics,mAP50-95_truck,0.18370957163353147,2026-09-17T10:35:41.993358+07:00
condprep_v1,val_foggy,ultralytics,mAP50_motor,0.995,2026-09-17T10:35:41.993358+07:00
condprep_v1,val_foggy,ultralytics,mAP50-95_motor,0.199,2026-09-17T10:35:41.993358+07:00
condprep_v1,val_day,pycocotools,mAP50,0.54067,2026-09-17T10:35:41.993358+07:00
condprep_v1,val_day,pycocotools,mAP50-95,0.34228,2026-09-17T10:35:41.993358+07:00
condprep_v1,val_day,pycocotools,mAP75,0.35169,2026-09-17T10:35:41.993358+07:00
condprep_v1,val_day,pycocotools,mAP50_car,0.80049,2026-09-17T10:35:41.993358+07:00
condprep_v1,val_day,pycocotools,mAP50-95_car,0.50098,2026-09-17T10:35:41.993358+07:00
condprep_v1,val_day,pycocotools,mAP75_car,0.50737,2026-09-17T10:35:41.993358+07:00
condprep_v1,val_day,pycocotools,mAP50_truck,0.58609,2026-09-17T10:35:41.993358+07:00
condprep_v1,val_day,pycocotools,mAP50-95_truck,0.42667,2026-09-17T10:35:41.993358+07:00
condprep_v1,val_day,pycocotools,mAP75_truck,0.46284,2026-09-17T10:35:41.993358+07:00
condprep_v1,val_day,pycocotools,mAP50_bus,0.53147,2026-09-17T10:35:41.993358+07:00
condprep_v1,val_day,pycocotools,mAP50-95_bus,0.40837,2026-09-17T10:35:41.993358+07:00
condprep_v1,val_day,pycocotools,mAP75_bus,0.45871,2026-09-17T10:35:41.993358+07:00
condprep_v1,val_day,pycocotools,mAP50_motor,0.36981,2026-09-17T10:35:41.993358+07:00
condprep_v1,val_day,pycocotools,mAP50-95_motor,0.18409,2026-09-17T10:35:41.993358+07:00
condprep_v1,val_day,pycocotools,mAP75_motor,0.17119,2026-09-17T10:35:41.993358+07:00
condprep_v1,val_day,pycocotools,mAP50_bike,0.41551,2026-09-17T10:35:41.993358+07:00
condprep_v1,val_day,pycocotools,mAP50-95_bike,0.19129,2026-09-17T10:35:41.993358+07:00
condprep_v1,val_day,pycocotools,mAP75_bike,0.15837,2026-09-17T10:35:41.993358+07:00
condprep_v1,val_night,pycocotools,mAP50,0.55191,2026-09-17T10:35:41.993358+07:00
condprep_v1,val_night,pycocotools,mAP50-95,0.32742,2026-09-17T10:35:41.993358+07:00
condprep_v1,val_night,pycocotools,mAP75,0.31945,2026-09-17T10:35:41.993358+07:00
condprep_v1,val_night,pycocotools,mAP50_car,0.76207,2026-09-17T10:35:41.993358+07:00
condprep_v1,val_night,pycocotools,mAP50-95_car,0.43053,2026-09-17T10:35:41.993358+07:00
condprep_v1,val_night,pycocotools,mAP75_car,0.40897,2026-09-17T10:35:41.993358+07:00
condprep_v1,val_night,pycocotools,mAP50_truck,0.5462,2026-09-17T10:35:41.993358+07:00
condprep_v1,val_night,pycocotools,mAP50-95_truck,0.39474,2026-09-17T10:35:41.993358+07:00
condprep_v1,val_night,pycocotools,mAP75_truck,0.44109,2026-09-17T10:35:41.993358+07:00
condprep_v1,val_night,pycocotools,mAP50_bus,0.51376,2026-09-17T10:35:41.993358+07:00
condprep_v1,val_night,pycocotools,mAP50-95_bus,0.39652,2026-09-17T10:35:41.993358+07:00
condprep_v1,val_night,pycocotools,mAP75_bus,0.44746,2026-09-17T10:35:41.993358+07:00
condprep_v1,val_night,pycocotools,mAP50_motor,0.42967,2026-09-17T10:35:41.993358+07:00
condprep_v1,val_night,pycocotools,mAP50-95_motor,0.16758,2026-09-17T10:35:41.993358+07:00
condprep_v1,val_night,pycocotools,mAP75_motor,0.11238,2026-09-17T10:35:41.993358+07:00
condprep_v1,val_night,pycocotools,mAP50_bike,0.50784,2026-09-17T10:35:41.993358+07:00
condprep_v1,val_night,pycocotools,mAP50-95_bike,0.24771,2026-09-17T10:35:41.993358+07:00
condprep_v1,val_night,pycocotools,mAP75_bike,0.18736,2026-09-17T10:35:41.993358+07:00
condprep_v1,val_dawndusk,pycocotools,mAP50,0.55824,2026-09-17T10:35:41.993358+07:00
condprep_v1,val_dawndusk,pycocotools,mAP50-95,0.36053,2026-09-17T10:35:41.993358+07:00
condprep_v1,val_dawndusk,pycocotools,mAP75,0.36712,2026-09-17T10:35:41.993358+07:00
condprep_v1,val_dawndusk,pycocotools,mAP50_car,0.78991,2026-09-17T10:35:41.993358+07:00
condprep_v1,val_dawndusk,pycocotools,mAP50-95_car,0.49103,2026-09-17T10:35:41.993358+07:00
condprep_v1,val_dawndusk,pycocotools,mAP75_car,0.5012,2026-09-17T10:35:41.993358+07:00
condprep_v1,val_dawndusk,pycocotools,mAP50_truck,0.64016,2026-09-17T10:35:41.993358+07:00
condprep_v1,val_dawndusk,pycocotools,mAP50-95_truck,0.46538,2026-09-17T10:35:41.993358+07:00
condprep_v1,val_dawndusk,pycocotools,mAP75_truck,0.50996,2026-09-17T10:35:41.993358+07:00
condprep_v1,val_dawndusk,pycocotools,mAP50_bus,0.60862,2026-09-17T10:35:41.993358+07:00
condprep_v1,val_dawndusk,pycocotools,mAP50-95_bus,0.49267,2026-09-17T10:35:41.993358+07:00
condprep_v1,val_dawndusk,pycocotools,mAP75_bus,0.56326,2026-09-17T10:35:41.993358+07:00
condprep_v1,val_dawndusk,pycocotools,mAP50_motor,0.26099,2026-09-17T10:35:41.993358+07:00
condprep_v1,val_dawndusk,pycocotools,mAP50-95_motor,0.10486,2026-09-17T10:35:41.993358+07:00
condprep_v1,val_dawndusk,pycocotools,mAP75_motor,0.08316,2026-09-17T10:35:41.993358+07:00
condprep_v1,val_dawndusk,pycocotools,mAP50_bike,0.49151,2026-09-17T10:35:41.993358+07:00
condprep_v1,val_dawndusk,pycocotools,mAP50-95_bike,0.24872,2026-09-17T10:35:41.993358+07:00
condprep_v1,val_dawndusk,pycocotools,mAP75_bike,0.17803,2026-09-17T10:35:41.993358+07:00
condprep_v1,val_clear,pycocotools,mAP50,0.54502,2026-09-17T10:35:41.993358+07:00
condprep_v1,val_clear,pycocotools,mAP50-95,0.33603,2026-09-17T10:35:41.993358+07:00
condprep_v1,val_clear,pycocotools,mAP75,0.33826,2026-09-17T10:35:41.993358+07:00
condprep_v1,val_clear,pycocotools,mAP50_car,0.77738,2026-09-17T10:35:41.993358+07:00
condprep_v1,val_clear,pycocotools,mAP50-95_car,0.45756,2026-09-17T10:35:41.993358+07:00
condprep_v1,val_clear,pycocotools,mAP75_car,0.44659,2026-09-17T10:35:41.993358+07:00
condprep_v1,val_clear,pycocotools,mAP50_truck,0.55911,2026-09-17T10:35:41.993358+07:00
condprep_v1,val_clear,pycocotools,mAP50-95_truck,0.40897,2026-09-17T10:35:41.993358+07:00
condprep_v1,val_clear,pycocotools,mAP75_truck,0.45312,2026-09-17T10:35:41.993358+07:00
condprep_v1,val_clear,pycocotools,mAP50_bus,0.53327,2026-09-17T10:35:41.993358+07:00
condprep_v1,val_clear,pycocotools,mAP50-95_bus,0.41493,2026-09-17T10:35:41.993358+07:00
condprep_v1,val_clear,pycocotools,mAP75_bus,0.47339,2026-09-17T10:35:41.993358+07:00
condprep_v1,val_clear,pycocotools,mAP50_motor,0.3983,2026-09-17T10:35:41.993358+07:00
condprep_v1,val_clear,pycocotools,mAP50-95_motor,0.17579,2026-09-17T10:35:41.993358+07:00
condprep_v1,val_clear,pycocotools,mAP75_motor,0.13947,2026-09-17T10:35:41.993358+07:00
condprep_v1,val_clear,pycocotools,mAP50_bike,0.45704,2026-09-17T10:35:41.993358+07:00
condprep_v1,val_clear,pycocotools,mAP50-95_bike,0.22289,2026-09-17T10:35:41.993358+07:00
condprep_v1,val_clear,pycocotools,mAP75_bike,0.17873,2026-09-17T10:35:41.993358+07:00
condprep_v1,val_overcast,pycocotools,mAP50,0.56101,2026-09-17T10:35:41.993358+07:00
condprep_v1,val_overcast,pycocotools,mAP50-95,0.34494,2026-09-17T10:35:41.993358+07:00
condprep_v1,val_overcast,pycocotools,mAP75,0.34269,2026-09-17T10:35:41.993358+07:00
condprep_v1,val_overcast,pycocotools,mAP50_car,0.8066,2026-09-17T10:35:41.993358+07:00
condprep_v1,val_overcast,pycocotools,mAP50-95_car,0.50719,2026-09-17T10:35:41.993358+07:00
condprep_v1,val_overcast,pycocotools,mAP75_car,0.51531,2026-09-17T10:35:41.993358+07:00
condprep_v1,val_overcast,pycocotools,mAP50_truck,0.61084,2026-09-17T10:35:41.993358+07:00
condprep_v1,val_overcast,pycocotools,mAP50-95_truck,0.43638,2026-09-17T10:35:41.993358+07:00
condprep_v1,val_overcast,pycocotools,mAP75_truck,0.46367,2026-09-17T10:35:41.993358+07:00
condprep_v1,val_overcast,pycocotools,mAP50_bus,0.54127,2026-09-17T10:35:41.993358+07:00
condprep_v1,val_overcast,pycocotools,mAP50-95_bus,0.41935,2026-09-17T10:35:41.993358+07:00
condprep_v1,val_overcast,pycocotools,mAP75_bus,0.471,2026-09-17T10:35:41.993358+07:00
condprep_v1,val_overcast,pycocotools,mAP50_motor,0.35574,2026-09-17T10:35:41.993358+07:00
condprep_v1,val_overcast,pycocotools,mAP50-95_motor,0.1442,2026-09-17T10:35:41.993358+07:00
condprep_v1,val_overcast,pycocotools,mAP75_motor,0.1036,2026-09-17T10:35:41.993358+07:00
condprep_v1,val_overcast,pycocotools,mAP50_bike,0.49061,2026-09-17T10:35:41.993358+07:00
condprep_v1,val_overcast,pycocotools,mAP50-95_bike,0.21757,2026-09-17T10:35:41.993358+07:00
condprep_v1,val_overcast,pycocotools,mAP75_bike,0.15986,2026-09-17T10:35:41.993358+07:00
condprep_v1,val_snowy,pycocotools,mAP50,0.48025,2026-09-17T10:35:41.993358+07:00
condprep_v1,val_snowy,pycocotools,mAP50-95,0.31276,2026-09-17T10:35:41.993358+07:00
condprep_v1,val_snowy,pycocotools,mAP75,0.31568,2026-09-17T10:35:41.993358+07:00
condprep_v1,val_snowy,pycocotools,mAP50_car,0.79504,2026-09-17T10:35:41.993358+07:00
condprep_v1,val_snowy,pycocotools,mAP50-95_car,0.48797,2026-09-17T10:35:41.993358+07:00
condprep_v1,val_snowy,pycocotools,mAP75_car,0.49165,2026-09-17T10:35:41.993358+07:00
condprep_v1,val_snowy,pycocotools,mAP50_truck,0.58516,2026-09-17T10:35:41.993358+07:00
condprep_v1,val_snowy,pycocotools,mAP50-95_truck,0.43036,2026-09-17T10:35:41.993358+07:00
condprep_v1,val_snowy,pycocotools,mAP75_truck,0.47829,2026-09-17T10:35:41.993358+07:00
condprep_v1,val_snowy,pycocotools,mAP50_bus,0.46295,2026-09-17T10:35:41.993358+07:00
condprep_v1,val_snowy,pycocotools,mAP50-95_bus,0.35657,2026-09-17T10:35:41.993358+07:00
condprep_v1,val_snowy,pycocotools,mAP75_bus,0.38243,2026-09-17T10:35:41.993358+07:00
condprep_v1,val_snowy,pycocotools,mAP50_motor,0.22772,2026-09-17T10:35:41.993358+07:00
condprep_v1,val_snowy,pycocotools,mAP50-95_motor,0.1505,2026-09-17T10:35:41.993358+07:00
condprep_v1,val_snowy,pycocotools,mAP75_motor,0.11881,2026-09-17T10:35:41.993358+07:00
condprep_v1,val_snowy,pycocotools,mAP50_bike,0.3304,2026-09-17T10:35:41.993358+07:00
condprep_v1,val_snowy,pycocotools,mAP50-95_bike,0.1384,2026-09-17T10:35:41.993358+07:00
condprep_v1,val_snowy,pycocotools,mAP75_bike,0.10723,2026-09-17T10:35:41.993358+07:00
condprep_v1,val_partlycloudy,pycocotools,mAP50,0.54911,2026-09-17T10:35:41.993358+07:00
condprep_v1,val_partlycloudy,pycocotools,mAP50-95,0.36013,2026-09-17T10:35:41.993358+07:00
condprep_v1,val_partlycloudy,pycocotools,mAP75,0.37823,2026-09-17T10:35:41.993358+07:00
condprep_v1,val_partlycloudy,pycocotools,mAP50_car,0.79065,2026-09-17T10:35:41.993358+07:00
condprep_v1,val_partlycloudy,pycocotools,mAP50-95_car,0.49301,2026-09-17T10:35:41.993358+07:00
condprep_v1,val_partlycloudy,pycocotools,mAP75_car,0.50324,2026-09-17T10:35:41.993358+07:00
condprep_v1,val_partlycloudy,pycocotools,mAP50_truck,0.60654,2026-09-17T10:35:41.993358+07:00
condprep_v1,val_partlycloudy,pycocotools,mAP50-95_truck,0.44068,2026-09-17T10:35:41.993358+07:00
condprep_v1,val_partlycloudy,pycocotools,mAP75_truck,0.4633,2026-09-17T10:35:41.993358+07:00
condprep_v1,val_partlycloudy,pycocotools,mAP50_bus,0.55396,2026-09-17T10:35:41.993358+07:00
condprep_v1,val_partlycloudy,pycocotools,mAP50-95_bus,0.44185,2026-09-17T10:35:41.993358+07:00
condprep_v1,val_partlycloudy,pycocotools,mAP75_bus,0.50176,2026-09-17T10:35:41.993358+07:00
condprep_v1,val_partlycloudy,pycocotools,mAP50_motor,0.39664,2026-09-17T10:35:41.993358+07:00
condprep_v1,val_partlycloudy,pycocotools,mAP50-95_motor,0.22938,2026-09-17T10:35:41.993358+07:00
condprep_v1,val_partlycloudy,pycocotools,mAP75_motor,0.23638,2026-09-17T10:35:41.993358+07:00
condprep_v1,val_partlycloudy,pycocotools,mAP50_bike,0.39778,2026-09-17T10:35:41.993358+07:00
condprep_v1,val_partlycloudy,pycocotools,mAP50-95_bike,0.19571,2026-09-17T10:35:41.993358+07:00
condprep_v1,val_partlycloudy,pycocotools,mAP75_bike,0.18647,2026-09-17T10:35:41.993358+07:00
condprep_v1,val_rainy,pycocotools,mAP50,0.55988,2026-09-17T10:35:41.993358+07:00
condprep_v1,val_rainy,pycocotools,mAP50-95,0.3593,2026-09-17T10:35:41.993358+07:00
condprep_v1,val_rainy,pycocotools,mAP75,0.3826,2026-09-17T10:35:41.993358+07:00
condprep_v1,val_rainy,pycocotools,mAP50_car,0.78996,2026-09-17T10:35:41.993358+07:00
condprep_v1,val_rainy,pycocotools,mAP50-95_car,0.48462,2026-09-17T10:35:41.993358+07:00
condprep_v1,val_rainy,pycocotools,mAP75_car,0.48544,2026-09-17T10:35:41.993358+07:00
condprep_v1,val_rainy,pycocotools,mAP50_truck,0.62606,2026-09-17T10:35:41.993358+07:00
condprep_v1,val_rainy,pycocotools,mAP50-95_truck,0.45088,2026-09-17T10:35:41.993358+07:00
condprep_v1,val_rainy,pycocotools,mAP75_truck,0.50005,2026-09-17T10:35:41.993358+07:00
condprep_v1,val_rainy,pycocotools,mAP50_bus,0.56532,2026-09-17T10:35:41.993358+07:00
condprep_v1,val_rainy,pycocotools,mAP50-95_bus,0.42403,2026-09-17T10:35:41.993358+07:00
condprep_v1,val_rainy,pycocotools,mAP75_bus,0.46292,2026-09-17T10:35:41.993358+07:00
condprep_v1,val_rainy,pycocotools,mAP50_motor,0.31355,2026-09-17T10:35:41.993358+07:00
condprep_v1,val_rainy,pycocotools,mAP50-95_motor,0.19756,2026-09-17T10:35:41.993358+07:00
condprep_v1,val_rainy,pycocotools,mAP75_motor,0.28264,2026-09-17T10:35:41.993358+07:00
condprep_v1,val_rainy,pycocotools,mAP50_bike,0.50449,2026-09-17T10:35:41.993358+07:00
condprep_v1,val_rainy,pycocotools,mAP50-95_bike,0.23941,2026-09-17T10:35:41.993358+07:00
condprep_v1,val_rainy,pycocotools,mAP75_bike,0.18197,2026-09-17T10:35:41.993358+07:00
condprep_v1,val_foggy,pycocotools,mAP50,0.6516,2026-09-17T10:35:41.993358+07:00
condprep_v1,val_foggy,pycocotools,mAP50-95,0.27379,2026-09-17T10:35:41.993358+07:00
condprep_v1,val_foggy,pycocotools,mAP75,0.22668,2026-09-17T10:35:41.993358+07:00
condprep_v1,val_foggy,pycocotools,mAP50_car,0.74688,2026-09-17T10:35:41.993358+07:00
condprep_v1,val_foggy,pycocotools,mAP50-95_car,0.45502,2026-09-17T10:35:41.993358+07:00
condprep_v1,val_foggy,pycocotools,mAP75_car,0.47211,2026-09-17T10:35:41.993358+07:00
condprep_v1,val_foggy,pycocotools,mAP50_truck,0.20792,2026-09-17T10:35:41.993358+07:00
condprep_v1,val_foggy,pycocotools,mAP50-95_truck,0.16634,2026-09-17T10:35:41.993358+07:00
condprep_v1,val_foggy,pycocotools,mAP75_truck,0.20792,2026-09-17T10:35:41.993358+07:00
condprep_v1,val_foggy,pycocotools,mAP50_bus,-1.0,2026-09-17T10:35:41.993358+07:00
condprep_v1,val_foggy,pycocotools,mAP50-95_bus,-1.0,2026-09-17T10:35:41.993358+07:00
condprep_v1,val_foggy,pycocotools,mAP75_bus,-1.0,2026-09-17T10:35:41.993358+07:00
condprep_v1,val_foggy,pycocotools,mAP50_motor,1.0,2026-09-17T10:35:41.993358+07:00
condprep_v1,val_foggy,pycocotools,mAP50-95_motor,0.2,2026-09-17T10:35:41.993358+07:00
condprep_v1,val_foggy,pycocotools,mAP75_motor,0.0,2026-09-17T10:35:41.993358+07:00
condprep_v1,val_foggy,pycocotools,mAP50_bike,-1.0,2026-09-17T10:35:41.993358+07:00
condprep_v1,val_foggy,pycocotools,mAP50-95_bike,-1.0,2026-09-17T10:35:41.993358+07:00
condprep_v1,val_foggy,pycocotools,mAP75_bike,-1.0,2026-09-17T10:35:41.993358+07:00
set1_night_aug,val_clear,ultralytics,mAP50,0.5713017211912075,2026-10-09T21:22:31.350082+07:00
set1_night_aug,val_clear,ultralytics,mAP50-95,0.3612779139674622,2026-10-09T21:22:31.350082+07:00
set1_night_aug,val_clear,ultralytics,mAP50_car,0.7817871810264223,2026-10-09T21:22:31.350082+07:00
set1_night_aug,val_clear,ultralytics,mAP50-95_car,0.4673631717563939,2026-10-09T21:22:31.350082+07:00
set1_night_aug,val_clear,ultralytics,mAP50_truck,0.6074358920046048,2026-10-09T21:22:31.350082+07:00
set1_night_aug,val_clear,ultralytics,mAP50-95_truck,0.4477884678954617,2026-10-09T21:22:31.350082+07:00
set1_night_aug,val_clear,ultralytics,mAP50_bus,0.6089120522137995,2026-10-09T21:22:31.350082+07:00
set1_night_aug,val_clear,ultralytics,mAP50-95_bus,0.46845132952688895,2026-10-09T21:22:31.350082+07:00
set1_night_aug,val_clear,ultralytics,mAP50_motor,0.4280921620212768,2026-10-09T21:22:31.350082+07:00
set1_night_aug,val_clear,ultralytics,mAP50-95_motor,0.19832858426296804,2026-10-09T21:22:31.350082+07:00
set1_night_aug,val_clear,ultralytics,mAP50_bike,0.43028131868993447,2026-10-09T21:22:31.350082+07:00
set1_night_aug,val_clear,ultralytics,mAP50-95_bike,0.2244580163955984,2026-10-09T21:22:31.350082+07:00
set1_night_aug,val_overcast,ultralytics,mAP50,0.5925103159026186,2026-10-09T21:22:31.350082+07:00
set1_night_aug,val_overcast,ultralytics,mAP50-95,0.3723709441918926,2026-10-09T21:22:31.350082+07:00
set1_night_aug,val_overcast,ultralytics,mAP50_car,0.8148716321807958,2026-10-09T21:22:31.350082+07:00
set1_night_aug,val_overcast,ultralytics,mAP50-95_car,0.5191265833105385,2026-10-09T21:22:31.350082+07:00
set1_night_aug,val_overcast,ultralytics,mAP50_truck,0.6429366885839947,2026-10-09T21:22:31.350082+07:00
set1_night_aug,val_overcast,ultralytics,mAP50-95_truck,0.4667279349007045,2026-10-09T21:22:31.350082+07:00
set1_night_aug,val_overcast,ultralytics,mAP50_bus,0.6260656041249608,2026-10-09T21:22:31.350082+07:00
set1_night_aug,val_overcast,ultralytics,mAP50-95_bus,0.47095686133423537,2026-10-09T21:22:31.350082+07:00
set1_night_aug,val_overcast,ultralytics,mAP50_motor,0.3711711085979931,2026-10-09T21:22:31.350082+07:00
set1_night_aug,val_overcast,ultralytics,mAP50-95_motor,0.1558021407108336,2026-10-09T21:22:31.350082+07:00
set1_night_aug,val_overcast,ultralytics,mAP50_bike,0.507506546025349,2026-10-09T21:22:31.350082+07:00
set1_night_aug,val_overcast,ultralytics,mAP50-95_bike,0.24924120070315103,2026-10-09T21:22:31.350082+07:00
set1_night_aug,val_snowy,ultralytics,mAP50,0.5173778856621206,2026-10-09T21:22:31.350082+07:00
set1_night_aug,val_snowy,ultralytics,mAP50-95,0.3281296216521216,2026-10-09T21:22:31.350082+07:00
set1_night_aug,val_snowy,ultralytics,mAP50_car,0.8004842235220488,2026-10-09T21:22:31.350082+07:00
set1_night_aug,val_snowy,ultralytics,mAP50-95_car,0.49951885436850707,2026-10-09T21:22:31.350082+07:00
set1_night_aug,val_snowy,ultralytics,mAP50_truck,0.6433948128153902,2026-10-09T21:22:31.350082+07:00
set1_night_aug,val_snowy,ultralytics,mAP50-95_truck,0.47011940294845933,2026-10-09T21:22:31.350082+07:00
set1_night_aug,val_snowy,ultralytics,mAP50_bus,0.540885426911617,2026-10-09T21:22:31.350082+07:00
set1_night_aug,val_snowy,ultralytics,mAP50-95_bus,0.41221317605616425,2026-10-09T21:22:31.350082+07:00
set1_night_aug,val_snowy,ultralytics,mAP50_motor,0.2866114982578397,2026-10-09T21:22:31.350082+07:00
set1_night_aug,val_snowy,ultralytics,mAP50-95_motor,0.12723403019744484,2026-10-09T21:22:31.350082+07:00
set1_night_aug,val_snowy,ultralytics,mAP50_bike,0.3155134668037072,2026-10-09T21:22:31.350082+07:00
set1_night_aug,val_snowy,ultralytics,mAP50-95_bike,0.13156264469003237,2026-10-09T21:22:31.350082+07:00
set1_night_aug,val_partlycloudy,ultralytics,mAP50,0.5653938868675076,2026-10-09T21:22:31.350082+07:00
set1_night_aug,val_partlycloudy,ultralytics,mAP50-95,0.3709874502740809,2026-10-09T21:22:31.350082+07:00
set1_night_aug,val_partlycloudy,ultralytics,mAP50_car,0.7949453261547628,2026-10-09T21:22:31.350082+07:00
set1_night_aug,val_partlycloudy,ultralytics,mAP50-95_car,0.5022270392537865,2026-10-09T21:22:31.350082+07:00
set1_night_aug,val_partlycloudy,ultralytics,mAP50_truck,0.6433323650305713,2026-10-09T21:22:31.350082+07:00
set1_night_aug,val_partlycloudy,ultralytics,mAP50-95_truck,0.4769423457591497,2026-10-09T21:22:31.350082+07:00
set1_night_aug,val_partlycloudy,ultralytics,mAP50_bus,0.6281842432961751,2026-10-09T21:22:31.350082+07:00
set1_night_aug,val_partlycloudy,ultralytics,mAP50-95_bus,0.4737899991762492,2026-10-09T21:22:31.350082+07:00
set1_night_aug,val_partlycloudy,ultralytics,mAP50_motor,0.42127358112815305,2026-10-09T21:22:31.350082+07:00
set1_night_aug,val_partlycloudy,ultralytics,mAP50-95_motor,0.23546223295571825,2026-10-09T21:22:31.350082+07:00
set1_night_aug,val_partlycloudy,ultralytics,mAP50_bike,0.33923391872787556,2026-10-09T21:22:31.350082+07:00
set1_night_aug,val_partlycloudy,ultralytics,mAP50-95_bike,0.1665156342255011,2026-10-09T21:22:31.350082+07:00
set1_night_aug,val_rainy,ultralytics,mAP50,0.5977286194595186,2026-10-09T21:22:31.350082+07:00
set1_night_aug,val_rainy,ultralytics,mAP50-95,0.38721674473538137,2026-10-09T21:22:31.350082+07:00
set1_night_aug,val_rainy,ultralytics,mAP50_car,0.7923998388587306,2026-10-09T21:22:31.350082+07:00
set1_night_aug,val_rainy,ultralytics,mAP50-95_car,0.4958161701209158,2026-10-09T21:22:31.350082+07:00
set1_night_aug,val_rainy,ultralytics,mAP50_truck,0.680671052102248,2026-10-09T21:22:31.350082+07:00
set1_night_aug,val_rainy,ultralytics,mAP50-95_truck,0.4893447102003113,2026-10-09T21:22:31.350082+07:00
set1_night_aug,val_rainy,ultralytics,mAP50_bus,0.6366116568638961,2026-10-09T21:22:31.350082+07:00
set1_night_aug,val_rainy,ultralytics,mAP50-95_bus,0.4782115950063095,2026-10-09T21:22:31.350082+07:00
set1_night_aug,val_rainy,ultralytics,mAP50_motor,0.3564688723659779,2026-10-09T21:22:31.350082+07:00
set1_night_aug,val_rainy,ultralytics,mAP50-95_motor,0.20447015083968675,2026-10-09T21:22:31.350082+07:00
set1_night_aug,val_rainy,ultralytics,mAP50_bike,0.52249167710674,2026-10-09T21:22:31.350082+07:00
set1_night_aug,val_rainy,ultralytics,mAP50-95_bike,0.2682410975096839,2026-10-09T21:22:31.350082+07:00
set1_night_aug,val_foggy,ultralytics,mAP50,0.6585389405866976,2026-10-09T21:22:31.350082+07:00
set1_night_aug,val_foggy,ultralytics,mAP50-95,0.28952678736107024,2026-10-09T21:22:31.350082+07:00
set1_night_aug,val_foggy,ultralytics,mAP50_car,0.7287606344691229,2026-10-09T21:22:31.350082+07:00
set1_night_aug,val_foggy,ultralytics,mAP50-95_car,0.4639131380029432,2026-10-09T21:22:31.350082+07:00
set1_night_aug,val_foggy,ultralytics,mAP50_truck,0.2518561872909699,2026-10-09T21:22:31.350082+07:00
set1_night_aug,val_foggy,ultralytics,mAP50-95_truck,0.20566722408026755,2026-10-09T21:22:31.350082+07:00
set1_night_aug,val_foggy,ultralytics,mAP50_motor,0.995,2026-10-09T21:22:31.350082+07:00
set1_night_aug,val_foggy,ultralytics,mAP50-95_motor,0.199,2026-10-09T21:22:31.350082+07:00
set1_night_aug,val_clear,pycocotools,mAP50,0.53987,2026-10-09T21:22:31.350082+07:00
set1_night_aug,val_clear,pycocotools,mAP50-95,0.33922,2026-10-09T21:22:31.350082+07:00
set1_night_aug,val_clear,pycocotools,mAP75,0.34562,2026-10-09T21:22:31.350082+07:00
set1_night_aug,val_clear,pycocotools,mAP50_car,0.77986,2026-10-09T21:22:31.350082+07:00
set1_night_aug,val_clear,pycocotools,mAP50-95_car,0.46003,2026-10-09T21:22:31.350082+07:00
set1_night_aug,val_clear,pycocotools,mAP75_car,0.449,2026-10-09T21:22:31.350082+07:00
set1_night_aug,val_clear,pycocotools,mAP50_truck,0.5507,2026-10-09T21:22:31.350082+07:00
set1_night_aug,val_clear,pycocotools,mAP50-95_truck,0.40718,2026-10-09T21:22:31.350082+07:00
set1_night_aug,val_clear,pycocotools,mAP75_truck,0.45248,2026-10-09T21:22:31.350082+07:00
set1_night_aug,val_clear,pycocotools,mAP50_bus,0.5371,2026-10-09T21:22:31.350082+07:00
set1_night_aug,val_clear,pycocotools,mAP50-95_bus,0.41621,2026-10-09T21:22:31.350082+07:00
set1_night_aug,val_clear,pycocotools,mAP75_bus,0.46896,2026-10-09T21:22:31.350082+07:00
set1_night_aug,val_clear,pycocotools,mAP50_motor,0.40921,2026-10-09T21:22:31.350082+07:00
set1_night_aug,val_clear,pycocotools,mAP50-95_motor,0.19305,2026-10-09T21:22:31.350082+07:00
set1_night_aug,val_clear,pycocotools,mAP75_motor,0.15085,2026-10-09T21:22:31.350082+07:00
set1_night_aug,val_clear,pycocotools,mAP50_bike,0.42247,2026-10-09T21:22:31.350082+07:00
set1_night_aug,val_clear,pycocotools,mAP50-95_bike,0.21962,2026-10-09T21:22:31.350082+07:00
set1_night_aug,val_clear,pycocotools,mAP75_bike,0.20682,2026-10-09T21:22:31.350082+07:00
set1_night_aug,val_overcast,pycocotools,mAP50,0.55332,2026-10-09T21:22:31.350082+07:00
set1_night_aug,val_overcast,pycocotools,mAP50-95,0.35025,2026-10-09T21:22:31.350082+07:00
set1_night_aug,val_overcast,pycocotools,mAP75,0.35713,2026-10-09T21:22:31.350082+07:00
set1_night_aug,val_overcast,pycocotools,mAP50_car,0.811,2026-10-09T21:22:31.350082+07:00
set1_night_aug,val_overcast,pycocotools,mAP50-95_car,0.51039,2026-10-09T21:22:31.350082+07:00
set1_night_aug,val_overcast,pycocotools,mAP75_car,0.51772,2026-10-09T21:22:31.350082+07:00
set1_night_aug,val_overcast,pycocotools,mAP50_truck,0.60119,2026-10-09T21:22:31.350082+07:00
set1_night_aug,val_overcast,pycocotools,mAP50-95_truck,0.43415,2026-10-09T21:22:31.350082+07:00
set1_night_aug,val_overcast,pycocotools,mAP75_truck,0.46353,2026-10-09T21:22:31.350082+07:00
set1_night_aug,val_overcast,pycocotools,mAP50_bus,0.53711,2026-10-09T21:22:31.350082+07:00
set1_night_aug,val_overcast,pycocotools,mAP50-95_bus,0.41918,2026-10-09T21:22:31.350082+07:00
set1_night_aug,val_overcast,pycocotools,mAP75_bus,0.458,2026-10-09T21:22:31.350082+07:00
set1_night_aug,val_overcast,pycocotools,mAP50_motor,0.29334,2026-10-09T21:22:31.350082+07:00
set1_night_aug,val_overcast,pycocotools,mAP50-95_motor,0.13628,2026-10-09T21:22:31.350082+07:00
set1_night_aug,val_overcast,pycocotools,mAP75_motor,0.11672,2026-10-09T21:22:31.350082+07:00
set1_night_aug,val_overcast,pycocotools,mAP50_bike,0.52395,2026-10-09T21:22:31.350082+07:00
set1_night_aug,val_overcast,pycocotools,mAP50-95_bike,0.25124,2026-10-09T21:22:31.350082+07:00
set1_night_aug,val_overcast,pycocotools,mAP75_bike,0.22969,2026-10-09T21:22:31.350082+07:00
set1_night_aug,val_snowy,pycocotools,mAP50,0.47318,2026-10-09T21:22:31.350082+07:00
set1_night_aug,val_snowy,pycocotools,mAP50-95,0.30775,2026-10-09T21:22:31.350082+07:00
set1_night_aug,val_snowy,pycocotools,mAP75,0.31006,2026-10-09T21:22:31.350082+07:00
set1_night_aug,val_snowy,pycocotools,mAP50_car,0.79331,2026-10-09T21:22:31.350082+07:00
set1_night_aug,val_snowy,pycocotools,mAP50-95_car,0.49007,2026-10-09T21:22:31.350082+07:00
set1_night_aug,val_snowy,pycocotools,mAP75_car,0.49414,2026-10-09T21:22:31.350082+07:00
set1_night_aug,val_snowy,pycocotools,mAP50_truck,0.56284,2026-10-09T21:22:31.350082+07:00
set1_night_aug,val_snowy,pycocotools,mAP50-95_truck,0.41329,2026-10-09T21:22:31.350082+07:00
set1_night_aug,val_snowy,pycocotools,mAP75_truck,0.46269,2026-10-09T21:22:31.350082+07:00
set1_night_aug,val_snowy,pycocotools,mAP50_bus,0.47523,2026-10-09T21:22:31.350082+07:00
set1_night_aug,val_snowy,pycocotools,mAP50-95_bus,0.36479,2026-10-09T21:22:31.350082+07:00
set1_night_aug,val_snowy,pycocotools,mAP75_bus,0.39042,2026-10-09T21:22:31.350082+07:00
set1_night_aug,val_snowy,pycocotools,mAP50_motor,0.22772,2026-10-09T21:22:31.350082+07:00
set1_night_aug,val_snowy,pycocotools,mAP50-95_motor,0.13762,2026-10-09T21:22:31.350082+07:00
set1_night_aug,val_snowy,pycocotools,mAP75_motor,0.11881,2026-10-09T21:22:31.350082+07:00
set1_night_aug,val_snowy,pycocotools,mAP50_bike,0.30682,2026-10-09T21:22:31.350082+07:00
set1_night_aug,val_snowy,pycocotools,mAP50-95_bike,0.13296,2026-10-09T21:22:31.350082+07:00
set1_night_aug,val_snowy,pycocotools,mAP75_bike,0.08423,2026-10-09T21:22:31.350082+07:00
set1_night_aug,val_partlycloudy,pycocotools,mAP50,0.54222,2026-10-09T21:22:31.350082+07:00
set1_night_aug,val_partlycloudy,pycocotools,mAP50-95,0.35363,2026-10-09T21:22:31.350082+07:00
set1_night_aug,val_partlycloudy,pycocotools,mAP75,0.36464,2026-10-09T21:22:31.350082+07:00
set1_night_aug,val_partlycloudy,pycocotools,mAP50_car,0.79162,2026-10-09T21:22:31.350082+07:00
set1_night_aug,val_partlycloudy,pycocotools,mAP50-95_car,0.4929,2026-10-09T21:22:31.350082+07:00
set1_night_aug,val_partlycloudy,pycocotools,mAP75_car,0.49806,2026-10-09T21:22:31.350082+07:00
set1_night_aug,val_partlycloudy,pycocotools,mAP50_truck,0.59944,2026-10-09T21:22:31.350082+07:00
set1_night_aug,val_partlycloudy,pycocotools,mAP50-95_truck,0.44213,2026-10-09T21:22:31.350082+07:00
set1_night_aug,val_partlycloudy,pycocotools,mAP75_truck,0.4603,2026-10-09T21:22:31.350082+07:00
set1_night_aug,val_partlycloudy,pycocotools,mAP50_bus,0.55991,2026-10-09T21:22:31.350082+07:00
set1_night_aug,val_partlycloudy,pycocotools,mAP50-95_bus,0.43238,2026-10-09T21:22:31.350082+07:00
set1_night_aug,val_partlycloudy,pycocotools,mAP75_bus,0.48251,2026-10-09T21:22:31.350082+07:00
set1_night_aug,val_partlycloudy,pycocotools,mAP50_motor,0.41312,2026-10-09T21:22:31.350082+07:00
set1_night_aug,val_partlycloudy,pycocotools,mAP50-95_motor,0.22593,2026-10-09T21:22:31.350082+07:00
set1_night_aug,val_partlycloudy,pycocotools,mAP75_motor,0.21434,2026-10-09T21:22:31.350082+07:00
set1_night_aug,val_partlycloudy,pycocotools,mAP50_bike,0.34699,2026-10-09T21:22:31.350082+07:00
set1_night_aug,val_partlycloudy,pycocotools,mAP50-95_bike,0.17481,2026-10-09T21:22:31.350082+07:00
set1_night_aug,val_partlycloudy,pycocotools,mAP75_bike,0.16797,2026-10-09T21:22:31.350082+07:00
set1_night_aug,val_rainy,pycocotools,mAP50,0.57041,2026-10-09T21:22:31.350082+07:00
set1_night_aug,val_rainy,pycocotools,mAP50-95,0.37009,2026-10-09T21:22:31.350082+07:00
set1_night_aug,val_rainy,pycocotools,mAP75,0.38966,2026-10-09T21:22:31.350082+07:00
set1_night_aug,val_rainy,pycocotools,mAP50_car,0.79007,2026-10-09T21:22:31.350082+07:00
set1_night_aug,val_rainy,pycocotools,mAP50-95_car,0.48633,2026-10-09T21:22:31.350082+07:00
set1_night_aug,val_rainy,pycocotools,mAP75_car,0.48927,2026-10-09T21:22:31.350082+07:00
set1_night_aug,val_rainy,pycocotools,mAP50_truck,0.62065,2026-10-09T21:22:31.350082+07:00
set1_night_aug,val_rainy,pycocotools,mAP50-95_truck,0.44482,2026-10-09T21:22:31.350082+07:00
set1_night_aug,val_rainy,pycocotools,mAP75_truck,0.51016,2026-10-09T21:22:31.350082+07:00
set1_night_aug,val_rainy,pycocotools,mAP50_bus,0.55438,2026-10-09T21:22:31.350082+07:00
set1_night_aug,val_rainy,pycocotools,mAP50-95_bus,0.42465,2026-10-09T21:22:31.350082+07:00
set1_night_aug,val_rainy,pycocotools,mAP75_bus,0.46359,2026-10-09T21:22:31.350082+07:00
set1_night_aug,val_rainy,pycocotools,mAP50_motor,0.34531,2026-10-09T21:22:31.350082+07:00
set1_night_aug,val_rainy,pycocotools,mAP50-95_motor,0.21724,2026-10-09T21:22:31.350082+07:00
set1_night_aug,val_rainy,pycocotools,mAP75_motor,0.22512,2026-10-09T21:22:31.350082+07:00
set1_night_aug,val_rainy,pycocotools,mAP50_bike,0.54165,2026-10-09T21:22:31.350082+07:00
set1_night_aug,val_rainy,pycocotools,mAP50-95_bike,0.27739,2026-10-09T21:22:31.350082+07:00
set1_night_aug,val_rainy,pycocotools,mAP75_bike,0.26018,2026-10-09T21:22:31.350082+07:00
set1_night_aug,val_foggy,pycocotools,mAP50,0.64637,2026-10-09T21:22:31.350082+07:00
set1_night_aug,val_foggy,pycocotools,mAP50-95,0.28078,2026-10-09T21:22:31.350082+07:00
set1_night_aug,val_foggy,pycocotools,mAP75,0.22642,2026-10-09T21:22:31.350082+07:00
set1_night_aug,val_foggy,pycocotools,mAP50_car,0.73119,2026-10-09T21:22:31.350082+07:00
set1_night_aug,val_foggy,pycocotools,mAP50-95_car,0.45521,2026-10-09T21:22:31.350082+07:00
set1_night_aug,val_foggy,pycocotools,mAP75_car,0.47134,2026-10-09T21:22:31.350082+07:00
set1_night_aug,val_foggy,pycocotools,mAP50_truck,0.20792,2026-10-09T21:22:31.350082+07:00
set1_night_aug,val_foggy,pycocotools,mAP50-95_truck,0.18713,2026-10-09T21:22:31.350082+07:00
set1_night_aug,val_foggy,pycocotools,mAP75_truck,0.20792,2026-10-09T21:22:31.350082+07:00
set1_night_aug,val_foggy,pycocotools,mAP50_bus,-1.0,2026-10-09T21:22:31.350082+07:00
set1_night_aug,val_foggy,pycocotools,mAP50-95_bus,-1.0,2026-10-09T21:22:31.350082+07:00
set1_night_aug,val_foggy,pycocotools,mAP75_bus,-1.0,2026-10-09T21:22:31.350082+07:00
set1_night_aug,val_foggy,pycocotools,mAP50_motor,1.0,2026-10-09T21:22:31.350082+07:00
set1_night_aug,val_foggy,pycocotools,mAP50-95_motor,0.2,2026-10-09T21:22:31.350082+07:00
set1_night_aug,val_foggy,pycocotools,mAP75_motor,0.0,2026-10-09T21:22:31.350082+07:00
set1_night_aug,val_foggy,pycocotools,mAP50_bike,-1.0,2026-10-09T21:22:31.350082+07:00
set1_night_aug,val_foggy,pycocotools,mAP50-95_bike,-1.0,2026-10-09T21:22:31.350082+07:00
set1_night_aug,val_foggy,pycocotools,mAP75_bike,-1.0,2026-10-09T21:22:31.350082+07:00
set3_combined,val_clear,ultralytics,mAP50,0.5810641560126374,2026-10-09T21:28:00.329076+07:00
set3_combined,val_clear,ultralytics,mAP50-95,0.3652510555971555,2026-10-09T21:28:00.329076+07:00
set3_combined,val_clear,ultralytics,mAP50_car,0.782308814848631,2026-10-09T21:28:00.329076+07:00
set3_combined,val_clear,ultralytics,mAP50-95_car,0.46689786242822606,2026-10-09T21:28:00.329076+07:00
set3_combined,val_clear,ultralytics,mAP50_truck,0.6169636414557199,2026-10-09T21:28:00.329076+07:00
set3_combined,val_clear,ultralytics,mAP50-95_truck,0.4554115177575464,2026-10-09T21:28:00.329076+07:00
set3_combined,val_clear,ultralytics,mAP50_bus,0.6173591720542971,2026-10-09T21:28:00.329076+07:00
set3_combined,val_clear,ultralytics,mAP50-95_bus,0.47381159184862803,2026-10-09T21:28:00.329076+07:00
set3_combined,val_clear,ultralytics,mAP50_motor,0.426391668832411,2026-10-09T21:28:00.329076+07:00
set3_combined,val_clear,ultralytics,mAP50-95_motor,0.2010019283054882,2026-10-09T21:28:00.329076+07:00
set3_combined,val_clear,ultralytics,mAP50_bike,0.4622974828721279,2026-10-09T21:28:00.329076+07:00
set3_combined,val_clear,ultralytics,mAP50-95_bike,0.22913237764588876,2026-10-09T21:28:00.329076+07:00
set3_combined,val_overcast,ultralytics,mAP50,0.5973381607698339,2026-10-09T21:28:00.329076+07:00
set3_combined,val_overcast,ultralytics,mAP50-95,0.373132846175705,2026-10-09T21:28:00.329076+07:00
set3_combined,val_overcast,ultralytics,mAP50_car,0.8197915946746285,2026-10-09T21:28:00.329076+07:00
set3_combined,val_overcast,ultralytics,mAP50-95_car,0.5212453641413004,2026-10-09T21:28:00.329076+07:00
set3_combined,val_overcast,ultralytics,mAP50_truck,0.6517326429609063,2026-10-09T21:28:00.329076+07:00
set3_combined,val_overcast,ultralytics,mAP50-95_truck,0.47141155578022725,2026-10-09T21:28:00.329076+07:00
set3_combined,val_overcast,ultralytics,mAP50_bus,0.6113818296047231,2026-10-09T21:28:00.329076+07:00
set3_combined,val_overcast,ultralytics,mAP50-95_bus,0.4588368745695126,2026-10-09T21:28:00.329076+07:00
set3_combined,val_overcast,ultralytics,mAP50_motor,0.3843594965261944,2026-10-09T21:28:00.329076+07:00
set3_combined,val_overcast,ultralytics,mAP50-95_motor,0.1652674277385882,2026-10-09T21:28:00.329076+07:00
set3_combined,val_overcast,ultralytics,mAP50_bike,0.5194252400827171,2026-10-09T21:28:00.329076+07:00
set3_combined,val_overcast,ultralytics,mAP50-95_bike,0.24890300864889658,2026-10-09T21:28:00.329076+07:00
set3_combined,val_snowy,ultralytics,mAP50,0.5195750767434995,2026-10-09T21:28:00.329076+07:00
set3_combined,val_snowy,ultralytics,mAP50-95,0.3394036552800826,2026-10-09T21:28:00.329076+07:00
set3_combined,val_snowy,ultralytics,mAP50_car,0.8020982501037217,2026-10-09T21:28:00.329076+07:00
set3_combined,val_snowy,ultralytics,mAP50-95_car,0.49860105529977067,2026-10-09T21:28:00.329076+07:00
set3_combined,val_snowy,ultralytics,mAP50_truck,0.6409303820575187,2026-10-09T21:28:00.329076+07:00
set3_combined,val_snowy,ultralytics,mAP50-95_truck,0.47071443592363166,2026-10-09T21:28:00.329076+07:00
set3_combined,val_snowy,ultralytics,mAP50_bus,0.5476017921878117,2026-10-09T21:28:00.329076+07:00
set3_combined,val_snowy,ultralytics,mAP50-95_bus,0.41584814028708256,2026-10-09T21:28:00.329076+07:00
set3_combined,val_snowy,ultralytics,mAP50_motor,0.2778564685786209,2026-10-09T21:28:00.329076+07:00
set3_combined,val_snowy,ultralytics,mAP50-95_motor,0.1708746291468129,2026-10-09T21:28:00.329076+07:00
set3_combined,val_snowy,ultralytics,mAP50_bike,0.32938849078982363,2026-10-09T21:28:00.329076+07:00
set3_combined,val_snowy,ultralytics,mAP50-95_bike,0.1409800157431148,2026-10-09T21:28:00.329076+07:00
set3_combined,val_partlycloudy,ultralytics,mAP50,0.5779858331133153,2026-10-09T21:28:00.329076+07:00
set3_combined,val_partlycloudy,ultralytics,mAP50-95,0.3778142410014214,2026-10-09T21:28:00.329076+07:00
set3_combined,val_partlycloudy,ultralytics,mAP50_car,0.7963579782204812,2026-10-09T21:28:00.329076+07:00
set3_combined,val_partlycloudy,ultralytics,mAP50-95_car,0.5022043166472543,2026-10-09T21:28:00.329076+07:00
set3_combined,val_partlycloudy,ultralytics,mAP50_truck,0.6491990383120874,2026-10-09T21:28:00.329076+07:00
set3_combined,val_partlycloudy,ultralytics,mAP50-95_truck,0.48094103167357377,2026-10-09T21:28:00.329076+07:00
set3_combined,val_partlycloudy,ultralytics,mAP50_bus,0.6451513750485991,2026-10-09T21:28:00.329076+07:00
set3_combined,val_partlycloudy,ultralytics,mAP50-95_bus,0.48575763060182986,2026-10-09T21:28:00.329076+07:00
set3_combined,val_partlycloudy,ultralytics,mAP50_motor,0.39555169709610566,2026-10-09T21:28:00.329076+07:00
set3_combined,val_partlycloudy,ultralytics,mAP50-95_motor,0.23420024312465398,2026-10-09T21:28:00.329076+07:00
set3_combined,val_partlycloudy,ultralytics,mAP50_bike,0.4036690768893031,2026-10-09T21:28:00.329076+07:00
set3_combined,val_partlycloudy,ultralytics,mAP50-95_bike,0.18596798295979516,2026-10-09T21:28:00.329076+07:00
set3_combined,val_rainy,ultralytics,mAP50,0.5850399335507009,2026-10-09T21:28:00.329076+07:00
set3_combined,val_rainy,ultralytics,mAP50-95,0.3849116834322024,2026-10-09T21:28:00.329076+07:00
set3_combined,val_rainy,ultralytics,mAP50_car,0.7943336962253956,2026-10-09T21:28:00.329076+07:00
set3_combined,val_rainy,ultralytics,mAP50-95_car,0.4961418435404604,2026-10-09T21:28:00.329076+07:00
set3_combined,val_rainy,ultralytics,mAP50_truck,0.6901006805548742,2026-10-09T21:28:00.329076+07:00
set3_combined,val_rainy,ultralytics,mAP50-95_truck,0.49337505374128054,2026-10-09T21:28:00.329076+07:00
set3_combined,val_rainy,ultralytics,mAP50_bus,0.6105714067983378,2026-10-09T21:28:00.329076+07:00
set3_combined,val_rainy,ultralytics,mAP50-95_bus,0.46831303308566075,2026-10-09T21:28:00.329076+07:00
set3_combined,val_rainy,ultralytics,mAP50_motor,0.34923935380371796,2026-10-09T21:28:00.329076+07:00
set3_combined,val_rainy,ultralytics,mAP50-95_motor,0.21678717633982186,2026-10-09T21:28:00.329076+07:00
set3_combined,val_rainy,ultralytics,mAP50_bike,0.4809545303711791,2026-10-09T21:28:00.329076+07:00
set3_combined,val_rainy,ultralytics,mAP50-95_bike,0.24994131045378828,2026-10-09T21:28:00.329076+07:00
set3_combined,val_foggy,ultralytics,mAP50,0.662131758797392,2026-10-09T21:28:00.329076+07:00
set3_combined,val_foggy,ultralytics,mAP50-95,0.25821190238168124,2026-10-09T21:28:00.329076+07:00
set3_combined,val_foggy,ultralytics,mAP50_car,0.725807041098058,2026-10-09T21:28:00.329076+07:00
set3_combined,val_foggy,ultralytics,mAP50-95_car,0.4549298247921024,2026-10-09T21:28:00.329076+07:00
set3_combined,val_foggy,ultralytics,mAP50_truck,0.2655882352941177,2026-10-09T21:28:00.329076+07:00
set3_combined,val_foggy,ultralytics,mAP50-95_truck,0.2202058823529412,2026-10-09T21:28:00.329076+07:00
set3_combined,val_foggy,ultralytics,mAP50_motor,0.995,2026-10-09T21:28:00.329076+07:00
set3_combined,val_foggy,ultralytics,mAP50-95_motor,0.0995,2026-10-09T21:28:00.329076+07:00
set3_combined,val_clear,pycocotools,mAP50,0.55393,2026-10-09T21:28:00.329076+07:00
set3_combined,val_clear,pycocotools,mAP50-95,0.34428,2026-10-09T21:28:00.329076+07:00
set3_combined,val_clear,pycocotools,mAP75,0.34691,2026-10-09T21:28:00.329076+07:00
set3_combined,val_clear,pycocotools,mAP50_car,0.77882,2026-10-09T21:28:00.329076+07:00
set3_combined,val_clear,pycocotools,mAP50-95_car,0.45888,2026-10-09T21:28:00.329076+07:00
set3_combined,val_clear,pycocotools,mAP75_car,0.44777,2026-10-09T21:28:00.329076+07:00
set3_combined,val_clear,pycocotools,mAP50_truck,0.56203,2026-10-09T21:28:00.329076+07:00
set3_combined,val_clear,pycocotools,mAP50-95_truck,0.41655,2026-10-09T21:28:00.329076+07:00
set3_combined,val_clear,pycocotools,mAP75_truck,0.46773,2026-10-09T21:28:00.329076+07:00
set3_combined,val_clear,pycocotools,mAP50_bus,0.54273,2026-10-09T21:28:00.329076+07:00
set3_combined,val_clear,pycocotools,mAP50-95_bus,0.42098,2026-10-09T21:28:00.329076+07:00
set3_combined,val_clear,pycocotools,mAP75_bus,0.48169,2026-10-09T21:28:00.329076+07:00
set3_combined,val_clear,pycocotools,mAP50_motor,0.41884,2026-10-09T21:28:00.329076+07:00
set3_combined,val_clear,pycocotools,mAP50-95_motor,0.19472,2026-10-09T21:28:00.329076+07:00
set3_combined,val_clear,pycocotools,mAP75_motor,0.14403,2026-10-09T21:28:00.329076+07:00
set3_combined,val_clear,pycocotools,mAP50_bike,0.46726,2026-10-09T21:28:00.329076+07:00
set3_combined,val_clear,pycocotools,mAP50-95_bike,0.23029,2026-10-09T21:28:00.329076+07:00
set3_combined,val_clear,pycocotools,mAP75_bike,0.19334,2026-10-09T21:28:00.329076+07:00
set3_combined,val_overcast,pycocotools,mAP50,0.56194,2026-10-09T21:28:00.329076+07:00
set3_combined,val_overcast,pycocotools,mAP50-95,0.35073,2026-10-09T21:28:00.329076+07:00
set3_combined,val_overcast,pycocotools,mAP75,0.3463,2026-10-09T21:28:00.329076+07:00
set3_combined,val_overcast,pycocotools,mAP50_car,0.81383,2026-10-09T21:28:00.329076+07:00
set3_combined,val_overcast,pycocotools,mAP50-95_car,0.51197,2026-10-09T21:28:00.329076+07:00
set3_combined,val_overcast,pycocotools,mAP75_car,0.517,2026-10-09T21:28:00.329076+07:00
set3_combined,val_overcast,pycocotools,mAP50_truck,0.613,2026-10-09T21:28:00.329076+07:00
set3_combined,val_overcast,pycocotools,mAP50-95_truck,0.43845,2026-10-09T21:28:00.329076+07:00
set3_combined,val_overcast,pycocotools,mAP75_truck,0.48259,2026-10-09T21:28:00.329076+07:00
set3_combined,val_overcast,pycocotools,mAP50_bus,0.54155,2026-10-09T21:28:00.329076+07:00
set3_combined,val_overcast,pycocotools,mAP50-95_bus,0.41185,2026-10-09T21:28:00.329076+07:00
set3_combined,val_overcast,pycocotools,mAP75_bus,0.44194,2026-10-09T21:28:00.329076+07:00
set3_combined,val_overcast,pycocotools,mAP50_motor,0.31447,2026-10-09T21:28:00.329076+07:00
set3_combined,val_overcast,pycocotools,mAP50-95_motor,0.14407,2026-10-09T21:28:00.329076+07:00
set3_combined,val_overcast,pycocotools,mAP75_motor,0.11095,2026-10-09T21:28:00.329076+07:00
set3_combined,val_overcast,pycocotools,mAP50_bike,0.52685,2026-10-09T21:28:00.329076+07:00
set3_combined,val_overcast,pycocotools,mAP50-95_bike,0.2473,2026-10-09T21:28:00.329076+07:00
set3_combined,val_overcast,pycocotools,mAP75_bike,0.17903,2026-10-09T21:28:00.329076+07:00
set3_combined,val_snowy,pycocotools,mAP50,0.48125,2026-10-09T21:28:00.329076+07:00
set3_combined,val_snowy,pycocotools,mAP50-95,0.31344,2026-10-09T21:28:00.329076+07:00
set3_combined,val_snowy,pycocotools,mAP75,0.32193,2026-10-09T21:28:00.329076+07:00
set3_combined,val_snowy,pycocotools,mAP50_car,0.79754,2026-10-09T21:28:00.329076+07:00
set3_combined,val_snowy,pycocotools,mAP50-95_car,0.48912,2026-10-09T21:28:00.329076+07:00
set3_combined,val_snowy,pycocotools,mAP75_car,0.49212,2026-10-09T21:28:00.329076+07:00
set3_combined,val_snowy,pycocotools,mAP50_truck,0.58118,2026-10-09T21:28:00.329076+07:00
set3_combined,val_snowy,pycocotools,mAP50-95_truck,0.4209,2026-10-09T21:28:00.329076+07:00
set3_combined,val_snowy,pycocotools,mAP75_truck,0.47214,2026-10-09T21:28:00.329076+07:00
set3_combined,val_snowy,pycocotools,mAP50_bus,0.46862,2026-10-09T21:28:00.329076+07:00
set3_combined,val_snowy,pycocotools,mAP50-95_bus,0.36745,2026-10-09T21:28:00.329076+07:00
set3_combined,val_snowy,pycocotools,mAP75_bus,0.41317,2026-10-09T21:28:00.329076+07:00
set3_combined,val_snowy,pycocotools,mAP50_motor,0.22772,2026-10-09T21:28:00.329076+07:00
set3_combined,val_snowy,pycocotools,mAP50-95_motor,0.1505,2026-10-09T21:28:00.329076+07:00
set3_combined,val_snowy,pycocotools,mAP75_motor,0.11881,2026-10-09T21:28:00.329076+07:00
set3_combined,val_snowy,pycocotools,mAP50_bike,0.33119,2026-10-09T21:28:00.329076+07:00
set3_combined,val_snowy,pycocotools,mAP50-95_bike,0.13923,2026-10-09T21:28:00.329076+07:00
set3_combined,val_snowy,pycocotools,mAP75_bike,0.11343,2026-10-09T21:28:00.329076+07:00
set3_combined,val_partlycloudy,pycocotools,mAP50,0.54793,2026-10-09T21:28:00.329076+07:00
set3_combined,val_partlycloudy,pycocotools,mAP50-95,0.3597,2026-10-09T21:28:00.329076+07:00
set3_combined,val_partlycloudy,pycocotools,mAP75,0.3678,2026-10-09T21:28:00.329076+07:00
set3_combined,val_partlycloudy,pycocotools,mAP50_car,0.79174,2026-10-09T21:28:00.329076+07:00
set3_combined,val_partlycloudy,pycocotools,mAP50-95_car,0.49404,2026-10-09T21:28:00.329076+07:00
set3_combined,val_partlycloudy,pycocotools,mAP75_car,0.49791,2026-10-09T21:28:00.329076+07:00
set3_combined,val_partlycloudy,pycocotools,mAP50_truck,0.60369,2026-10-09T21:28:00.329076+07:00
set3_combined,val_partlycloudy,pycocotools,mAP50-95_truck,0.44385,2026-10-09T21:28:00.329076+07:00
set3_combined,val_partlycloudy,pycocotools,mAP75_truck,0.47192,2026-10-09T21:28:00.329076+07:00
set3_combined,val_partlycloudy,pycocotools,mAP50_bus,0.59398,2026-10-09T21:28:00.329076+07:00
set3_combined,val_partlycloudy,pycocotools,mAP50-95_bus,0.45287,2026-10-09T21:28:00.329076+07:00
set3_combined,val_partlycloudy,pycocotools,mAP75_bus,0.47968,2026-10-09T21:28:00.329076+07:00
set3_combined,val_partlycloudy,pycocotools,mAP50_motor,0.37757,2026-10-09T21:28:00.329076+07:00
set3_combined,val_partlycloudy,pycocotools,mAP50-95_motor,0.22009,2026-10-09T21:28:00.329076+07:00
set3_combined,val_partlycloudy,pycocotools,mAP75_motor,0.22396,2026-10-09T21:28:00.329076+07:00
set3_combined,val_partlycloudy,pycocotools,mAP50_bike,0.37268,2026-10-09T21:28:00.329076+07:00
set3_combined,val_partlycloudy,pycocotools,mAP50-95_bike,0.18765,2026-10-09T21:28:00.329076+07:00
set3_combined,val_partlycloudy,pycocotools,mAP75_bike,0.16555,2026-10-09T21:28:00.329076+07:00
set3_combined,val_rainy,pycocotools,mAP50,0.55034,2026-10-09T21:28:00.329076+07:00
set3_combined,val_rainy,pycocotools,mAP50-95,0.36336,2026-10-09T21:28:00.329076+07:00
set3_combined,val_rainy,pycocotools,mAP75,0.38705,2026-10-09T21:28:00.329076+07:00
set3_combined,val_rainy,pycocotools,mAP50_car,0.79385,2026-10-09T21:28:00.329076+07:00
set3_combined,val_rainy,pycocotools,mAP50-95_car,0.48721,2026-10-09T21:28:00.329076+07:00
set3_combined,val_rainy,pycocotools,mAP75_car,0.48948,2026-10-09T21:28:00.329076+07:00
set3_combined,val_rainy,pycocotools,mAP50_truck,0.6224,2026-10-09T21:28:00.329076+07:00
set3_combined,val_rainy,pycocotools,mAP50-95_truck,0.44611,2026-10-09T21:28:00.329076+07:00
set3_combined,val_rainy,pycocotools,mAP75_truck,0.50053,2026-10-09T21:28:00.329076+07:00
set3_combined,val_rainy,pycocotools,mAP50_bus,0.52862,2026-10-09T21:28:00.329076+07:00
set3_combined,val_rainy,pycocotools,mAP50-95_bus,0.41188,2026-10-09T21:28:00.329076+07:00
set3_combined,val_rainy,pycocotools,mAP75_bus,0.44665,2026-10-09T21:28:00.329076+07:00
set3_combined,val_rainy,pycocotools,mAP50_motor,0.31781,2026-10-09T21:28:00.329076+07:00
set3_combined,val_rainy,pycocotools,mAP50-95_motor,0.21968,2026-10-09T21:28:00.329076+07:00
set3_combined,val_rainy,pycocotools,mAP75_motor,0.25472,2026-10-09T21:28:00.329076+07:00
set3_combined,val_rainy,pycocotools,mAP50_bike,0.48904,2026-10-09T21:28:00.329076+07:00
set3_combined,val_rainy,pycocotools,mAP50-95_bike,0.25193,2026-10-09T21:28:00.329076+07:00
set3_combined,val_rainy,pycocotools,mAP75_bike,0.24386,2026-10-09T21:28:00.329076+07:00
set3_combined,val_foggy,pycocotools,mAP50,0.64608,2026-10-09T21:28:00.329076+07:00
set3_combined,val_foggy,pycocotools,mAP50-95,0.27821,2026-10-09T21:28:00.329076+07:00
set3_combined,val_foggy,pycocotools,mAP75,0.2242,2026-10-09T21:28:00.329076+07:00
set3_combined,val_foggy,pycocotools,mAP50_car,0.73032,2026-10-09T21:28:00.329076+07:00
set3_combined,val_foggy,pycocotools,mAP50-95_car,0.44751,2026-10-09T21:28:00.329076+07:00
set3_combined,val_foggy,pycocotools,mAP75_car,0.46469,2026-10-09T21:28:00.329076+07:00
set3_combined,val_foggy,pycocotools,mAP50_truck,0.20792,2026-10-09T21:28:00.329076+07:00
set3_combined,val_foggy,pycocotools,mAP50-95_truck,0.18713,2026-10-09T21:28:00.329076+07:00
set3_combined,val_foggy,pycocotools,mAP75_truck,0.20792,2026-10-09T21:28:00.329076+07:00
set3_combined,val_foggy,pycocotools,mAP50_bus,-1.0,2026-10-09T21:28:00.329076+07:00
set3_combined,val_foggy,pycocotools,mAP50-95_bus,-1.0,2026-10-09T21:28:00.329076+07:00
set3_combined,val_foggy,pycocotools,mAP75_bus,-1.0,2026-10-09T21:28:00.329076+07:00
set3_combined,val_foggy,pycocotools,mAP50_motor,1.0,2026-10-09T21:28:00.329076+07:00
set3_combined,val_foggy,pycocotools,mAP50-95_motor,0.2,2026-10-09T21:28:00.329076+07:00
set3_combined,val_foggy,pycocotools,mAP75_motor,0.0,2026-10-09T21:28:00.329076+07:00
set3_combined,val_foggy,pycocotools,mAP50_bike,-1.0,2026-10-09T21:28:00.329076+07:00
set3_combined,val_foggy,pycocotools,mAP50-95_bike,-1.0,2026-10-09T21:28:00.329076+07:00
set3_combined,val_foggy,pycocotools,mAP75_bike,-1.0,2026-10-09T21:28:00.329076+07:00
