arm,slice,class,metric,value,n_images,n_instances,reportable,timestamp
base_10,overall,all,mAP50-95,0.26377,8841,97193,True,2026-09-13T08:30:20.604345+00:00
base_10,overall,all,mAP50,0.43618,8841,97193,True,2026-09-13T08:30:20.604345+00:00
base_10,overall,all,mAP75,0.26095,8841,97193,True,2026-09-13T08:30:20.604345+00:00
base_10,overall,car,mAP50-95,0.43498,8841,91118,True,2026-09-13T08:30:20.604345+00:00
base_10,overall,car,mAP50,0.74105,8841,91118,True,2026-09-13T08:30:20.604345+00:00
base_10,overall,car,mAP75,0.42453,8841,91118,True,2026-09-13T08:30:20.604345+00:00
base_10,overall,truck,mAP50-95,0.32375,8841,3608,True,2026-09-13T08:30:20.604345+00:00
base_10,overall,truck,mAP50,0.46291,8841,3608,True,2026-09-13T08:30:20.604345+00:00
base_10,overall,truck,mAP75,0.3574,8841,3608,True,2026-09-13T08:30:20.604345+00:00
base_10,overall,bus,mAP50-95,0.32605,8841,1351,True,2026-09-13T08:30:20.604345+00:00
base_10,overall,bus,mAP50,0.43833,8841,1351,True,2026-09-13T08:30:20.604345+00:00
base_10,overall,bus,mAP75,0.36686,8841,1351,True,2026-09-13T08:30:20.604345+00:00
base_10,overall,motor,mAP50-95,0.10566,8841,377,False,2026-09-13T08:30:20.604345+00:00
base_10,overall,motor,mAP50,0.23684,8841,377,False,2026-09-13T08:30:20.604345+00:00
base_10,overall,motor,mAP75,0.073,8841,377,False,2026-09-13T08:30:20.604345+00:00
base_10,overall,bike,mAP50-95,0.12841,8841,739,False,2026-09-13T08:30:20.604345+00:00
base_10,overall,bike,mAP50,0.30177,8841,739,False,2026-09-13T08:30:20.604345+00:00
base_10,overall,bike,mAP75,0.08297,8841,739,False,2026-09-13T08:30:20.604345+00:00
base_10,adverse,all,mAP50-95,0.26362,1519,15765,True,2026-09-13T08:30:20.604345+00:00
base_10,adverse,all,mAP50,0.43098,1519,15765,True,2026-09-13T08:30:20.604345+00:00
base_10,adverse,all,mAP75,0.26711,1519,15765,True,2026-09-13T08:30:20.604345+00:00
base_10,adverse,car,mAP50-95,0.44277,1519,14568,True,2026-09-13T08:30:20.604345+00:00
base_10,adverse,car,mAP50,0.74327,1519,14568,True,2026-09-13T08:30:20.604345+00:00
base_10,adverse,car,mAP75,0.4382,1519,14568,True,2026-09-13T08:30:20.604345+00:00
base_10,adverse,truck,mAP50-95,0.34024,1519,754,False,2026-09-13T08:30:20.604345+00:00
base_10,adverse,truck,mAP50,0.49446,1519,754,False,2026-09-13T08:30:20.604345+00:00
base_10,adverse,truck,mAP75,0.37699,1519,754,False,2026-09-13T08:30:20.604345+00:00
base_10,adverse,bus,mAP50-95,0.29525,1519,265,False,2026-09-13T08:30:20.604345+00:00
base_10,adverse,bus,mAP50,0.40824,1519,265,False,2026-09-13T08:30:20.604345+00:00
base_10,adverse,bus,mAP75,0.32285,1519,265,False,2026-09-13T08:30:20.604345+00:00
base_10,adverse,motor,mAP50-95,0.13322,1519,40,False,2026-09-13T08:30:20.604345+00:00
base_10,adverse,motor,mAP50,0.26212,1519,40,False,2026-09-13T08:30:20.604345+00:00
base_10,adverse,motor,mAP75,0.13706,1519,40,False,2026-09-13T08:30:20.604345+00:00
base_10,adverse,bike,mAP50-95,0.1066,1519,138,False,2026-09-13T08:30:20.604345+00:00
base_10,adverse,bike,mAP50,0.2468,1519,138,False,2026-09-13T08:30:20.604345+00:00
base_10,adverse,bike,mAP75,0.06043,1519,138,False,2026-09-13T08:30:20.604345+00:00
base_10,benign,all,mAP50-95,0.26539,7322,81428,True,2026-09-13T08:30:20.604345+00:00
base_10,benign,all,mAP50,0.43884,7322,81428,True,2026-09-13T08:30:20.604345+00:00
base_10,benign,all,mAP75,0.26253,7322,81428,True,2026-09-13T08:30:20.604345+00:00
base_10,benign,car,mAP50-95,0.43352,7322,76550,True,2026-09-13T08:30:20.604345+00:00
base_10,benign,car,mAP50,0.741,7322,76550,True,2026-09-13T08:30:20.604345+00:00
base_10,benign,car,mAP75,0.42237,7322,76550,True,2026-09-13T08:30:20.604345+00:00
base_10,benign,truck,mAP50-95,0.32024,7322,2854,True,2026-09-13T08:30:20.604345+00:00
base_10,benign,truck,mAP50,0.45598,7322,2854,True,2026-09-13T08:30:20.604345+00:00
base_10,benign,truck,mAP75,0.35308,7322,2854,True,2026-09-13T08:30:20.604345+00:00
base_10,benign,bus,mAP50-95,0.33447,7322,1086,True,2026-09-13T08:30:20.604345+00:00
base_10,benign,bus,mAP50,0.44645,7322,1086,True,2026-09-13T08:30:20.604345+00:00
base_10,benign,bus,mAP75,0.37826,7322,1086,True,2026-09-13T08:30:20.604345+00:00
base_10,benign,motor,mAP50-95,0.10389,7322,337,False,2026-09-13T08:30:20.604345+00:00
base_10,benign,motor,mAP50,0.23502,7322,337,False,2026-09-13T08:30:20.604345+00:00
base_10,benign,motor,mAP75,0.06783,7322,337,False,2026-09-13T08:30:20.604345+00:00
base_10,benign,bike,mAP50-95,0.13484,7322,601,False,2026-09-13T08:30:20.604345+00:00
base_10,benign,bike,mAP50,0.31577,7322,601,False,2026-09-13T08:30:20.604345+00:00
base_10,benign,bike,mAP75,0.0911,7322,601,False,2026-09-13T08:30:20.604345+00:00
base_10,clear,all,mAP50-95,0.26051,5345,56667,True,2026-09-13T08:30:20.604345+00:00
base_10,clear,all,mAP50,0.43007,5345,56667,True,2026-09-13T08:30:20.604345+00:00
base_10,clear,all,mAP75,0.25955,5345,56667,True,2026-09-13T08:30:20.604345+00:00
base_10,clear,car,mAP50-95,0.42101,5345,53654,True,2026-09-13T08:30:20.604345+00:00
base_10,clear,car,mAP50,0.73415,5345,53654,True,2026-09-13T08:30:20.604345+00:00
base_10,clear,car,mAP75,0.40475,5345,53654,True,2026-09-13T08:30:20.604345+00:00
base_10,clear,truck,mAP50-95,0.31432,5345,1740,True,2026-09-13T08:30:20.604345+00:00
base_10,clear,truck,mAP50,0.4456,5345,1740,True,2026-09-13T08:30:20.604345+00:00
base_10,clear,truck,mAP75,0.35228,5345,1740,True,2026-09-13T08:30:20.604345+00:00
base_10,clear,bus,mAP50-95,0.34106,5345,682,False,2026-09-13T08:30:20.604345+00:00
base_10,clear,bus,mAP50,0.45311,5345,682,False,2026-09-13T08:30:20.604345+00:00
base_10,clear,bus,mAP75,0.38716,5345,682,False,2026-09-13T08:30:20.604345+00:00
base_10,clear,motor,mAP50-95,0.09727,5345,200,False,2026-09-13T08:30:20.604345+00:00
base_10,clear,motor,mAP50,0.22548,5345,200,False,2026-09-13T08:30:20.604345+00:00
base_10,clear,motor,mAP75,0.0596,5345,200,False,2026-09-13T08:30:20.604345+00:00
base_10,clear,bike,mAP50-95,0.12887,5345,391,False,2026-09-13T08:30:20.604345+00:00
base_10,clear,bike,mAP50,0.29202,5345,391,False,2026-09-13T08:30:20.604345+00:00
base_10,clear,bike,mAP75,0.09398,5345,391,False,2026-09-13T08:30:20.604345+00:00
base_10,dawndusk,all,mAP50-95,0.27528,714,8512,True,2026-09-13T08:30:20.604345+00:00
base_10,dawndusk,all,mAP50,0.4556,714,8512,True,2026-09-13T08:30:20.604345+00:00
base_10,dawndusk,all,mAP75,0.26705,714,8512,True,2026-09-13T08:30:20.604345+00:00
base_10,dawndusk,car,mAP50-95,0.45171,714,7964,True,2026-09-13T08:30:20.604345+00:00
base_10,dawndusk,car,mAP50,0.74477,714,7964,True,2026-09-13T08:30:20.604345+00:00
base_10,dawndusk,car,mAP75,0.45277,714,7964,True,2026-09-13T08:30:20.604345+00:00
base_10,dawndusk,truck,mAP50-95,0.33659,714,340,False,2026-09-13T08:30:20.604345+00:00
base_10,dawndusk,truck,mAP50,0.4796,714,340,False,2026-09-13T08:30:20.604345+00:00
base_10,dawndusk,truck,mAP75,0.37032,714,340,False,2026-09-13T08:30:20.604345+00:00
base_10,dawndusk,bus,mAP50-95,0.37545,714,127,False,2026-09-13T08:30:20.604345+00:00
base_10,dawndusk,bus,mAP50,0.50251,714,127,False,2026-09-13T08:30:20.604345+00:00
base_10,dawndusk,bus,mAP75,0.42723,714,127,False,2026-09-13T08:30:20.604345+00:00
base_10,dawndusk,motor,mAP50-95,0.05392,714,22,False,2026-09-13T08:30:20.604345+00:00
base_10,dawndusk,motor,mAP50,0.16042,714,22,False,2026-09-13T08:30:20.604345+00:00
base_10,dawndusk,motor,mAP75,0.01296,714,22,False,2026-09-13T08:30:20.604345+00:00
base_10,dawndusk,bike,mAP50-95,0.15872,714,59,False,2026-09-13T08:30:20.604345+00:00
base_10,dawndusk,bike,mAP50,0.39071,714,59,False,2026-09-13T08:30:20.604345+00:00
base_10,dawndusk,bike,mAP75,0.072,714,59,False,2026-09-13T08:30:20.604345+00:00
base_10,day,all,mAP50-95,0.26629,4264,51930,True,2026-09-13T08:30:20.604345+00:00
base_10,day,all,mAP50,0.43482,4264,51930,True,2026-09-13T08:30:20.604345+00:00
base_10,day,all,mAP75,0.26425,4264,51930,True,2026-09-13T08:30:20.604345+00:00
base_10,day,car,mAP50-95,0.4582,4264,47715,True,2026-09-13T08:30:20.604345+00:00
base_10,day,car,mAP50,0.75151,4264,47715,True,2026-09-13T08:30:20.604345+00:00
base_10,day,car,mAP75,0.45712,4264,47715,True,2026-09-13T08:30:20.604345+00:00
base_10,day,truck,mAP50-95,0.32249,4264,2532,True,2026-09-13T08:30:20.604345+00:00
base_10,day,truck,mAP50,0.46019,4264,2532,True,2026-09-13T08:30:20.604345+00:00
base_10,day,truck,mAP75,0.35486,4264,2532,True,2026-09-13T08:30:20.604345+00:00
base_10,day,bus,mAP50-95,0.30868,4264,927,True,2026-09-13T08:30:20.604345+00:00
base_10,day,bus,mAP50,0.41883,4264,927,True,2026-09-13T08:30:20.604345+00:00
base_10,day,bus,mAP75,0.34252,4264,927,True,2026-09-13T08:30:20.604345+00:00
base_10,day,motor,mAP50-95,0.11973,4264,262,False,2026-09-13T08:30:20.604345+00:00
base_10,day,motor,mAP50,0.26279,4264,262,False,2026-09-13T08:30:20.604345+00:00
base_10,day,motor,mAP75,0.08133,4264,262,False,2026-09-13T08:30:20.604345+00:00
base_10,day,bike,mAP50-95,0.12233,4264,494,False,2026-09-13T08:30:20.604345+00:00
base_10,day,bike,mAP50,0.28078,4264,494,False,2026-09-13T08:30:20.604345+00:00
base_10,day,bike,mAP75,0.08543,4264,494,False,2026-09-13T08:30:20.604345+00:00
base_10,day_adverse,all,mAP50-95,0.26947,823,9252,True,2026-09-13T08:30:20.604345+00:00
base_10,day_adverse,all,mAP50,0.43846,823,9252,True,2026-09-13T08:30:20.604345+00:00
base_10,day_adverse,all,mAP75,0.28142,823,9252,True,2026-09-13T08:30:20.604345+00:00
base_10,day_adverse,car,mAP50-95,0.46128,823,8401,True,2026-09-13T08:30:20.604345+00:00
base_10,day_adverse,car,mAP50,0.75616,823,8401,True,2026-09-13T08:30:20.604345+00:00
base_10,day_adverse,car,mAP75,0.46072,823,8401,True,2026-09-13T08:30:20.604345+00:00
base_10,day_adverse,truck,mAP50-95,0.35622,823,540,False,2026-09-13T08:30:20.604345+00:00
base_10,day_adverse,truck,mAP50,0.51151,823,540,False,2026-09-13T08:30:20.604345+00:00
base_10,day_adverse,truck,mAP75,0.39679,823,540,False,2026-09-13T08:30:20.604345+00:00
base_10,day_adverse,bus,mAP50-95,0.26905,823,194,False,2026-09-13T08:30:20.604345+00:00
base_10,day_adverse,bus,mAP50,0.3837,823,194,False,2026-09-13T08:30:20.604345+00:00
base_10,day_adverse,bus,mAP75,0.2885,823,194,False,2026-09-13T08:30:20.604345+00:00
base_10,day_adverse,motor,mAP50-95,0.14582,823,23,False,2026-09-13T08:30:20.604345+00:00
base_10,day_adverse,motor,mAP50,0.27922,823,23,False,2026-09-13T08:30:20.604345+00:00
base_10,day_adverse,motor,mAP75,0.19095,823,23,False,2026-09-13T08:30:20.604345+00:00
base_10,day_adverse,bike,mAP50-95,0.115,823,94,False,2026-09-13T08:30:20.604345+00:00
base_10,day_adverse,bike,mAP50,0.26172,823,94,False,2026-09-13T08:30:20.604345+00:00
base_10,day_adverse,bike,mAP75,0.07014,823,94,False,2026-09-13T08:30:20.604345+00:00
base_10,day_clear,all,mAP50-95,0.26073,1764,21352,True,2026-09-13T08:30:20.604345+00:00
base_10,day_clear,all,mAP50,0.41837,1764,21352,True,2026-09-13T08:30:20.604345+00:00
base_10,day_clear,all,mAP75,0.26161,1764,21352,True,2026-09-13T08:30:20.604345+00:00
base_10,day_clear,car,mAP50-95,0.45262,1764,19633,True,2026-09-13T08:30:20.604345+00:00
base_10,day_clear,car,mAP50,0.74434,1764,19633,True,2026-09-13T08:30:20.604345+00:00
base_10,day_clear,car,mAP75,0.45003,1764,19633,True,2026-09-13T08:30:20.604345+00:00
base_10,day_clear,truck,mAP50-95,0.31131,1764,1021,True,2026-09-13T08:30:20.604345+00:00
base_10,day_clear,truck,mAP50,0.43666,1764,1021,True,2026-09-13T08:30:20.604345+00:00
base_10,day_clear,truck,mAP75,0.34641,1764,1021,True,2026-09-13T08:30:20.604345+00:00
base_10,day_clear,bus,mAP50-95,0.32237,1764,380,False,2026-09-13T08:30:20.604345+00:00
base_10,day_clear,bus,mAP50,0.42666,1764,380,False,2026-09-13T08:30:20.604345+00:00
base_10,day_clear,bus,mAP75,0.36196,1764,380,False,2026-09-13T08:30:20.604345+00:00
base_10,day_clear,motor,mAP50-95,0.1176,1764,111,False,2026-09-13T08:30:20.604345+00:00
base_10,day_clear,motor,mAP50,0.26656,1764,111,False,2026-09-13T08:30:20.604345+00:00
base_10,day_clear,motor,mAP75,0.06628,1764,111,False,2026-09-13T08:30:20.604345+00:00
base_10,day_clear,bike,mAP50-95,0.09976,1764,207,False,2026-09-13T08:30:20.604345+00:00
base_10,day_clear,bike,mAP50,0.21761,1764,207,False,2026-09-13T08:30:20.604345+00:00
base_10,day_clear,bike,mAP75,0.08336,1764,207,False,2026-09-13T08:30:20.604345+00:00
base_10,day_rainy,all,mAP50-95,0.28408,396,4356,True,2026-09-13T08:30:20.604345+00:00
base_10,day_rainy,all,mAP50,0.46563,396,4356,True,2026-09-13T08:30:20.604345+00:00
base_10,day_rainy,all,mAP75,0.29622,396,4356,True,2026-09-13T08:30:20.604345+00:00
base_10,day_rainy,car,mAP50-95,0.46986,396,3930,True,2026-09-13T08:30:20.604345+00:00
base_10,day_rainy,car,mAP50,0.76643,396,3930,True,2026-09-13T08:30:20.604345+00:00
base_10,day_rainy,car,mAP75,0.46992,396,3930,True,2026-09-13T08:30:20.604345+00:00
base_10,day_rainy,truck,mAP50-95,0.36212,396,272,False,2026-09-13T08:30:20.604345+00:00
base_10,day_rainy,truck,mAP50,0.52497,396,272,False,2026-09-13T08:30:20.604345+00:00
base_10,day_rainy,truck,mAP75,0.39373,396,272,False,2026-09-13T08:30:20.604345+00:00
base_10,day_rainy,bus,mAP50-95,0.26962,396,97,False,2026-09-13T08:30:20.604345+00:00
base_10,day_rainy,bus,mAP50,0.39344,396,97,False,2026-09-13T08:30:20.604345+00:00
base_10,day_rainy,bus,mAP75,0.29987,396,97,False,2026-09-13T08:30:20.604345+00:00
base_10,day_rainy,motor,mAP50-95,0.18159,396,16,False,2026-09-13T08:30:20.604345+00:00
base_10,day_rainy,motor,mAP50,0.34006,396,16,False,2026-09-13T08:30:20.604345+00:00
base_10,day_rainy,motor,mAP75,0.2161,396,16,False,2026-09-13T08:30:20.604345+00:00
base_10,day_rainy,bike,mAP50-95,0.1372,396,41,False,2026-09-13T08:30:20.604345+00:00
base_10,day_rainy,bike,mAP50,0.30327,396,41,False,2026-09-13T08:30:20.604345+00:00
base_10,day_rainy,bike,mAP75,0.10149,396,41,False,2026-09-13T08:30:20.604345+00:00
base_10,day_snowy,all,mAP50-95,0.25518,422,4842,True,2026-09-13T08:30:20.604345+00:00
base_10,day_snowy,all,mAP50,0.40922,422,4842,True,2026-09-13T08:30:20.604345+00:00
base_10,day_snowy,all,mAP75,0.26759,422,4842,True,2026-09-13T08:30:20.604345+00:00
base_10,day_snowy,car,mAP50-95,0.4547,422,4421,True,2026-09-13T08:30:20.604345+00:00
base_10,day_snowy,car,mAP50,0.7471,422,4421,True,2026-09-13T08:30:20.604345+00:00
base_10,day_snowy,car,mAP75,0.45374,422,4421,True,2026-09-13T08:30:20.604345+00:00
base_10,day_snowy,truck,mAP50-95,0.35774,422,264,False,2026-09-13T08:30:20.604345+00:00
base_10,day_snowy,truck,mAP50,0.50703,422,264,False,2026-09-13T08:30:20.604345+00:00
base_10,day_snowy,truck,mAP75,0.40821,422,264,False,2026-09-13T08:30:20.604345+00:00
base_10,day_snowy,bus,mAP50-95,0.27206,422,97,False,2026-09-13T08:30:20.604345+00:00
base_10,day_snowy,bus,mAP50,0.37968,422,97,False,2026-09-13T08:30:20.604345+00:00
base_10,day_snowy,bus,mAP75,0.28017,422,97,False,2026-09-13T08:30:20.604345+00:00
base_10,day_snowy,motor,mAP50-95,0.09521,422,7,False,2026-09-13T08:30:20.604345+00:00
base_10,day_snowy,motor,mAP50,0.18647,422,7,False,2026-09-13T08:30:20.604345+00:00
base_10,day_snowy,motor,mAP75,0.14851,422,7,False,2026-09-13T08:30:20.604345+00:00
base_10,day_snowy,bike,mAP50-95,0.09619,422,53,False,2026-09-13T08:30:20.604345+00:00
base_10,day_snowy,bike,mAP50,0.22581,422,53,False,2026-09-13T08:30:20.604345+00:00
base_10,day_snowy,bike,mAP75,0.0473,422,53,False,2026-09-13T08:30:20.604345+00:00
base_10,foggy,all,mAP50-95,0.25106,13,144,False,2026-09-13T08:30:20.604345+00:00
base_10,foggy,all,mAP50,0.63957,13,144,False,2026-09-13T08:30:20.604345+00:00
base_10,foggy,all,mAP75,0.19998,13,144,False,2026-09-13T08:30:20.604345+00:00
base_10,foggy,car,mAP50-95,0.40652,13,138,False,2026-09-13T08:30:20.604345+00:00
base_10,foggy,car,mAP50,0.6998,13,138,False,2026-09-13T08:30:20.604345+00:00
base_10,foggy,car,mAP75,0.39203,13,138,False,2026-09-13T08:30:20.604345+00:00
base_10,foggy,truck,mAP50-95,0.14664,13,5,False,2026-09-13T08:30:20.604345+00:00
base_10,foggy,truck,mAP50,0.21892,13,5,False,2026-09-13T08:30:20.604345+00:00
base_10,foggy,truck,mAP75,0.20792,13,5,False,2026-09-13T08:30:20.604345+00:00
base_10,foggy,bus,mAP50-95,,13,0,False,2026-09-13T08:30:20.604345+00:00
base_10,foggy,bus,mAP50,,13,0,False,2026-09-13T08:30:20.604345+00:00
base_10,foggy,bus,mAP75,,13,0,False,2026-09-13T08:30:20.604345+00:00
base_10,foggy,motor,mAP50-95,0.2,13,1,False,2026-09-13T08:30:20.604345+00:00
base_10,foggy,motor,mAP50,1.0,13,1,False,2026-09-13T08:30:20.604345+00:00
base_10,foggy,motor,mAP75,0.0,13,1,False,2026-09-13T08:30:20.604345+00:00
base_10,foggy,bike,mAP50-95,,13,0,False,2026-09-13T08:30:20.604345+00:00
base_10,foggy,bike,mAP50,,13,0,False,2026-09-13T08:30:20.604345+00:00
base_10,foggy,bike,mAP75,,13,0,False,2026-09-13T08:30:20.604345+00:00
base_10,night,all,mAP50-95,0.26509,3863,36751,True,2026-09-13T08:30:20.604345+00:00
base_10,night,all,mAP50,0.44231,3863,36751,True,2026-09-13T08:30:20.604345+00:00
base_10,night,all,mAP75,0.26611,3863,36751,True,2026-09-13T08:30:20.604345+00:00
base_10,night,car,mAP50-95,0.39915,3863,35439,True,2026-09-13T08:30:20.604345+00:00
base_10,night,car,mAP50,0.72604,3863,35439,True,2026-09-13T08:30:20.604345+00:00
base_10,night,car,mAP75,0.37422,3863,35439,True,2026-09-13T08:30:20.604345+00:00
base_10,night,truck,mAP50-95,0.32328,3863,736,False,2026-09-13T08:30:20.604345+00:00
base_10,night,truck,mAP50,0.4676,3863,736,False,2026-09-13T08:30:20.604345+00:00
base_10,night,truck,mAP75,0.36252,3863,736,False,2026-09-13T08:30:20.604345+00:00
base_10,night,bus,mAP50-95,0.36504,3863,297,False,2026-09-13T08:30:20.604345+00:00
base_10,night,bus,mAP50,0.47924,3863,297,False,2026-09-13T08:30:20.604345+00:00
base_10,night,bus,mAP75,0.42261,3863,297,False,2026-09-13T08:30:20.604345+00:00
base_10,night,motor,mAP50-95,0.09215,3863,93,False,2026-09-13T08:30:20.604345+00:00
base_10,night,motor,mAP50,0.20453,3863,93,False,2026-09-13T08:30:20.604345+00:00
base_10,night,motor,mAP75,0.07785,3863,93,False,2026-09-13T08:30:20.604345+00:00
base_10,night,bike,mAP50-95,0.14584,3863,186,False,2026-09-13T08:30:20.604345+00:00
base_10,night,bike,mAP50,0.33416,3863,186,False,2026-09-13T08:30:20.604345+00:00
base_10,night,bike,mAP75,0.09336,3863,186,False,2026-09-13T08:30:20.604345+00:00
base_10,night_adverse,all,mAP50-95,0.28131,566,4986,True,2026-09-13T08:30:20.604345+00:00
base_10,night_adverse,all,mAP50,0.44619,566,4986,True,2026-09-13T08:30:20.604345+00:00
base_10,night_adverse,all,mAP75,0.28038,566,4986,True,2026-09-13T08:30:20.604345+00:00
base_10,night_adverse,car,mAP50-95,0.409,566,4743,True,2026-09-13T08:30:20.604345+00:00
base_10,night_adverse,car,mAP50,0.72449,566,4743,True,2026-09-13T08:30:20.604345+00:00
base_10,night_adverse,car,mAP75,0.39474,566,4743,True,2026-09-13T08:30:20.604345+00:00
base_10,night_adverse,truck,mAP50-95,0.29405,566,156,False,2026-09-13T08:30:20.604345+00:00
base_10,night_adverse,truck,mAP50,0.43955,566,156,False,2026-09-13T08:30:20.604345+00:00
base_10,night_adverse,truck,mAP75,0.325,566,156,False,2026-09-13T08:30:20.604345+00:00
base_10,night_adverse,bus,mAP50-95,0.44626,566,41,False,2026-09-13T08:30:20.604345+00:00
base_10,night_adverse,bus,mAP50,0.56752,566,41,False,2026-09-13T08:30:20.604345+00:00
base_10,night_adverse,bus,mAP75,0.51711,566,41,False,2026-09-13T08:30:20.604345+00:00
base_10,night_adverse,motor,mAP50-95,0.163,566,12,False,2026-09-13T08:30:20.604345+00:00
base_10,night_adverse,motor,mAP50,0.28659,566,12,False,2026-09-13T08:30:20.604345+00:00
base_10,night_adverse,motor,mAP75,0.11386,566,12,False,2026-09-13T08:30:20.604345+00:00
base_10,night_adverse,bike,mAP50-95,0.09424,566,34,False,2026-09-13T08:30:20.604345+00:00
base_10,night_adverse,bike,mAP50,0.21279,566,34,False,2026-09-13T08:30:20.604345+00:00
base_10,night_adverse,bike,mAP75,0.05118,566,34,False,2026-09-13T08:30:20.604345+00:00
base_10,night_clear,all,mAP50-95,0.26303,3274,31550,True,2026-09-13T08:30:20.604345+00:00
base_10,night_clear,all,mAP50,0.44421,3274,31550,True,2026-09-13T08:30:20.604345+00:00
base_10,night_clear,all,mAP75,0.26338,3274,31550,True,2026-09-13T08:30:20.604345+00:00
base_10,night_clear,car,mAP50-95,0.3972,3274,30489,True,2026-09-13T08:30:20.604345+00:00
base_10,night_clear,car,mAP50,0.72619,3274,30489,True,2026-09-13T08:30:20.604345+00:00
base_10,night_clear,car,mAP75,0.3701,3274,30489,True,2026-09-13T08:30:20.604345+00:00
base_10,night_clear,truck,mAP50-95,0.33023,3274,577,False,2026-09-13T08:30:20.604345+00:00
base_10,night_clear,truck,mAP50,0.47468,3274,577,False,2026-09-13T08:30:20.604345+00:00
base_10,night_clear,truck,mAP75,0.37044,3274,577,False,2026-09-13T08:30:20.604345+00:00
base_10,night_clear,bus,mAP50-95,0.34541,3274,251,False,2026-09-13T08:30:20.604345+00:00
base_10,night_clear,bus,mAP50,0.4578,3274,251,False,2026-09-13T08:30:20.604345+00:00
base_10,night_clear,bus,mAP75,0.39992,3274,251,False,2026-09-13T08:30:20.604345+00:00
base_10,night_clear,motor,mAP50-95,0.0841,3274,81,False,2026-09-13T08:30:20.604345+00:00
base_10,night_clear,motor,mAP50,0.19526,3274,81,False,2026-09-13T08:30:20.604345+00:00
base_10,night_clear,motor,mAP75,0.0756,3274,81,False,2026-09-13T08:30:20.604345+00:00
base_10,night_clear,bike,mAP50-95,0.15818,3274,152,False,2026-09-13T08:30:20.604345+00:00
base_10,night_clear,bike,mAP50,0.36715,3274,152,False,2026-09-13T08:30:20.604345+00:00
base_10,night_clear,bike,mAP75,0.10086,3274,152,False,2026-09-13T08:30:20.604345+00:00
base_10,night_rainy,all,mAP50-95,0.33098,286,2535,True,2026-09-13T08:30:20.604345+00:00
base_10,night_rainy,all,mAP50,0.50773,286,2535,True,2026-09-13T08:30:20.604345+00:00
base_10,night_rainy,all,mAP75,0.34242,286,2535,True,2026-09-13T08:30:20.604345+00:00
base_10,night_rainy,car,mAP50-95,0.40383,286,2416,True,2026-09-13T08:30:20.604345+00:00
base_10,night_rainy,car,mAP50,0.707,286,2416,True,2026-09-13T08:30:20.604345+00:00
base_10,night_rainy,car,mAP75,0.39625,286,2416,True,2026-09-13T08:30:20.604345+00:00
base_10,night_rainy,truck,mAP50-95,0.34539,286,72,False,2026-09-13T08:30:20.604345+00:00
base_10,night_rainy,truck,mAP50,0.50871,286,72,False,2026-09-13T08:30:20.604345+00:00
base_10,night_rainy,truck,mAP75,0.3934,286,72,False,2026-09-13T08:30:20.604345+00:00
base_10,night_rainy,bus,mAP50-95,0.54781,286,22,False,2026-09-13T08:30:20.604345+00:00
base_10,night_rainy,bus,mAP50,0.69651,286,22,False,2026-09-13T08:30:20.604345+00:00
base_10,night_rainy,bus,mAP75,0.59621,286,22,False,2026-09-13T08:30:20.604345+00:00
base_10,night_rainy,motor,mAP50-95,0.18323,286,10,False,2026-09-13T08:30:20.604345+00:00
base_10,night_rainy,motor,mAP50,0.31962,286,10,False,2026-09-13T08:30:20.604345+00:00
base_10,night_rainy,motor,mAP75,0.14109,286,10,False,2026-09-13T08:30:20.604345+00:00
base_10,night_rainy,bike,mAP50-95,0.17462,286,15,False,2026-09-13T08:30:20.604345+00:00
base_10,night_rainy,bike,mAP50,0.30682,286,15,False,2026-09-13T08:30:20.604345+00:00
base_10,night_rainy,bike,mAP75,0.18515,286,15,False,2026-09-13T08:30:20.604345+00:00
base_10,night_snowy,all,mAP50-95,0.23177,273,2374,True,2026-09-13T08:30:20.604345+00:00
base_10,night_snowy,all,mAP50,0.37623,273,2374,True,2026-09-13T08:30:20.604345+00:00
base_10,night_snowy,all,mAP75,0.22287,273,2374,True,2026-09-13T08:30:20.604345+00:00
base_10,night_snowy,car,mAP50-95,0.41701,273,2251,True,2026-09-13T08:30:20.604345+00:00
base_10,night_snowy,car,mAP50,0.74866,273,2251,True,2026-09-13T08:30:20.604345+00:00
base_10,night_snowy,car,mAP75,0.39491,273,2251,True,2026-09-13T08:30:20.604345+00:00
base_10,night_snowy,truck,mAP50-95,0.25638,273,83,False,2026-09-13T08:30:20.604345+00:00
base_10,night_snowy,truck,mAP50,0.38521,273,83,False,2026-09-13T08:30:20.604345+00:00
base_10,night_snowy,truck,mAP75,0.27169,273,83,False,2026-09-13T08:30:20.604345+00:00
base_10,night_snowy,bus,mAP50-95,0.35058,273,19,False,2026-09-13T08:30:20.604345+00:00
base_10,night_snowy,bus,mAP50,0.44316,273,19,False,2026-09-13T08:30:20.604345+00:00
base_10,night_snowy,bus,mAP75,0.44012,273,19,False,2026-09-13T08:30:20.604345+00:00
base_10,night_snowy,motor,mAP50-95,0.08416,273,2,False,2026-09-13T08:30:20.604345+00:00
base_10,night_snowy,motor,mAP50,0.16832,273,2,False,2026-09-13T08:30:20.604345+00:00
base_10,night_snowy,motor,mAP75,0.0,273,2,False,2026-09-13T08:30:20.604345+00:00
base_10,night_snowy,bike,mAP50-95,0.05074,273,19,False,2026-09-13T08:30:20.604345+00:00
base_10,night_snowy,bike,mAP50,0.13578,273,19,False,2026-09-13T08:30:20.604345+00:00
base_10,night_snowy,bike,mAP75,0.0076,273,19,False,2026-09-13T08:30:20.604345+00:00
base_10,overcast,all,mAP50-95,0.27553,1239,15505,True,2026-09-13T08:30:20.604345+00:00
base_10,overcast,all,mAP50,0.46263,1239,15505,True,2026-09-13T08:30:20.604345+00:00
base_10,overcast,all,mAP75,0.2634,1239,15505,True,2026-09-13T08:30:20.604345+00:00
base_10,overcast,car,mAP50-95,0.46874,1239,14370,True,2026-09-13T08:30:20.604345+00:00
base_10,overcast,car,mAP50,0.76513,1239,14370,True,2026-09-13T08:30:20.604345+00:00
base_10,overcast,car,mAP75,0.46899,1239,14370,True,2026-09-13T08:30:20.604345+00:00
base_10,overcast,truck,mAP50-95,0.33418,1239,660,False,2026-09-13T08:30:20.604345+00:00
base_10,overcast,truck,mAP50,0.48286,1239,660,False,2026-09-13T08:30:20.604345+00:00
base_10,overcast,truck,mAP75,0.36025,1239,660,False,2026-09-13T08:30:20.604345+00:00
base_10,overcast,bus,mAP50-95,0.31721,1239,262,False,2026-09-13T08:30:20.604345+00:00
base_10,overcast,bus,mAP50,0.42887,1239,262,False,2026-09-13T08:30:20.604345+00:00
base_10,overcast,bus,mAP75,0.35258,1239,262,False,2026-09-13T08:30:20.604345+00:00
base_10,overcast,motor,mAP50-95,0.0963,1239,72,False,2026-09-13T08:30:20.604345+00:00
base_10,overcast,motor,mAP50,0.241,1239,72,False,2026-09-13T08:30:20.604345+00:00
base_10,overcast,motor,mAP75,0.04837,1239,72,False,2026-09-13T08:30:20.604345+00:00
base_10,overcast,bike,mAP50-95,0.16121,1239,141,False,2026-09-13T08:30:20.604345+00:00
base_10,overcast,bike,mAP50,0.39532,1239,141,False,2026-09-13T08:30:20.604345+00:00
base_10,overcast,bike,mAP75,0.08682,1239,141,False,2026-09-13T08:30:20.604345+00:00
base_10,partlycloudy,all,mAP50-95,0.28633,738,9256,True,2026-09-13T08:30:20.604345+00:00
base_10,partlycloudy,all,mAP50,0.45574,738,9256,True,2026-09-13T08:30:20.604345+00:00
base_10,partlycloudy,all,mAP75,0.2924,738,9256,True,2026-09-13T08:30:20.604345+00:00
base_10,partlycloudy,car,mAP50-95,0.45232,738,8526,True,2026-09-13T08:30:20.604345+00:00
base_10,partlycloudy,car,mAP50,0.73991,738,8526,True,2026-09-13T08:30:20.604345+00:00
base_10,partlycloudy,car,mAP75,0.455,738,8526,True,2026-09-13T08:30:20.604345+00:00
base_10,partlycloudy,truck,mAP50-95,0.3274,738,454,False,2026-09-13T08:30:20.604345+00:00
base_10,partlycloudy,truck,mAP50,0.4616,738,454,False,2026-09-13T08:30:20.604345+00:00
base_10,partlycloudy,truck,mAP75,0.35125,738,454,False,2026-09-13T08:30:20.604345+00:00
base_10,partlycloudy,bus,mAP50-95,0.34956,738,142,False,2026-09-13T08:30:20.604345+00:00
base_10,partlycloudy,bus,mAP50,0.46468,738,142,False,2026-09-13T08:30:20.604345+00:00
base_10,partlycloudy,bus,mAP75,0.39972,738,142,False,2026-09-13T08:30:20.604345+00:00
base_10,partlycloudy,motor,mAP50-95,0.16145,738,65,False,2026-09-13T08:30:20.604345+00:00
base_10,partlycloudy,motor,mAP50,0.30338,738,65,False,2026-09-13T08:30:20.604345+00:00
base_10,partlycloudy,motor,mAP75,0.14175,738,65,False,2026-09-13T08:30:20.604345+00:00
base_10,partlycloudy,bike,mAP50-95,0.14093,738,69,False,2026-09-13T08:30:20.604345+00:00
base_10,partlycloudy,bike,mAP50,0.30911,738,69,False,2026-09-13T08:30:20.604345+00:00
base_10,partlycloudy,bike,mAP75,0.11429,738,69,False,2026-09-13T08:30:20.604345+00:00
base_10,rainy,all,mAP50-95,0.28692,737,7541,True,2026-09-13T08:30:20.604345+00:00
base_10,rainy,all,mAP50,0.4648,737,7541,True,2026-09-13T08:30:20.604345+00:00
base_10,rainy,all,mAP75,0.29246,737,7541,True,2026-09-13T08:30:20.604345+00:00
base_10,rainy,car,mAP50-95,0.44483,737,6944,True,2026-09-13T08:30:20.604345+00:00
base_10,rainy,car,mAP50,0.74263,737,6944,True,2026-09-13T08:30:20.604345+00:00
base_10,rainy,car,mAP75,0.44217,737,6944,True,2026-09-13T08:30:20.604345+00:00
base_10,rainy,truck,mAP50-95,0.35901,737,378,False,2026-09-13T08:30:20.604345+00:00
base_10,rainy,truck,mAP50,0.52662,737,378,False,2026-09-13T08:30:20.604345+00:00
base_10,rainy,truck,mAP75,0.38795,737,378,False,2026-09-13T08:30:20.604345+00:00
base_10,rainy,bus,mAP50-95,0.32856,737,132,False,2026-09-13T08:30:20.604345+00:00
base_10,rainy,bus,mAP50,0.45524,737,132,False,2026-09-13T08:30:20.604345+00:00
base_10,rainy,bus,mAP75,0.36378,737,132,False,2026-09-13T08:30:20.604345+00:00
base_10,rainy,motor,mAP50-95,0.15248,737,30,False,2026-09-13T08:30:20.604345+00:00
base_10,rainy,motor,mAP50,0.28404,737,30,False,2026-09-13T08:30:20.604345+00:00
base_10,rainy,motor,mAP75,0.14472,737,30,False,2026-09-13T08:30:20.604345+00:00
base_10,rainy,bike,mAP50-95,0.14974,737,57,False,2026-09-13T08:30:20.604345+00:00
base_10,rainy,bike,mAP50,0.31548,737,57,False,2026-09-13T08:30:20.604345+00:00
base_10,rainy,bike,mAP75,0.12369,737,57,False,2026-09-13T08:30:20.604345+00:00
base_10,snowy,all,mAP50-95,0.23979,769,8080,True,2026-09-13T08:30:20.604345+00:00
base_10,snowy,all,mAP50,0.38859,769,8080,True,2026-09-13T08:30:20.604345+00:00
base_10,snowy,all,mAP75,0.24768,769,8080,True,2026-09-13T08:30:20.604345+00:00
base_10,snowy,car,mAP50-95,0.4423,769,7486,True,2026-09-13T08:30:20.604345+00:00
base_10,snowy,car,mAP50,0.74501,769,7486,True,2026-09-13T08:30:20.604345+00:00
base_10,snowy,car,mAP75,0.43605,769,7486,True,2026-09-13T08:30:20.604345+00:00
base_10,snowy,truck,mAP50-95,0.32772,769,371,False,2026-09-13T08:30:20.604345+00:00
base_10,snowy,truck,mAP50,0.46937,769,371,False,2026-09-13T08:30:20.604345+00:00
base_10,snowy,truck,mAP75,0.37323,769,371,False,2026-09-13T08:30:20.604345+00:00
base_10,snowy,bus,mAP50-95,0.26547,769,133,False,2026-09-13T08:30:20.604345+00:00
base_10,snowy,bus,mAP50,0.36575,769,133,False,2026-09-13T08:30:20.604345+00:00
base_10,snowy,bus,mAP75,0.28527,769,133,False,2026-09-13T08:30:20.604345+00:00
base_10,snowy,motor,mAP50-95,0.083,769,9,False,2026-09-13T08:30:20.604345+00:00
base_10,snowy,motor,mAP50,0.16334,769,9,False,2026-09-13T08:30:20.604345+00:00
base_10,snowy,motor,mAP75,0.11881,769,9,False,2026-09-13T08:30:20.604345+00:00
base_10,snowy,bike,mAP50-95,0.08044,769,81,False,2026-09-13T08:30:20.604345+00:00
base_10,snowy,bike,mAP50,0.19945,769,81,False,2026-09-13T08:30:20.604345+00:00
base_10,snowy,bike,mAP75,0.02505,769,81,False,2026-09-13T08:30:20.604345+00:00
t1_10,overall,all,mAP50-95,0.24316,8841,97193,True,2026-09-13T08:30:20.604345+00:00
t1_10,overall,all,mAP50,0.40326,8841,97193,True,2026-09-13T08:30:20.604345+00:00
t1_10,overall,all,mAP75,0.23871,8841,97193,True,2026-09-13T08:30:20.604345+00:00
t1_10,overall,car,mAP50-95,0.42846,8841,91118,True,2026-09-13T08:30:20.604345+00:00
t1_10,overall,car,mAP50,0.73299,8841,91118,True,2026-09-13T08:30:20.604345+00:00
t1_10,overall,car,mAP75,0.41844,8841,91118,True,2026-09-13T08:30:20.604345+00:00
t1_10,overall,truck,mAP50-95,0.29583,8841,3608,True,2026-09-13T08:30:20.604345+00:00
t1_10,overall,truck,mAP50,0.42422,8841,3608,True,2026-09-13T08:30:20.604345+00:00
t1_10,overall,truck,mAP75,0.32397,8841,3608,True,2026-09-13T08:30:20.604345+00:00
t1_10,overall,bus,mAP50-95,0.29743,8841,1351,True,2026-09-13T08:30:20.604345+00:00
t1_10,overall,bus,mAP50,0.40467,8841,1351,True,2026-09-13T08:30:20.604345+00:00
t1_10,overall,bus,mAP75,0.32642,8841,1351,True,2026-09-13T08:30:20.604345+00:00
t1_10,overall,motor,mAP50-95,0.09713,8841,377,False,2026-09-13T08:30:20.604345+00:00
t1_10,overall,motor,mAP50,0.21742,8841,377,False,2026-09-13T08:30:20.604345+00:00
t1_10,overall,motor,mAP75,0.06286,8841,377,False,2026-09-13T08:30:20.604345+00:00
t1_10,overall,bike,mAP50-95,0.09695,8841,739,False,2026-09-13T08:30:20.604345+00:00
t1_10,overall,bike,mAP50,0.23701,8841,739,False,2026-09-13T08:30:20.604345+00:00
t1_10,overall,bike,mAP75,0.06188,8841,739,False,2026-09-13T08:30:20.604345+00:00
t1_10,adverse,all,mAP50-95,0.22976,1519,15765,True,2026-09-13T08:30:20.604345+00:00
t1_10,adverse,all,mAP50,0.38157,1519,15765,True,2026-09-13T08:30:20.604345+00:00
t1_10,adverse,all,mAP75,0.22015,1519,15765,True,2026-09-13T08:30:20.604345+00:00
t1_10,adverse,car,mAP50-95,0.43448,1519,14568,True,2026-09-13T08:30:20.604345+00:00
t1_10,adverse,car,mAP50,0.73197,1519,14568,True,2026-09-13T08:30:20.604345+00:00
t1_10,adverse,car,mAP75,0.43102,1519,14568,True,2026-09-13T08:30:20.604345+00:00
t1_10,adverse,truck,mAP50-95,0.29632,1519,754,False,2026-09-13T08:30:20.604345+00:00
t1_10,adverse,truck,mAP50,0.42677,1519,754,False,2026-09-13T08:30:20.604345+00:00
t1_10,adverse,truck,mAP75,0.33046,1519,754,False,2026-09-13T08:30:20.604345+00:00
t1_10,adverse,bus,mAP50-95,0.25057,1519,265,False,2026-09-13T08:30:20.604345+00:00
t1_10,adverse,bus,mAP50,0.35235,1519,265,False,2026-09-13T08:30:20.604345+00:00
t1_10,adverse,bus,mAP75,0.26324,1519,265,False,2026-09-13T08:30:20.604345+00:00
t1_10,adverse,motor,mAP50-95,0.08035,1519,40,False,2026-09-13T08:30:20.604345+00:00
t1_10,adverse,motor,mAP50,0.19387,1519,40,False,2026-09-13T08:30:20.604345+00:00
t1_10,adverse,motor,mAP75,0.02684,1519,40,False,2026-09-13T08:30:20.604345+00:00
t1_10,adverse,bike,mAP50-95,0.08705,1519,138,False,2026-09-13T08:30:20.604345+00:00
t1_10,adverse,bike,mAP50,0.20287,1519,138,False,2026-09-13T08:30:20.604345+00:00
t1_10,adverse,bike,mAP75,0.0492,1519,138,False,2026-09-13T08:30:20.604345+00:00
t1_10,benign,all,mAP50-95,0.24738,7322,81428,True,2026-09-13T08:30:20.604345+00:00
t1_10,benign,all,mAP50,0.40966,7322,81428,True,2026-09-13T08:30:20.604345+00:00
t1_10,benign,all,mAP75,0.24445,7322,81428,True,2026-09-13T08:30:20.604345+00:00
t1_10,benign,car,mAP50-95,0.42748,7322,76550,True,2026-09-13T08:30:20.604345+00:00
t1_10,benign,car,mAP50,0.73346,7322,76550,True,2026-09-13T08:30:20.604345+00:00
t1_10,benign,car,mAP75,0.41569,7322,76550,True,2026-09-13T08:30:20.604345+00:00
t1_10,benign,truck,mAP50-95,0.29616,7322,2854,True,2026-09-13T08:30:20.604345+00:00
t1_10,benign,truck,mAP50,0.42461,7322,2854,True,2026-09-13T08:30:20.604345+00:00
t1_10,benign,truck,mAP75,0.32254,7322,2854,True,2026-09-13T08:30:20.604345+00:00
t1_10,benign,bus,mAP50-95,0.31062,7322,1086,True,2026-09-13T08:30:20.604345+00:00
t1_10,benign,bus,mAP50,0.41946,7322,1086,True,2026-09-13T08:30:20.604345+00:00
t1_10,benign,bus,mAP75,0.34381,7322,1086,True,2026-09-13T08:30:20.604345+00:00
t1_10,benign,motor,mAP50-95,0.10224,7322,337,False,2026-09-13T08:30:20.604345+00:00
t1_10,benign,motor,mAP50,0.22394,7322,337,False,2026-09-13T08:30:20.604345+00:00
t1_10,benign,motor,mAP75,0.07339,7322,337,False,2026-09-13T08:30:20.604345+00:00
t1_10,benign,bike,mAP50-95,0.10042,7322,601,False,2026-09-13T08:30:20.604345+00:00
t1_10,benign,bike,mAP50,0.24684,7322,601,False,2026-09-13T08:30:20.604345+00:00
t1_10,benign,bike,mAP75,0.06681,7322,601,False,2026-09-13T08:30:20.604345+00:00
t1_10,clear,all,mAP50-95,0.24643,5345,56667,True,2026-09-13T08:30:20.604345+00:00
t1_10,clear,all,mAP50,0.40788,5345,56667,True,2026-09-13T08:30:20.604345+00:00
t1_10,clear,all,mAP75,0.24792,5345,56667,True,2026-09-13T08:30:20.604345+00:00
t1_10,clear,car,mAP50-95,0.41584,5345,53654,True,2026-09-13T08:30:20.604345+00:00
t1_10,clear,car,mAP50,0.72679,5345,53654,True,2026-09-13T08:30:20.604345+00:00
t1_10,clear,car,mAP75,0.39924,5345,53654,True,2026-09-13T08:30:20.604345+00:00
t1_10,clear,truck,mAP50-95,0.29039,5345,1740,True,2026-09-13T08:30:20.604345+00:00
t1_10,clear,truck,mAP50,0.4095,5345,1740,True,2026-09-13T08:30:20.604345+00:00
t1_10,clear,truck,mAP75,0.32503,5345,1740,True,2026-09-13T08:30:20.604345+00:00
t1_10,clear,bus,mAP50-95,0.3229,5345,682,False,2026-09-13T08:30:20.604345+00:00
t1_10,clear,bus,mAP50,0.43751,5345,682,False,2026-09-13T08:30:20.604345+00:00
t1_10,clear,bus,mAP75,0.36279,5345,682,False,2026-09-13T08:30:20.604345+00:00
t1_10,clear,motor,mAP50-95,0.11114,5345,200,False,2026-09-13T08:30:20.604345+00:00
t1_10,clear,motor,mAP50,0.23814,5345,200,False,2026-09-13T08:30:20.604345+00:00
t1_10,clear,motor,mAP75,0.08301,5345,200,False,2026-09-13T08:30:20.604345+00:00
t1_10,clear,bike,mAP50-95,0.0919,5345,391,False,2026-09-13T08:30:20.604345+00:00
t1_10,clear,bike,mAP50,0.22744,5345,391,False,2026-09-13T08:30:20.604345+00:00
t1_10,clear,bike,mAP75,0.06953,5345,391,False,2026-09-13T08:30:20.604345+00:00
t1_10,dawndusk,all,mAP50-95,0.24601,714,8512,True,2026-09-13T08:30:20.604345+00:00
t1_10,dawndusk,all,mAP50,0.40389,714,8512,True,2026-09-13T08:30:20.604345+00:00
t1_10,dawndusk,all,mAP75,0.24571,714,8512,True,2026-09-13T08:30:20.604345+00:00
t1_10,dawndusk,car,mAP50-95,0.44292,714,7964,True,2026-09-13T08:30:20.604345+00:00
t1_10,dawndusk,car,mAP50,0.73198,714,7964,True,2026-09-13T08:30:20.604345+00:00
t1_10,dawndusk,car,mAP75,0.44625,714,7964,True,2026-09-13T08:30:20.604345+00:00
t1_10,dawndusk,truck,mAP50-95,0.29901,714,340,False,2026-09-13T08:30:20.604345+00:00
t1_10,dawndusk,truck,mAP50,0.42127,714,340,False,2026-09-13T08:30:20.604345+00:00
t1_10,dawndusk,truck,mAP75,0.33825,714,340,False,2026-09-13T08:30:20.604345+00:00
t1_10,dawndusk,bus,mAP50-95,0.31769,714,127,False,2026-09-13T08:30:20.604345+00:00
t1_10,dawndusk,bus,mAP50,0.4255,714,127,False,2026-09-13T08:30:20.604345+00:00
t1_10,dawndusk,bus,mAP75,0.35831,714,127,False,2026-09-13T08:30:20.604345+00:00
t1_10,dawndusk,motor,mAP50-95,0.04965,714,22,False,2026-09-13T08:30:20.604345+00:00
t1_10,dawndusk,motor,mAP50,0.14552,714,22,False,2026-09-13T08:30:20.604345+00:00
t1_10,dawndusk,motor,mAP75,0.0165,714,22,False,2026-09-13T08:30:20.604345+00:00
t1_10,dawndusk,bike,mAP50-95,0.12078,714,59,False,2026-09-13T08:30:20.604345+00:00
t1_10,dawndusk,bike,mAP50,0.29517,714,59,False,2026-09-13T08:30:20.604345+00:00
t1_10,dawndusk,bike,mAP75,0.06926,714,59,False,2026-09-13T08:30:20.604345+00:00
t1_10,day,all,mAP50-95,0.24908,4264,51930,True,2026-09-13T08:30:20.604345+00:00
t1_10,day,all,mAP50,0.40718,4264,51930,True,2026-09-13T08:30:20.604345+00:00
t1_10,day,all,mAP75,0.24224,4264,51930,True,2026-09-13T08:30:20.604345+00:00
t1_10,day,car,mAP50-95,0.45078,4264,47715,True,2026-09-13T08:30:20.604345+00:00
t1_10,day,car,mAP50,0.74095,4264,47715,True,2026-09-13T08:30:20.604345+00:00
t1_10,day,car,mAP75,0.44985,4264,47715,True,2026-09-13T08:30:20.604345+00:00
t1_10,day,truck,mAP50-95,0.29583,4264,2532,True,2026-09-13T08:30:20.604345+00:00
t1_10,day,truck,mAP50,0.42726,4264,2532,True,2026-09-13T08:30:20.604345+00:00
t1_10,day,truck,mAP75,0.32029,4264,2532,True,2026-09-13T08:30:20.604345+00:00
t1_10,day,bus,mAP50-95,0.29196,4264,927,True,2026-09-13T08:30:20.604345+00:00
t1_10,day,bus,mAP50,0.40087,4264,927,True,2026-09-13T08:30:20.604345+00:00
t1_10,day,bus,mAP75,0.31314,4264,927,True,2026-09-13T08:30:20.604345+00:00
t1_10,day,motor,mAP50-95,0.10691,4264,262,False,2026-09-13T08:30:20.604345+00:00
t1_10,day,motor,mAP50,0.22936,4264,262,False,2026-09-13T08:30:20.604345+00:00
t1_10,day,motor,mAP75,0.06484,4264,262,False,2026-09-13T08:30:20.604345+00:00
t1_10,day,bike,mAP50-95,0.09994,4264,494,False,2026-09-13T08:30:20.604345+00:00
t1_10,day,bike,mAP50,0.23745,4264,494,False,2026-09-13T08:30:20.604345+00:00
t1_10,day,bike,mAP75,0.06307,4264,494,False,2026-09-13T08:30:20.604345+00:00
t1_10,day_adverse,all,mAP50-95,0.24942,823,9252,True,2026-09-13T08:30:20.604345+00:00
t1_10,day_adverse,all,mAP50,0.42422,823,9252,True,2026-09-13T08:30:20.604345+00:00
t1_10,day_adverse,all,mAP75,0.23119,823,9252,True,2026-09-13T08:30:20.604345+00:00
t1_10,day_adverse,car,mAP50-95,0.45272,823,8401,True,2026-09-13T08:30:20.604345+00:00
t1_10,day_adverse,car,mAP50,0.74426,823,8401,True,2026-09-13T08:30:20.604345+00:00
t1_10,day_adverse,car,mAP75,0.45349,823,8401,True,2026-09-13T08:30:20.604345+00:00
t1_10,day_adverse,truck,mAP50-95,0.31242,823,540,False,2026-09-13T08:30:20.604345+00:00
t1_10,day_adverse,truck,mAP50,0.44711,823,540,False,2026-09-13T08:30:20.604345+00:00
t1_10,day_adverse,truck,mAP75,0.3453,823,540,False,2026-09-13T08:30:20.604345+00:00
t1_10,day_adverse,bus,mAP50-95,0.24036,823,194,False,2026-09-13T08:30:20.604345+00:00
t1_10,day_adverse,bus,mAP50,0.34859,823,194,False,2026-09-13T08:30:20.604345+00:00
t1_10,day_adverse,bus,mAP75,0.24578,823,194,False,2026-09-13T08:30:20.604345+00:00
t1_10,day_adverse,motor,mAP50-95,0.14732,823,23,False,2026-09-13T08:30:20.604345+00:00
t1_10,day_adverse,motor,mAP50,0.36319,823,23,False,2026-09-13T08:30:20.604345+00:00
t1_10,day_adverse,motor,mAP75,0.05784,823,23,False,2026-09-13T08:30:20.604345+00:00
t1_10,day_adverse,bike,mAP50-95,0.09428,823,94,False,2026-09-13T08:30:20.604345+00:00
t1_10,day_adverse,bike,mAP50,0.21794,823,94,False,2026-09-13T08:30:20.604345+00:00
t1_10,day_adverse,bike,mAP75,0.05354,823,94,False,2026-09-13T08:30:20.604345+00:00
t1_10,day_clear,all,mAP50-95,0.25311,1764,21352,True,2026-09-13T08:30:20.604345+00:00
t1_10,day_clear,all,mAP50,0.40319,1764,21352,True,2026-09-13T08:30:20.604345+00:00
t1_10,day_clear,all,mAP75,0.25268,1764,21352,True,2026-09-13T08:30:20.604345+00:00
t1_10,day_clear,car,mAP50-95,0.44574,1764,19633,True,2026-09-13T08:30:20.604345+00:00
t1_10,day_clear,car,mAP50,0.73158,1764,19633,True,2026-09-13T08:30:20.604345+00:00
t1_10,day_clear,car,mAP75,0.44414,1764,19633,True,2026-09-13T08:30:20.604345+00:00
t1_10,day_clear,truck,mAP50-95,0.28836,1764,1021,True,2026-09-13T08:30:20.604345+00:00
t1_10,day_clear,truck,mAP50,0.40564,1764,1021,True,2026-09-13T08:30:20.604345+00:00
t1_10,day_clear,truck,mAP75,0.31949,1764,1021,True,2026-09-13T08:30:20.604345+00:00
t1_10,day_clear,bus,mAP50-95,0.33039,1764,380,False,2026-09-13T08:30:20.604345+00:00
t1_10,day_clear,bus,mAP50,0.44647,1764,380,False,2026-09-13T08:30:20.604345+00:00
t1_10,day_clear,bus,mAP75,0.36272,1764,380,False,2026-09-13T08:30:20.604345+00:00
t1_10,day_clear,motor,mAP50-95,0.11726,1764,111,False,2026-09-13T08:30:20.604345+00:00
t1_10,day_clear,motor,mAP50,0.23228,1764,111,False,2026-09-13T08:30:20.604345+00:00
t1_10,day_clear,motor,mAP75,0.07331,1764,111,False,2026-09-13T08:30:20.604345+00:00
t1_10,day_clear,bike,mAP50-95,0.08382,1764,207,False,2026-09-13T08:30:20.604345+00:00
t1_10,day_clear,bike,mAP50,0.19998,1764,207,False,2026-09-13T08:30:20.604345+00:00
t1_10,day_clear,bike,mAP75,0.06373,1764,207,False,2026-09-13T08:30:20.604345+00:00
t1_10,day_rainy,all,mAP50-95,0.26552,396,4356,True,2026-09-13T08:30:20.604345+00:00
t1_10,day_rainy,all,mAP50,0.44912,396,4356,True,2026-09-13T08:30:20.604345+00:00
t1_10,day_rainy,all,mAP75,0.25649,396,4356,True,2026-09-13T08:30:20.604345+00:00
t1_10,day_rainy,car,mAP50-95,0.46121,396,3930,True,2026-09-13T08:30:20.604345+00:00
t1_10,day_rainy,car,mAP50,0.75628,396,3930,True,2026-09-13T08:30:20.604345+00:00
t1_10,day_rainy,car,mAP75,0.46243,396,3930,True,2026-09-13T08:30:20.604345+00:00
t1_10,day_rainy,truck,mAP50-95,0.34082,396,272,False,2026-09-13T08:30:20.604345+00:00
t1_10,day_rainy,truck,mAP50,0.48185,396,272,False,2026-09-13T08:30:20.604345+00:00
t1_10,day_rainy,truck,mAP75,0.37978,396,272,False,2026-09-13T08:30:20.604345+00:00
t1_10,day_rainy,bus,mAP50-95,0.25108,396,97,False,2026-09-13T08:30:20.604345+00:00
t1_10,day_rainy,bus,mAP50,0.37031,396,97,False,2026-09-13T08:30:20.604345+00:00
t1_10,day_rainy,bus,mAP75,0.25477,396,97,False,2026-09-13T08:30:20.604345+00:00
t1_10,day_rainy,motor,mAP50-95,0.18604,396,16,False,2026-09-13T08:30:20.604345+00:00
t1_10,day_rainy,motor,mAP50,0.42429,396,16,False,2026-09-13T08:30:20.604345+00:00
t1_10,day_rainy,motor,mAP75,0.11691,396,16,False,2026-09-13T08:30:20.604345+00:00
t1_10,day_rainy,bike,mAP50-95,0.08842,396,41,False,2026-09-13T08:30:20.604345+00:00
t1_10,day_rainy,bike,mAP50,0.21286,396,41,False,2026-09-13T08:30:20.604345+00:00
t1_10,day_rainy,bike,mAP75,0.06855,396,41,False,2026-09-13T08:30:20.604345+00:00
t1_10,day_snowy,all,mAP50-95,0.23464,422,4842,True,2026-09-13T08:30:20.604345+00:00
t1_10,day_snowy,all,mAP50,0.40135,422,4842,True,2026-09-13T08:30:20.604345+00:00
t1_10,day_snowy,all,mAP75,0.21086,422,4842,True,2026-09-13T08:30:20.604345+00:00
t1_10,day_snowy,car,mAP50-95,0.44565,422,4421,True,2026-09-13T08:30:20.604345+00:00
t1_10,day_snowy,car,mAP50,0.73487,422,4421,True,2026-09-13T08:30:20.604345+00:00
t1_10,day_snowy,car,mAP75,0.44724,422,4421,True,2026-09-13T08:30:20.604345+00:00
t1_10,day_snowy,truck,mAP50-95,0.28639,422,264,False,2026-09-13T08:30:20.604345+00:00
t1_10,day_snowy,truck,mAP50,0.41535,422,264,False,2026-09-13T08:30:20.604345+00:00
t1_10,day_snowy,truck,mAP75,0.3126,422,264,False,2026-09-13T08:30:20.604345+00:00
t1_10,day_snowy,bus,mAP50-95,0.23528,422,97,False,2026-09-13T08:30:20.604345+00:00
t1_10,day_snowy,bus,mAP50,0.3284,422,97,False,2026-09-13T08:30:20.604345+00:00
t1_10,day_snowy,bus,mAP75,0.2446,422,97,False,2026-09-13T08:30:20.604345+00:00
t1_10,day_snowy,motor,mAP50-95,0.1056,422,7,False,2026-09-13T08:30:20.604345+00:00
t1_10,day_snowy,motor,mAP50,0.29545,422,7,False,2026-09-13T08:30:20.604345+00:00
t1_10,day_snowy,motor,mAP75,0.00297,422,7,False,2026-09-13T08:30:20.604345+00:00
t1_10,day_snowy,bike,mAP50-95,0.10027,422,53,False,2026-09-13T08:30:20.604345+00:00
t1_10,day_snowy,bike,mAP50,0.23267,422,53,False,2026-09-13T08:30:20.604345+00:00
t1_10,day_snowy,bike,mAP75,0.04689,422,53,False,2026-09-13T08:30:20.604345+00:00
t1_10,foggy,all,mAP50-95,0.18334,13,144,False,2026-09-13T08:30:20.604345+00:00
t1_10,foggy,all,mAP50,0.28961,13,144,False,2026-09-13T08:30:20.604345+00:00
t1_10,foggy,all,mAP75,0.19568,13,144,False,2026-09-13T08:30:20.604345+00:00
t1_10,foggy,car,mAP50-95,0.40447,13,138,False,2026-09-13T08:30:20.604345+00:00
t1_10,foggy,car,mAP50,0.66092,13,138,False,2026-09-13T08:30:20.604345+00:00
t1_10,foggy,car,mAP75,0.37912,13,138,False,2026-09-13T08:30:20.604345+00:00
t1_10,foggy,truck,mAP50-95,0.14554,13,5,False,2026-09-13T08:30:20.604345+00:00
t1_10,foggy,truck,mAP50,0.20792,13,5,False,2026-09-13T08:30:20.604345+00:00
t1_10,foggy,truck,mAP75,0.20792,13,5,False,2026-09-13T08:30:20.604345+00:00
t1_10,foggy,bus,mAP50-95,,13,0,False,2026-09-13T08:30:20.604345+00:00
t1_10,foggy,bus,mAP50,,13,0,False,2026-09-13T08:30:20.604345+00:00
t1_10,foggy,bus,mAP75,,13,0,False,2026-09-13T08:30:20.604345+00:00
t1_10,foggy,motor,mAP50-95,0.0,13,1,False,2026-09-13T08:30:20.604345+00:00
t1_10,foggy,motor,mAP50,0.0,13,1,False,2026-09-13T08:30:20.604345+00:00
t1_10,foggy,motor,mAP75,0.0,13,1,False,2026-09-13T08:30:20.604345+00:00
t1_10,foggy,bike,mAP50-95,,13,0,False,2026-09-13T08:30:20.604345+00:00
t1_10,foggy,bike,mAP50,,13,0,False,2026-09-13T08:30:20.604345+00:00
t1_10,foggy,bike,mAP75,,13,0,False,2026-09-13T08:30:20.604345+00:00
t1_10,night,all,mAP50-95,0.23593,3863,36751,True,2026-09-13T08:30:20.604345+00:00
t1_10,night,all,mAP50,0.39826,3863,36751,True,2026-09-13T08:30:20.604345+00:00
t1_10,night,all,mAP75,0.23923,3863,36751,True,2026-09-13T08:30:20.604345+00:00
t1_10,night,car,mAP50-95,0.39473,3863,35439,True,2026-09-13T08:30:20.604345+00:00
t1_10,night,car,mAP50,0.72054,3863,35439,True,2026-09-13T08:30:20.604345+00:00
t1_10,night,car,mAP75,0.36869,3863,35439,True,2026-09-13T08:30:20.604345+00:00
t1_10,night,truck,mAP50-95,0.29455,3863,736,False,2026-09-13T08:30:20.604345+00:00
t1_10,night,truck,mAP50,0.41977,3863,736,False,2026-09-13T08:30:20.604345+00:00
t1_10,night,truck,mAP75,0.33011,3863,736,False,2026-09-13T08:30:20.604345+00:00
t1_10,night,bus,mAP50-95,0.30856,3863,297,False,2026-09-13T08:30:20.604345+00:00
t1_10,night,bus,mAP50,0.41274,3863,297,False,2026-09-13T08:30:20.604345+00:00
t1_10,night,bus,mAP75,0.35197,3863,297,False,2026-09-13T08:30:20.604345+00:00
t1_10,night,motor,mAP50-95,0.09555,3863,93,False,2026-09-13T08:30:20.604345+00:00
t1_10,night,motor,mAP50,0.21947,3863,93,False,2026-09-13T08:30:20.604345+00:00
t1_10,night,motor,mAP75,0.08223,3863,93,False,2026-09-13T08:30:20.604345+00:00
t1_10,night,bike,mAP50-95,0.08626,3863,186,False,2026-09-13T08:30:20.604345+00:00
t1_10,night,bike,mAP50,0.21876,3863,186,False,2026-09-13T08:30:20.604345+00:00
t1_10,night,bike,mAP75,0.06313,3863,186,False,2026-09-13T08:30:20.604345+00:00
t1_10,night_adverse,all,mAP50-95,0.22415,566,4986,True,2026-09-13T08:30:20.604345+00:00
t1_10,night_adverse,all,mAP50,0.35276,566,4986,True,2026-09-13T08:30:20.604345+00:00
t1_10,night_adverse,all,mAP75,0.23185,566,4986,True,2026-09-13T08:30:20.604345+00:00
t1_10,night_adverse,car,mAP50-95,0.40075,566,4743,True,2026-09-13T08:30:20.604345+00:00
t1_10,night_adverse,car,mAP50,0.71251,566,4743,True,2026-09-13T08:30:20.604345+00:00
t1_10,night_adverse,car,mAP75,0.38624,566,4743,True,2026-09-13T08:30:20.604345+00:00
t1_10,night_adverse,truck,mAP50-95,0.25763,566,156,False,2026-09-13T08:30:20.604345+00:00
t1_10,night_adverse,truck,mAP50,0.36483,566,156,False,2026-09-13T08:30:20.604345+00:00
t1_10,night_adverse,truck,mAP75,0.28303,566,156,False,2026-09-13T08:30:20.604345+00:00
t1_10,night_adverse,bus,mAP50-95,0.36769,566,41,False,2026-09-13T08:30:20.604345+00:00
t1_10,night_adverse,bus,mAP50,0.47775,566,41,False,2026-09-13T08:30:20.604345+00:00
t1_10,night_adverse,bus,mAP75,0.41259,566,41,False,2026-09-13T08:30:20.604345+00:00
t1_10,night_adverse,motor,mAP50-95,0.03019,566,12,False,2026-09-13T08:30:20.604345+00:00
t1_10,night_adverse,motor,mAP50,0.06666,566,12,False,2026-09-13T08:30:20.604345+00:00
t1_10,night_adverse,motor,mAP75,0.01086,566,12,False,2026-09-13T08:30:20.604345+00:00
t1_10,night_adverse,bike,mAP50-95,0.06449,566,34,False,2026-09-13T08:30:20.604345+00:00
t1_10,night_adverse,bike,mAP50,0.14205,566,34,False,2026-09-13T08:30:20.604345+00:00
t1_10,night_adverse,bike,mAP75,0.06655,566,34,False,2026-09-13T08:30:20.604345+00:00
t1_10,night_clear,all,mAP50-95,0.24075,3274,31550,True,2026-09-13T08:30:20.604345+00:00
t1_10,night_clear,all,mAP50,0.41313,3274,31550,True,2026-09-13T08:30:20.604345+00:00
t1_10,night_clear,all,mAP75,0.24387,3274,31550,True,2026-09-13T08:30:20.604345+00:00
t1_10,night_clear,car,mAP50-95,0.39312,3274,30489,True,2026-09-13T08:30:20.604345+00:00
t1_10,night_clear,car,mAP50,0.72158,3274,30489,True,2026-09-13T08:30:20.604345+00:00
t1_10,night_clear,car,mAP75,0.36553,3274,30489,True,2026-09-13T08:30:20.604345+00:00
t1_10,night_clear,truck,mAP50-95,0.30398,3274,577,False,2026-09-13T08:30:20.604345+00:00
t1_10,night_clear,truck,mAP50,0.4348,3274,577,False,2026-09-13T08:30:20.604345+00:00
t1_10,night_clear,truck,mAP75,0.34108,3274,577,False,2026-09-13T08:30:20.604345+00:00
t1_10,night_clear,bus,mAP50-95,0.29861,3274,251,False,2026-09-13T08:30:20.604345+00:00
t1_10,night_clear,bus,mAP50,0.40282,3274,251,False,2026-09-13T08:30:20.604345+00:00
t1_10,night_clear,bus,mAP75,0.34411,3274,251,False,2026-09-13T08:30:20.604345+00:00
t1_10,night_clear,motor,mAP50-95,0.11443,3274,81,False,2026-09-13T08:30:20.604345+00:00
t1_10,night_clear,motor,mAP50,0.26297,3274,81,False,2026-09-13T08:30:20.604345+00:00
t1_10,night_clear,motor,mAP75,0.10517,3274,81,False,2026-09-13T08:30:20.604345+00:00
t1_10,night_clear,bike,mAP50-95,0.09363,3274,152,False,2026-09-13T08:30:20.604345+00:00
t1_10,night_clear,bike,mAP50,0.24346,3274,152,False,2026-09-13T08:30:20.604345+00:00
t1_10,night_clear,bike,mAP75,0.06344,3274,152,False,2026-09-13T08:30:20.604345+00:00
t1_10,night_rainy,all,mAP50-95,0.28144,286,2535,True,2026-09-13T08:30:20.604345+00:00
t1_10,night_rainy,all,mAP50,0.42147,286,2535,True,2026-09-13T08:30:20.604345+00:00
t1_10,night_rainy,all,mAP75,0.29861,286,2535,True,2026-09-13T08:30:20.604345+00:00
t1_10,night_rainy,car,mAP50-95,0.39546,286,2416,True,2026-09-13T08:30:20.604345+00:00
t1_10,night_rainy,car,mAP50,0.70161,286,2416,True,2026-09-13T08:30:20.604345+00:00
t1_10,night_rainy,car,mAP75,0.38799,286,2416,True,2026-09-13T08:30:20.604345+00:00
t1_10,night_rainy,truck,mAP50-95,0.36035,286,72,False,2026-09-13T08:30:20.604345+00:00
t1_10,night_rainy,truck,mAP50,0.50508,286,72,False,2026-09-13T08:30:20.604345+00:00
t1_10,night_rainy,truck,mAP75,0.40713,286,72,False,2026-09-13T08:30:20.604345+00:00
t1_10,night_rainy,bus,mAP50-95,0.46749,286,22,False,2026-09-13T08:30:20.604345+00:00
t1_10,night_rainy,bus,mAP50,0.59266,286,22,False,2026-09-13T08:30:20.604345+00:00
t1_10,night_rainy,bus,mAP75,0.51488,286,22,False,2026-09-13T08:30:20.604345+00:00
t1_10,night_rainy,motor,mAP50-95,0.03576,286,10,False,2026-09-13T08:30:20.604345+00:00
t1_10,night_rainy,motor,mAP50,0.07898,286,10,False,2026-09-13T08:30:20.604345+00:00
t1_10,night_rainy,motor,mAP75,0.00908,286,10,False,2026-09-13T08:30:20.604345+00:00
t1_10,night_rainy,bike,mAP50-95,0.14813,286,15,False,2026-09-13T08:30:20.604345+00:00
t1_10,night_rainy,bike,mAP50,0.229,286,15,False,2026-09-13T08:30:20.604345+00:00
t1_10,night_rainy,bike,mAP75,0.17397,286,15,False,2026-09-13T08:30:20.604345+00:00
t1_10,night_snowy,all,mAP50-95,0.17554,273,2374,True,2026-09-13T08:30:20.604345+00:00
t1_10,night_snowy,all,mAP50,0.29091,273,2374,True,2026-09-13T08:30:20.604345+00:00
t1_10,night_snowy,all,mAP75,0.18164,273,2374,True,2026-09-13T08:30:20.604345+00:00
t1_10,night_snowy,car,mAP50-95,0.40909,273,2251,True,2026-09-13T08:30:20.604345+00:00
t1_10,night_snowy,car,mAP50,0.72976,273,2251,True,2026-09-13T08:30:20.604345+00:00
t1_10,night_snowy,car,mAP75,0.38705,273,2251,True,2026-09-13T08:30:20.604345+00:00
t1_10,night_snowy,truck,mAP50-95,0.17795,273,83,False,2026-09-13T08:30:20.604345+00:00
t1_10,night_snowy,truck,mAP50,0.25098,273,83,False,2026-09-13T08:30:20.604345+00:00
t1_10,night_snowy,truck,mAP75,0.18418,273,83,False,2026-09-13T08:30:20.604345+00:00
t1_10,night_snowy,bus,mAP50-95,0.25209,273,19,False,2026-09-13T08:30:20.604345+00:00
t1_10,night_snowy,bus,mAP50,0.34104,273,19,False,2026-09-13T08:30:20.604345+00:00
t1_10,night_snowy,bus,mAP75,0.29692,273,19,False,2026-09-13T08:30:20.604345+00:00
t1_10,night_snowy,motor,mAP50-95,0.02331,273,2,False,2026-09-13T08:30:20.604345+00:00
t1_10,night_snowy,motor,mAP50,0.03884,273,2,False,2026-09-13T08:30:20.604345+00:00
t1_10,night_snowy,motor,mAP75,0.03884,273,2,False,2026-09-13T08:30:20.604345+00:00
t1_10,night_snowy,bike,mAP50-95,0.01528,273,19,False,2026-09-13T08:30:20.604345+00:00
t1_10,night_snowy,bike,mAP50,0.09394,273,19,False,2026-09-13T08:30:20.604345+00:00
t1_10,night_snowy,bike,mAP75,0.00121,273,19,False,2026-09-13T08:30:20.604345+00:00
t1_10,overcast,all,mAP50-95,0.25956,1239,15505,True,2026-09-13T08:30:20.604345+00:00
t1_10,overcast,all,mAP50,0.43097,1239,15505,True,2026-09-13T08:30:20.604345+00:00
t1_10,overcast,all,mAP75,0.24803,1239,15505,True,2026-09-13T08:30:20.604345+00:00
t1_10,overcast,car,mAP50-95,0.46189,1239,14370,True,2026-09-13T08:30:20.604345+00:00
t1_10,overcast,car,mAP50,0.75719,1239,14370,True,2026-09-13T08:30:20.604345+00:00
t1_10,overcast,car,mAP75,0.46204,1239,14370,True,2026-09-13T08:30:20.604345+00:00
t1_10,overcast,truck,mAP50-95,0.32048,1239,660,False,2026-09-13T08:30:20.604345+00:00
t1_10,overcast,truck,mAP50,0.46112,1239,660,False,2026-09-13T08:30:20.604345+00:00
t1_10,overcast,truck,mAP75,0.343,1239,660,False,2026-09-13T08:30:20.604345+00:00
t1_10,overcast,bus,mAP50-95,0.29167,1239,262,False,2026-09-13T08:30:20.604345+00:00
t1_10,overcast,bus,mAP50,0.40193,1239,262,False,2026-09-13T08:30:20.604345+00:00
t1_10,overcast,bus,mAP75,0.31126,1239,262,False,2026-09-13T08:30:20.604345+00:00
t1_10,overcast,motor,mAP50-95,0.08691,1239,72,False,2026-09-13T08:30:20.604345+00:00
t1_10,overcast,motor,mAP50,0.20293,1239,72,False,2026-09-13T08:30:20.604345+00:00
t1_10,overcast,motor,mAP75,0.0577,1239,72,False,2026-09-13T08:30:20.604345+00:00
t1_10,overcast,bike,mAP50-95,0.13684,1239,141,False,2026-09-13T08:30:20.604345+00:00
t1_10,overcast,bike,mAP50,0.33169,1239,141,False,2026-09-13T08:30:20.604345+00:00
t1_10,overcast,bike,mAP75,0.06618,1239,141,False,2026-09-13T08:30:20.604345+00:00
t1_10,partlycloudy,all,mAP50-95,0.2486,738,9256,True,2026-09-13T08:30:20.604345+00:00
t1_10,partlycloudy,all,mAP50,0.39979,738,9256,True,2026-09-13T08:30:20.604345+00:00
t1_10,partlycloudy,all,mAP75,0.24346,738,9256,True,2026-09-13T08:30:20.604345+00:00
t1_10,partlycloudy,car,mAP50-95,0.44373,738,8526,True,2026-09-13T08:30:20.604345+00:00
t1_10,partlycloudy,car,mAP50,0.73144,738,8526,True,2026-09-13T08:30:20.604345+00:00
t1_10,partlycloudy,car,mAP75,0.44264,738,8526,True,2026-09-13T08:30:20.604345+00:00
t1_10,partlycloudy,truck,mAP50-95,0.28701,738,454,False,2026-09-13T08:30:20.604345+00:00
t1_10,partlycloudy,truck,mAP50,0.43394,738,454,False,2026-09-13T08:30:20.604345+00:00
t1_10,partlycloudy,truck,mAP75,0.29191,738,454,False,2026-09-13T08:30:20.604345+00:00
t1_10,partlycloudy,bus,mAP50-95,0.29769,738,142,False,2026-09-13T08:30:20.604345+00:00
t1_10,partlycloudy,bus,mAP50,0.37925,738,142,False,2026-09-13T08:30:20.604345+00:00
t1_10,partlycloudy,bus,mAP75,0.32204,738,142,False,2026-09-13T08:30:20.604345+00:00
t1_10,partlycloudy,motor,mAP50-95,0.12189,738,65,False,2026-09-13T08:30:20.604345+00:00
t1_10,partlycloudy,motor,mAP50,0.2471,738,65,False,2026-09-13T08:30:20.604345+00:00
t1_10,partlycloudy,motor,mAP75,0.09202,738,65,False,2026-09-13T08:30:20.604345+00:00
t1_10,partlycloudy,bike,mAP50-95,0.09267,738,69,False,2026-09-13T08:30:20.604345+00:00
t1_10,partlycloudy,bike,mAP50,0.2072,738,69,False,2026-09-13T08:30:20.604345+00:00
t1_10,partlycloudy,bike,mAP75,0.06867,738,69,False,2026-09-13T08:30:20.604345+00:00
t1_10,rainy,all,mAP50-95,0.25313,737,7541,True,2026-09-13T08:30:20.604345+00:00
t1_10,rainy,all,mAP50,0.41082,737,7541,True,2026-09-13T08:30:20.604345+00:00
t1_10,rainy,all,mAP75,0.25298,737,7541,True,2026-09-13T08:30:20.604345+00:00
t1_10,rainy,car,mAP50-95,0.43642,737,6944,True,2026-09-13T08:30:20.604345+00:00
t1_10,rainy,car,mAP50,0.73413,737,6944,True,2026-09-13T08:30:20.604345+00:00
t1_10,rainy,car,mAP75,0.43443,737,6944,True,2026-09-13T08:30:20.604345+00:00
t1_10,rainy,truck,mAP50-95,0.34126,737,378,False,2026-09-13T08:30:20.604345+00:00
t1_10,rainy,truck,mAP50,0.48758,737,378,False,2026-09-13T08:30:20.604345+00:00
t1_10,rainy,truck,mAP75,0.38446,737,378,False,2026-09-13T08:30:20.604345+00:00
t1_10,rainy,bus,mAP50-95,0.29579,737,132,False,2026-09-13T08:30:20.604345+00:00
t1_10,rainy,bus,mAP50,0.41197,737,132,False,2026-09-13T08:30:20.604345+00:00
t1_10,rainy,bus,mAP75,0.30846,737,132,False,2026-09-13T08:30:20.604345+00:00
t1_10,rainy,motor,mAP50-95,0.09012,737,30,False,2026-09-13T08:30:20.604345+00:00
t1_10,rainy,motor,mAP50,0.20645,737,30,False,2026-09-13T08:30:20.604345+00:00
t1_10,rainy,motor,mAP75,0.0449,737,30,False,2026-09-13T08:30:20.604345+00:00
t1_10,rainy,bike,mAP50-95,0.10208,737,57,False,2026-09-13T08:30:20.604345+00:00
t1_10,rainy,bike,mAP50,0.21395,737,57,False,2026-09-13T08:30:20.604345+00:00
t1_10,rainy,bike,mAP75,0.09264,737,57,False,2026-09-13T08:30:20.604345+00:00
t1_10,snowy,all,mAP50-95,0.21274,769,8080,True,2026-09-13T08:30:20.604345+00:00
t1_10,snowy,all,mAP50,0.36096,769,8080,True,2026-09-13T08:30:20.604345+00:00
t1_10,snowy,all,mAP75,0.19634,769,8080,True,2026-09-13T08:30:20.604345+00:00
t1_10,snowy,car,mAP50-95,0.43334,769,7486,True,2026-09-13T08:30:20.604345+00:00
t1_10,snowy,car,mAP50,0.73023,769,7486,True,2026-09-13T08:30:20.604345+00:00
t1_10,snowy,car,mAP75,0.42898,769,7486,True,2026-09-13T08:30:20.604345+00:00
t1_10,snowy,truck,mAP50-95,0.2558,769,371,False,2026-09-13T08:30:20.604345+00:00
t1_10,snowy,truck,mAP50,0.36994,769,371,False,2026-09-13T08:30:20.604345+00:00
t1_10,snowy,truck,mAP75,0.27896,769,371,False,2026-09-13T08:30:20.604345+00:00
t1_10,snowy,bus,mAP50-95,0.21029,769,133,False,2026-09-13T08:30:20.604345+00:00
t1_10,snowy,bus,mAP50,0.29554,769,133,False,2026-09-13T08:30:20.604345+00:00
t1_10,snowy,bus,mAP75,0.22729,769,133,False,2026-09-13T08:30:20.604345+00:00
t1_10,snowy,motor,mAP50-95,0.07984,769,9,False,2026-09-13T08:30:20.604345+00:00
t1_10,snowy,motor,mAP50,0.20396,769,9,False,2026-09-13T08:30:20.604345+00:00
t1_10,snowy,motor,mAP75,0.00641,769,9,False,2026-09-13T08:30:20.604345+00:00
t1_10,snowy,bike,mAP50-95,0.08441,769,81,False,2026-09-13T08:30:20.604345+00:00
t1_10,snowy,bike,mAP50,0.20514,769,81,False,2026-09-13T08:30:20.604345+00:00
t1_10,snowy,bike,mAP75,0.04007,769,81,False,2026-09-13T08:30:20.604345+00:00
t1b_10,overall,all,mAP50-95,0.25117,8841,97193,True,2026-09-13T08:30:20.604345+00:00
t1b_10,overall,all,mAP50,0.41247,8841,97193,True,2026-09-13T08:30:20.604345+00:00
t1b_10,overall,all,mAP75,0.25126,8841,97193,True,2026-09-13T08:30:20.604345+00:00
t1b_10,overall,car,mAP50-95,0.4318,8841,91118,True,2026-09-13T08:30:20.604345+00:00
t1b_10,overall,car,mAP50,0.73674,8841,91118,True,2026-09-13T08:30:20.604345+00:00
t1b_10,overall,car,mAP75,0.4213,8841,91118,True,2026-09-13T08:30:20.604345+00:00
t1b_10,overall,truck,mAP50-95,0.31252,8841,3608,True,2026-09-13T08:30:20.604345+00:00
t1b_10,overall,truck,mAP50,0.44973,8841,3608,True,2026-09-13T08:30:20.604345+00:00
t1b_10,overall,truck,mAP75,0.34417,8841,3608,True,2026-09-13T08:30:20.604345+00:00
t1b_10,overall,bus,mAP50-95,0.30894,8841,1351,True,2026-09-13T08:30:20.604345+00:00
t1b_10,overall,bus,mAP50,0.42292,8841,1351,True,2026-09-13T08:30:20.604345+00:00
t1b_10,overall,bus,mAP75,0.3462,8841,1351,True,2026-09-13T08:30:20.604345+00:00
t1b_10,overall,motor,mAP50-95,0.09962,8841,377,False,2026-09-13T08:30:20.604345+00:00
t1b_10,overall,motor,mAP50,0.21625,8841,377,False,2026-09-13T08:30:20.604345+00:00
t1b_10,overall,motor,mAP75,0.07905,8841,377,False,2026-09-13T08:30:20.604345+00:00
t1b_10,overall,bike,mAP50-95,0.10296,8841,739,False,2026-09-13T08:30:20.604345+00:00
t1b_10,overall,bike,mAP50,0.23673,8841,739,False,2026-09-13T08:30:20.604345+00:00
t1b_10,overall,bike,mAP75,0.06556,8841,739,False,2026-09-13T08:30:20.604345+00:00
t1b_10,adverse,all,mAP50-95,0.2393,1519,15765,True,2026-09-13T08:30:20.604345+00:00
t1b_10,adverse,all,mAP50,0.39097,1519,15765,True,2026-09-13T08:30:20.604345+00:00
t1b_10,adverse,all,mAP75,0.23985,1519,15765,True,2026-09-13T08:30:20.604345+00:00
t1b_10,adverse,car,mAP50-95,0.43923,1519,14568,True,2026-09-13T08:30:20.604345+00:00
t1b_10,adverse,car,mAP50,0.73806,1519,14568,True,2026-09-13T08:30:20.604345+00:00
t1b_10,adverse,car,mAP75,0.43658,1519,14568,True,2026-09-13T08:30:20.604345+00:00
t1b_10,adverse,truck,mAP50-95,0.32475,1519,754,False,2026-09-13T08:30:20.604345+00:00
t1b_10,adverse,truck,mAP50,0.46882,1519,754,False,2026-09-13T08:30:20.604345+00:00
t1b_10,adverse,truck,mAP75,0.372,1519,754,False,2026-09-13T08:30:20.604345+00:00
t1b_10,adverse,bus,mAP50-95,0.27102,1519,265,False,2026-09-13T08:30:20.604345+00:00
t1b_10,adverse,bus,mAP50,0.38233,1519,265,False,2026-09-13T08:30:20.604345+00:00
t1b_10,adverse,bus,mAP75,0.29254,1519,265,False,2026-09-13T08:30:20.604345+00:00
t1b_10,adverse,motor,mAP50-95,0.07663,1519,40,False,2026-09-13T08:30:20.604345+00:00
t1b_10,adverse,motor,mAP50,0.1745,1519,40,False,2026-09-13T08:30:20.604345+00:00
t1b_10,adverse,motor,mAP75,0.03996,1519,40,False,2026-09-13T08:30:20.604345+00:00
t1b_10,adverse,bike,mAP50-95,0.08486,1519,138,False,2026-09-13T08:30:20.604345+00:00
t1b_10,adverse,bike,mAP50,0.19113,1519,138,False,2026-09-13T08:30:20.604345+00:00
t1b_10,adverse,bike,mAP75,0.05815,1519,138,False,2026-09-13T08:30:20.604345+00:00
t1b_10,benign,all,mAP50-95,0.25418,7322,81428,True,2026-09-13T08:30:20.604345+00:00
t1b_10,benign,all,mAP50,0.41736,7322,81428,True,2026-09-13T08:30:20.604345+00:00
t1b_10,benign,all,mAP75,0.25352,7322,81428,True,2026-09-13T08:30:20.604345+00:00
t1b_10,benign,car,mAP50-95,0.43031,7322,76550,True,2026-09-13T08:30:20.604345+00:00
t1b_10,benign,car,mAP50,0.73681,7322,76550,True,2026-09-13T08:30:20.604345+00:00
t1b_10,benign,car,mAP75,0.41861,7322,76550,True,2026-09-13T08:30:20.604345+00:00
t1b_10,benign,truck,mAP50-95,0.31034,7322,2854,True,2026-09-13T08:30:20.604345+00:00
t1b_10,benign,truck,mAP50,0.44544,7322,2854,True,2026-09-13T08:30:20.604345+00:00
t1b_10,benign,truck,mAP75,0.3378,7322,2854,True,2026-09-13T08:30:20.604345+00:00
t1b_10,benign,bus,mAP50-95,0.31891,7322,1086,True,2026-09-13T08:30:20.604345+00:00
t1b_10,benign,bus,mAP50,0.43325,7322,1086,True,2026-09-13T08:30:20.604345+00:00
t1b_10,benign,bus,mAP75,0.35986,7322,1086,True,2026-09-13T08:30:20.604345+00:00
t1b_10,benign,motor,mAP50-95,0.10318,7322,337,False,2026-09-13T08:30:20.604345+00:00
t1b_10,benign,motor,mAP50,0.22336,7322,337,False,2026-09-13T08:30:20.604345+00:00
t1b_10,benign,motor,mAP75,0.08288,7322,337,False,2026-09-13T08:30:20.604345+00:00
t1b_10,benign,bike,mAP50-95,0.10816,7322,601,False,2026-09-13T08:30:20.604345+00:00
t1b_10,benign,bike,mAP50,0.24794,7322,601,False,2026-09-13T08:30:20.604345+00:00
t1b_10,benign,bike,mAP75,0.06847,7322,601,False,2026-09-13T08:30:20.604345+00:00
t1b_10,clear,all,mAP50-95,0.25261,5345,56667,True,2026-09-13T08:30:20.604345+00:00
t1b_10,clear,all,mAP50,0.41442,5345,56667,True,2026-09-13T08:30:20.604345+00:00
t1b_10,clear,all,mAP75,0.25425,5345,56667,True,2026-09-13T08:30:20.604345+00:00
t1b_10,clear,car,mAP50-95,0.41812,5345,53654,True,2026-09-13T08:30:20.604345+00:00
t1b_10,clear,car,mAP50,0.73041,5345,53654,True,2026-09-13T08:30:20.604345+00:00
t1b_10,clear,car,mAP75,0.40141,5345,53654,True,2026-09-13T08:30:20.604345+00:00
t1b_10,clear,truck,mAP50-95,0.30391,5345,1740,True,2026-09-13T08:30:20.604345+00:00
t1b_10,clear,truck,mAP50,0.43208,5345,1740,True,2026-09-13T08:30:20.604345+00:00
t1b_10,clear,truck,mAP75,0.33543,5345,1740,True,2026-09-13T08:30:20.604345+00:00
t1b_10,clear,bus,mAP50-95,0.31596,5345,682,False,2026-09-13T08:30:20.604345+00:00
t1b_10,clear,bus,mAP50,0.42692,5345,682,False,2026-09-13T08:30:20.604345+00:00
t1b_10,clear,bus,mAP75,0.36192,5345,682,False,2026-09-13T08:30:20.604345+00:00
t1b_10,clear,motor,mAP50-95,0.12032,5345,200,False,2026-09-13T08:30:20.604345+00:00
t1b_10,clear,motor,mAP50,0.25809,5345,200,False,2026-09-13T08:30:20.604345+00:00
t1b_10,clear,motor,mAP75,0.09148,5345,200,False,2026-09-13T08:30:20.604345+00:00
t1b_10,clear,bike,mAP50-95,0.10476,5345,391,False,2026-09-13T08:30:20.604345+00:00
t1b_10,clear,bike,mAP50,0.22462,5345,391,False,2026-09-13T08:30:20.604345+00:00
t1b_10,clear,bike,mAP75,0.08099,5345,391,False,2026-09-13T08:30:20.604345+00:00
t1b_10,dawndusk,all,mAP50-95,0.26925,714,8512,True,2026-09-13T08:30:20.604345+00:00
t1b_10,dawndusk,all,mAP50,0.43368,714,8512,True,2026-09-13T08:30:20.604345+00:00
t1b_10,dawndusk,all,mAP75,0.27609,714,8512,True,2026-09-13T08:30:20.604345+00:00
t1b_10,dawndusk,car,mAP50-95,0.44953,714,7964,True,2026-09-13T08:30:20.604345+00:00
t1b_10,dawndusk,car,mAP50,0.73934,714,7964,True,2026-09-13T08:30:20.604345+00:00
t1b_10,dawndusk,car,mAP75,0.45125,714,7964,True,2026-09-13T08:30:20.604345+00:00
t1b_10,dawndusk,truck,mAP50-95,0.32437,714,340,False,2026-09-13T08:30:20.604345+00:00
t1b_10,dawndusk,truck,mAP50,0.45591,714,340,False,2026-09-13T08:30:20.604345+00:00
t1b_10,dawndusk,truck,mAP75,0.37133,714,340,False,2026-09-13T08:30:20.604345+00:00
t1b_10,dawndusk,bus,mAP50-95,0.34581,714,127,False,2026-09-13T08:30:20.604345+00:00
t1b_10,dawndusk,bus,mAP50,0.47162,714,127,False,2026-09-13T08:30:20.604345+00:00
t1b_10,dawndusk,bus,mAP75,0.40762,714,127,False,2026-09-13T08:30:20.604345+00:00
t1b_10,dawndusk,motor,mAP50-95,0.07691,714,22,False,2026-09-13T08:30:20.604345+00:00
t1b_10,dawndusk,motor,mAP50,0.18993,714,22,False,2026-09-13T08:30:20.604345+00:00
t1b_10,dawndusk,motor,mAP75,0.06188,714,22,False,2026-09-13T08:30:20.604345+00:00
t1b_10,dawndusk,bike,mAP50-95,0.14963,714,59,False,2026-09-13T08:30:20.604345+00:00
t1b_10,dawndusk,bike,mAP50,0.31162,714,59,False,2026-09-13T08:30:20.604345+00:00
t1b_10,dawndusk,bike,mAP75,0.08835,714,59,False,2026-09-13T08:30:20.604345+00:00
t1b_10,day,all,mAP50-95,0.25723,4264,51930,True,2026-09-13T08:30:20.604345+00:00
t1b_10,day,all,mAP50,0.41735,4264,51930,True,2026-09-13T08:30:20.604345+00:00
t1b_10,day,all,mAP75,0.25649,4264,51930,True,2026-09-13T08:30:20.604345+00:00
t1b_10,day,car,mAP50-95,0.45462,4264,47715,True,2026-09-13T08:30:20.604345+00:00
t1b_10,day,car,mAP50,0.7463,4264,47715,True,2026-09-13T08:30:20.604345+00:00
t1b_10,day,car,mAP75,0.45282,4264,47715,True,2026-09-13T08:30:20.604345+00:00
t1b_10,day,truck,mAP50-95,0.31891,4264,2532,True,2026-09-13T08:30:20.604345+00:00
t1b_10,day,truck,mAP50,0.45864,4264,2532,True,2026-09-13T08:30:20.604345+00:00
t1b_10,day,truck,mAP75,0.3471,4264,2532,True,2026-09-13T08:30:20.604345+00:00
t1b_10,day,bus,mAP50-95,0.30591,4264,927,True,2026-09-13T08:30:20.604345+00:00
t1b_10,day,bus,mAP50,0.42063,4264,927,True,2026-09-13T08:30:20.604345+00:00
t1b_10,day,bus,mAP75,0.33755,4264,927,True,2026-09-13T08:30:20.604345+00:00
t1b_10,day,motor,mAP50-95,0.10689,4264,262,False,2026-09-13T08:30:20.604345+00:00
t1b_10,day,motor,mAP50,0.22358,4264,262,False,2026-09-13T08:30:20.604345+00:00
t1b_10,day,motor,mAP75,0.08212,4264,262,False,2026-09-13T08:30:20.604345+00:00
t1b_10,day,bike,mAP50-95,0.09983,4264,494,False,2026-09-13T08:30:20.604345+00:00
t1b_10,day,bike,mAP50,0.23757,4264,494,False,2026-09-13T08:30:20.604345+00:00
t1b_10,day,bike,mAP75,0.06285,4264,494,False,2026-09-13T08:30:20.604345+00:00
t1b_10,day_adverse,all,mAP50-95,0.24848,823,9252,True,2026-09-13T08:30:20.604345+00:00
t1b_10,day_adverse,all,mAP50,0.40282,823,9252,True,2026-09-13T08:30:20.604345+00:00
t1b_10,day_adverse,all,mAP75,0.24169,823,9252,True,2026-09-13T08:30:20.604345+00:00
t1b_10,day_adverse,car,mAP50-95,0.45655,823,8401,True,2026-09-13T08:30:20.604345+00:00
t1b_10,day_adverse,car,mAP50,0.75058,823,8401,True,2026-09-13T08:30:20.604345+00:00
t1b_10,day_adverse,car,mAP75,0.45957,823,8401,True,2026-09-13T08:30:20.604345+00:00
t1b_10,day_adverse,truck,mAP50-95,0.34369,823,540,False,2026-09-13T08:30:20.604345+00:00
t1b_10,day_adverse,truck,mAP50,0.49461,823,540,False,2026-09-13T08:30:20.604345+00:00
t1b_10,day_adverse,truck,mAP75,0.39206,823,540,False,2026-09-13T08:30:20.604345+00:00
t1b_10,day_adverse,bus,mAP50-95,0.26398,823,194,False,2026-09-13T08:30:20.604345+00:00
t1b_10,day_adverse,bus,mAP50,0.3699,823,194,False,2026-09-13T08:30:20.604345+00:00
t1b_10,day_adverse,bus,mAP75,0.27232,823,194,False,2026-09-13T08:30:20.604345+00:00
t1b_10,day_adverse,motor,mAP50-95,0.0928,823,23,False,2026-09-13T08:30:20.604345+00:00
t1b_10,day_adverse,motor,mAP50,0.20182,823,23,False,2026-09-13T08:30:20.604345+00:00
t1b_10,day_adverse,motor,mAP75,0.02614,823,23,False,2026-09-13T08:30:20.604345+00:00
t1b_10,day_adverse,bike,mAP50-95,0.08537,823,94,False,2026-09-13T08:30:20.604345+00:00
t1b_10,day_adverse,bike,mAP50,0.19718,823,94,False,2026-09-13T08:30:20.604345+00:00
t1b_10,day_adverse,bike,mAP75,0.05835,823,94,False,2026-09-13T08:30:20.604345+00:00
t1b_10,day_clear,all,mAP50-95,0.2643,1764,21352,True,2026-09-13T08:30:20.604345+00:00
t1b_10,day_clear,all,mAP50,0.42246,1764,21352,True,2026-09-13T08:30:20.604345+00:00
t1b_10,day_clear,all,mAP75,0.26548,1764,21352,True,2026-09-13T08:30:20.604345+00:00
t1b_10,day_clear,car,mAP50-95,0.44924,1764,19633,True,2026-09-13T08:30:20.604345+00:00
t1b_10,day_clear,car,mAP50,0.73819,1764,19633,True,2026-09-13T08:30:20.604345+00:00
t1b_10,day_clear,car,mAP75,0.44761,1764,19633,True,2026-09-13T08:30:20.604345+00:00
t1b_10,day_clear,truck,mAP50-95,0.31363,1764,1021,True,2026-09-13T08:30:20.604345+00:00
t1b_10,day_clear,truck,mAP50,0.44177,1764,1021,True,2026-09-13T08:30:20.604345+00:00
t1b_10,day_clear,truck,mAP75,0.34199,1764,1021,True,2026-09-13T08:30:20.604345+00:00
t1b_10,day_clear,bus,mAP50-95,0.31575,1764,380,False,2026-09-13T08:30:20.604345+00:00
t1b_10,day_clear,bus,mAP50,0.42802,1764,380,False,2026-09-13T08:30:20.604345+00:00
t1b_10,day_clear,bus,mAP75,0.35926,1764,380,False,2026-09-13T08:30:20.604345+00:00
t1b_10,day_clear,motor,mAP50-95,0.14884,1764,111,False,2026-09-13T08:30:20.604345+00:00
t1b_10,day_clear,motor,mAP50,0.29893,1764,111,False,2026-09-13T08:30:20.604345+00:00
t1b_10,day_clear,motor,mAP75,0.10261,1764,111,False,2026-09-13T08:30:20.604345+00:00
t1b_10,day_clear,bike,mAP50-95,0.09405,1764,207,False,2026-09-13T08:30:20.604345+00:00
t1b_10,day_clear,bike,mAP50,0.20542,1764,207,False,2026-09-13T08:30:20.604345+00:00
t1b_10,day_clear,bike,mAP75,0.07593,1764,207,False,2026-09-13T08:30:20.604345+00:00
t1b_10,day_rainy,all,mAP50-95,0.27749,396,4356,True,2026-09-13T08:30:20.604345+00:00
t1b_10,day_rainy,all,mAP50,0.4544,396,4356,True,2026-09-13T08:30:20.604345+00:00
t1b_10,day_rainy,all,mAP75,0.27212,396,4356,True,2026-09-13T08:30:20.604345+00:00
t1b_10,day_rainy,car,mAP50-95,0.46542,396,3930,True,2026-09-13T08:30:20.604345+00:00
t1b_10,day_rainy,car,mAP50,0.76222,396,3930,True,2026-09-13T08:30:20.604345+00:00
t1b_10,day_rainy,car,mAP75,0.4685,396,3930,True,2026-09-13T08:30:20.604345+00:00
t1b_10,day_rainy,truck,mAP50-95,0.36884,396,272,False,2026-09-13T08:30:20.604345+00:00
t1b_10,day_rainy,truck,mAP50,0.53695,396,272,False,2026-09-13T08:30:20.604345+00:00
t1b_10,day_rainy,truck,mAP75,0.41284,396,272,False,2026-09-13T08:30:20.604345+00:00
t1b_10,day_rainy,bus,mAP50-95,0.27632,396,97,False,2026-09-13T08:30:20.604345+00:00
t1b_10,day_rainy,bus,mAP50,0.3798,396,97,False,2026-09-13T08:30:20.604345+00:00
t1b_10,day_rainy,bus,mAP75,0.30005,396,97,False,2026-09-13T08:30:20.604345+00:00
t1b_10,day_rainy,motor,mAP50-95,0.18209,396,16,False,2026-09-13T08:30:20.604345+00:00
t1b_10,day_rainy,motor,mAP50,0.38199,396,16,False,2026-09-13T08:30:20.604345+00:00
t1b_10,day_rainy,motor,mAP75,0.08034,396,16,False,2026-09-13T08:30:20.604345+00:00
t1b_10,day_rainy,bike,mAP50-95,0.09479,396,41,False,2026-09-13T08:30:20.604345+00:00
t1b_10,day_rainy,bike,mAP50,0.21102,396,41,False,2026-09-13T08:30:20.604345+00:00
t1b_10,day_rainy,bike,mAP75,0.09887,396,41,False,2026-09-13T08:30:20.604345+00:00
t1b_10,day_snowy,all,mAP50-95,0.22329,422,4842,True,2026-09-13T08:30:20.604345+00:00
t1b_10,day_snowy,all,mAP50,0.35792,422,4842,True,2026-09-13T08:30:20.604345+00:00
t1b_10,day_snowy,all,mAP75,0.21957,422,4842,True,2026-09-13T08:30:20.604345+00:00
t1b_10,day_snowy,car,mAP50-95,0.44912,422,4421,True,2026-09-13T08:30:20.604345+00:00
t1b_10,day_snowy,car,mAP50,0.7402,422,4421,True,2026-09-13T08:30:20.604345+00:00
t1b_10,day_snowy,car,mAP75,0.45196,422,4421,True,2026-09-13T08:30:20.604345+00:00
t1b_10,day_snowy,truck,mAP50-95,0.32192,422,264,False,2026-09-13T08:30:20.604345+00:00
t1b_10,day_snowy,truck,mAP50,0.45791,422,264,False,2026-09-13T08:30:20.604345+00:00
t1b_10,day_snowy,truck,mAP75,0.37475,422,264,False,2026-09-13T08:30:20.604345+00:00
t1b_10,day_snowy,bus,mAP50-95,0.25293,422,97,False,2026-09-13T08:30:20.604345+00:00
t1b_10,day_snowy,bus,mAP50,0.36258,422,97,False,2026-09-13T08:30:20.604345+00:00
t1b_10,day_snowy,bus,mAP75,0.24341,422,97,False,2026-09-13T08:30:20.604345+00:00
t1b_10,day_snowy,motor,mAP50-95,0.01523,422,7,False,2026-09-13T08:30:20.604345+00:00
t1b_10,day_snowy,motor,mAP50,0.03662,422,7,False,2026-09-13T08:30:20.604345+00:00
t1b_10,day_snowy,motor,mAP75,0.0,422,7,False,2026-09-13T08:30:20.604345+00:00
t1b_10,day_snowy,bike,mAP50-95,0.07724,422,53,False,2026-09-13T08:30:20.604345+00:00
t1b_10,day_snowy,bike,mAP50,0.19231,422,53,False,2026-09-13T08:30:20.604345+00:00
t1b_10,day_snowy,bike,mAP75,0.02773,422,53,False,2026-09-13T08:30:20.604345+00:00
t1b_10,foggy,all,mAP50-95,0.23324,13,144,False,2026-09-13T08:30:20.604345+00:00
t1b_10,foggy,all,mAP50,0.63056,13,144,False,2026-09-13T08:30:20.604345+00:00
t1b_10,foggy,all,mAP75,0.20859,13,144,False,2026-09-13T08:30:20.604345+00:00
t1b_10,foggy,car,mAP50-95,0.41259,13,138,False,2026-09-13T08:30:20.604345+00:00
t1b_10,foggy,car,mAP50,0.68376,13,138,False,2026-09-13T08:30:20.604345+00:00
t1b_10,foggy,car,mAP75,0.41786,13,138,False,2026-09-13T08:30:20.604345+00:00
t1b_10,foggy,truck,mAP50-95,0.18713,13,5,False,2026-09-13T08:30:20.604345+00:00
t1b_10,foggy,truck,mAP50,0.20792,13,5,False,2026-09-13T08:30:20.604345+00:00
t1b_10,foggy,truck,mAP75,0.20792,13,5,False,2026-09-13T08:30:20.604345+00:00
t1b_10,foggy,bus,mAP50-95,,13,0,False,2026-09-13T08:30:20.604345+00:00
t1b_10,foggy,bus,mAP50,,13,0,False,2026-09-13T08:30:20.604345+00:00
t1b_10,foggy,bus,mAP75,,13,0,False,2026-09-13T08:30:20.604345+00:00
t1b_10,foggy,motor,mAP50-95,0.1,13,1,False,2026-09-13T08:30:20.604345+00:00
t1b_10,foggy,motor,mAP50,1.0,13,1,False,2026-09-13T08:30:20.604345+00:00
t1b_10,foggy,motor,mAP75,0.0,13,1,False,2026-09-13T08:30:20.604345+00:00
t1b_10,foggy,bike,mAP50-95,,13,0,False,2026-09-13T08:30:20.604345+00:00
t1b_10,foggy,bike,mAP50,,13,0,False,2026-09-13T08:30:20.604345+00:00
t1b_10,foggy,bike,mAP75,,13,0,False,2026-09-13T08:30:20.604345+00:00
t1b_10,night,all,mAP50-95,0.23965,3863,36751,True,2026-09-13T08:30:20.604345+00:00
t1b_10,night,all,mAP50,0.39943,3863,36751,True,2026-09-13T08:30:20.604345+00:00
t1b_10,night,all,mAP75,0.24334,3863,36751,True,2026-09-13T08:30:20.604345+00:00
t1b_10,night,car,mAP50-95,0.39627,3863,35439,True,2026-09-13T08:30:20.604345+00:00
t1b_10,night,car,mAP50,0.72304,3863,35439,True,2026-09-13T08:30:20.604345+00:00
t1b_10,night,car,mAP75,0.37012,3863,35439,True,2026-09-13T08:30:20.604345+00:00
t1b_10,night,truck,mAP50-95,0.29144,3863,736,False,2026-09-13T08:30:20.604345+00:00
t1b_10,night,truck,mAP50,0.42199,3863,736,False,2026-09-13T08:30:20.604345+00:00
t1b_10,night,truck,mAP75,0.32714,3863,736,False,2026-09-13T08:30:20.604345+00:00
t1b_10,night,bus,mAP50-95,0.31132,3863,297,False,2026-09-13T08:30:20.604345+00:00
t1b_10,night,bus,mAP50,0.41923,3863,297,False,2026-09-13T08:30:20.604345+00:00
t1b_10,night,bus,mAP75,0.35324,3863,297,False,2026-09-13T08:30:20.604345+00:00
t1b_10,night,motor,mAP50-95,0.09882,3863,93,False,2026-09-13T08:30:20.604345+00:00
t1b_10,night,motor,mAP50,0.22049,3863,93,False,2026-09-13T08:30:20.604345+00:00
t1b_10,night,motor,mAP75,0.09233,3863,93,False,2026-09-13T08:30:20.604345+00:00
t1b_10,night,bike,mAP50-95,0.10039,3863,186,False,2026-09-13T08:30:20.604345+00:00
t1b_10,night,bike,mAP50,0.2124,3863,186,False,2026-09-13T08:30:20.604345+00:00
t1b_10,night,bike,mAP75,0.07386,3863,186,False,2026-09-13T08:30:20.604345+00:00
t1b_10,night_adverse,all,mAP50-95,0.23842,566,4986,True,2026-09-13T08:30:20.604345+00:00
t1b_10,night_adverse,all,mAP50,0.38879,566,4986,True,2026-09-13T08:30:20.604345+00:00
t1b_10,night_adverse,all,mAP75,0.2489,566,4986,True,2026-09-13T08:30:20.604345+00:00
t1b_10,night_adverse,car,mAP50-95,0.40812,566,4743,True,2026-09-13T08:30:20.604345+00:00
t1b_10,night_adverse,car,mAP50,0.71988,566,4743,True,2026-09-13T08:30:20.604345+00:00
t1b_10,night_adverse,car,mAP75,0.39372,566,4743,True,2026-09-13T08:30:20.604345+00:00
t1b_10,night_adverse,truck,mAP50-95,0.25591,566,156,False,2026-09-13T08:30:20.604345+00:00
t1b_10,night_adverse,truck,mAP50,0.37655,566,156,False,2026-09-13T08:30:20.604345+00:00
t1b_10,night_adverse,truck,mAP75,0.2863,566,156,False,2026-09-13T08:30:20.604345+00:00
t1b_10,night_adverse,bus,mAP50-95,0.34856,566,41,False,2026-09-13T08:30:20.604345+00:00
t1b_10,night_adverse,bus,mAP50,0.49427,566,41,False,2026-09-13T08:30:20.604345+00:00
t1b_10,night_adverse,bus,mAP75,0.41996,566,41,False,2026-09-13T08:30:20.604345+00:00
t1b_10,night_adverse,motor,mAP50-95,0.10825,566,12,False,2026-09-13T08:30:20.604345+00:00
t1b_10,night_adverse,motor,mAP50,0.20322,566,12,False,2026-09-13T08:30:20.604345+00:00
t1b_10,night_adverse,motor,mAP75,0.0938,566,12,False,2026-09-13T08:30:20.604345+00:00
t1b_10,night_adverse,bike,mAP50-95,0.07127,566,34,False,2026-09-13T08:30:20.604345+00:00
t1b_10,night_adverse,bike,mAP50,0.15001,566,34,False,2026-09-13T08:30:20.604345+00:00
t1b_10,night_adverse,bike,mAP75,0.05072,566,34,False,2026-09-13T08:30:20.604345+00:00
t1b_10,night_clear,all,mAP50-95,0.2406,3274,31550,True,2026-09-13T08:30:20.604345+00:00
t1b_10,night_clear,all,mAP50,0.40349,3274,31550,True,2026-09-13T08:30:20.604345+00:00
t1b_10,night_clear,all,mAP75,0.24153,3274,31550,True,2026-09-13T08:30:20.604345+00:00
t1b_10,night_clear,car,mAP50-95,0.39389,3274,30489,True,2026-09-13T08:30:20.604345+00:00
t1b_10,night_clear,car,mAP50,0.72373,3274,30489,True,2026-09-13T08:30:20.604345+00:00
t1b_10,night_clear,car,mAP75,0.36627,3274,30489,True,2026-09-13T08:30:20.604345+00:00
t1b_10,night_clear,truck,mAP50-95,0.30023,3274,577,False,2026-09-13T08:30:20.604345+00:00
t1b_10,night_clear,truck,mAP50,0.43387,3274,577,False,2026-09-13T08:30:20.604345+00:00
t1b_10,night_clear,truck,mAP75,0.33655,3274,577,False,2026-09-13T08:30:20.604345+00:00
t1b_10,night_clear,bus,mAP50-95,0.29919,3274,251,False,2026-09-13T08:30:20.604345+00:00
t1b_10,night_clear,bus,mAP50,0.40134,3274,251,False,2026-09-13T08:30:20.604345+00:00
t1b_10,night_clear,bus,mAP75,0.33631,3274,251,False,2026-09-13T08:30:20.604345+00:00
t1b_10,night_clear,motor,mAP50-95,0.10083,3274,81,False,2026-09-13T08:30:20.604345+00:00
t1b_10,night_clear,motor,mAP50,0.2289,3274,81,False,2026-09-13T08:30:20.604345+00:00
t1b_10,night_clear,motor,mAP75,0.09016,3274,81,False,2026-09-13T08:30:20.604345+00:00
t1b_10,night_clear,bike,mAP50-95,0.10887,3274,152,False,2026-09-13T08:30:20.604345+00:00
t1b_10,night_clear,bike,mAP50,0.22958,3274,152,False,2026-09-13T08:30:20.604345+00:00
t1b_10,night_clear,bike,mAP75,0.07837,3274,152,False,2026-09-13T08:30:20.604345+00:00
t1b_10,night_rainy,all,mAP50-95,0.29282,286,2535,True,2026-09-13T08:30:20.604345+00:00
t1b_10,night_rainy,all,mAP50,0.47706,286,2535,True,2026-09-13T08:30:20.604345+00:00
t1b_10,night_rainy,all,mAP75,0.31438,286,2535,True,2026-09-13T08:30:20.604345+00:00
t1b_10,night_rainy,car,mAP50-95,0.40264,286,2416,True,2026-09-13T08:30:20.604345+00:00
t1b_10,night_rainy,car,mAP50,0.70842,286,2416,True,2026-09-13T08:30:20.604345+00:00
t1b_10,night_rainy,car,mAP75,0.39698,286,2416,True,2026-09-13T08:30:20.604345+00:00
t1b_10,night_rainy,truck,mAP50-95,0.29527,286,72,False,2026-09-13T08:30:20.604345+00:00
t1b_10,night_rainy,truck,mAP50,0.43727,286,72,False,2026-09-13T08:30:20.604345+00:00
t1b_10,night_rainy,truck,mAP75,0.34328,286,72,False,2026-09-13T08:30:20.604345+00:00
t1b_10,night_rainy,bus,mAP50-95,0.47624,286,22,False,2026-09-13T08:30:20.604345+00:00
t1b_10,night_rainy,bus,mAP50,0.67375,286,22,False,2026-09-13T08:30:20.604345+00:00
t1b_10,night_rainy,bus,mAP75,0.56595,286,22,False,2026-09-13T08:30:20.604345+00:00
t1b_10,night_rainy,motor,mAP50-95,0.14606,286,10,False,2026-09-13T08:30:20.604345+00:00
t1b_10,night_rainy,motor,mAP50,0.27533,286,10,False,2026-09-13T08:30:20.604345+00:00
t1b_10,night_rainy,motor,mAP75,0.12706,286,10,False,2026-09-13T08:30:20.604345+00:00
t1b_10,night_rainy,bike,mAP50-95,0.14388,286,15,False,2026-09-13T08:30:20.604345+00:00
t1b_10,night_rainy,bike,mAP50,0.29053,286,15,False,2026-09-13T08:30:20.604345+00:00
t1b_10,night_rainy,bike,mAP75,0.13861,286,15,False,2026-09-13T08:30:20.604345+00:00
t1b_10,night_snowy,all,mAP50-95,0.17942,273,2374,True,2026-09-13T08:30:20.604345+00:00
t1b_10,night_snowy,all,mAP50,0.28962,273,2374,True,2026-09-13T08:30:20.604345+00:00
t1b_10,night_snowy,all,mAP75,0.18332,273,2374,True,2026-09-13T08:30:20.604345+00:00
t1b_10,night_snowy,car,mAP50-95,0.41664,273,2251,True,2026-09-13T08:30:20.604345+00:00
t1b_10,night_snowy,car,mAP50,0.7378,273,2251,True,2026-09-13T08:30:20.604345+00:00
t1b_10,night_snowy,car,mAP75,0.39147,273,2251,True,2026-09-13T08:30:20.604345+00:00
t1b_10,night_snowy,truck,mAP50-95,0.22556,273,83,False,2026-09-13T08:30:20.604345+00:00
t1b_10,night_snowy,truck,mAP50,0.33165,273,83,False,2026-09-13T08:30:20.604345+00:00
t1b_10,night_snowy,truck,mAP75,0.23638,273,83,False,2026-09-13T08:30:20.604345+00:00
t1b_10,night_snowy,bus,mAP50-95,0.22603,273,19,False,2026-09-13T08:30:20.604345+00:00
t1b_10,night_snowy,bus,mAP50,0.31769,273,19,False,2026-09-13T08:30:20.604345+00:00
t1b_10,night_snowy,bus,mAP75,0.27789,273,19,False,2026-09-13T08:30:20.604345+00:00
t1b_10,night_snowy,motor,mAP50-95,0.00551,273,2,False,2026-09-13T08:30:20.604345+00:00
t1b_10,night_snowy,motor,mAP50,0.00918,273,2,False,2026-09-13T08:30:20.604345+00:00
t1b_10,night_snowy,motor,mAP75,0.00918,273,2,False,2026-09-13T08:30:20.604345+00:00
t1b_10,night_snowy,bike,mAP50-95,0.02335,273,19,False,2026-09-13T08:30:20.604345+00:00
t1b_10,night_snowy,bike,mAP50,0.05179,273,19,False,2026-09-13T08:30:20.604345+00:00
t1b_10,night_snowy,bike,mAP75,0.00168,273,19,False,2026-09-13T08:30:20.604345+00:00
t1b_10,overcast,all,mAP50-95,0.25887,1239,15505,True,2026-09-13T08:30:20.604345+00:00
t1b_10,overcast,all,mAP50,0.42658,1239,15505,True,2026-09-13T08:30:20.604345+00:00
t1b_10,overcast,all,mAP75,0.24633,1239,15505,True,2026-09-13T08:30:20.604345+00:00
t1b_10,overcast,car,mAP50-95,0.46517,1239,14370,True,2026-09-13T08:30:20.604345+00:00
t1b_10,overcast,car,mAP50,0.75991,1239,14370,True,2026-09-13T08:30:20.604345+00:00
t1b_10,overcast,car,mAP75,0.46294,1239,14370,True,2026-09-13T08:30:20.604345+00:00
t1b_10,overcast,truck,mAP50-95,0.32134,1239,660,False,2026-09-13T08:30:20.604345+00:00
t1b_10,overcast,truck,mAP50,0.46945,1239,660,False,2026-09-13T08:30:20.604345+00:00
t1b_10,overcast,truck,mAP75,0.34016,1239,660,False,2026-09-13T08:30:20.604345+00:00
t1b_10,overcast,bus,mAP50-95,0.31402,1239,262,False,2026-09-13T08:30:20.604345+00:00
t1b_10,overcast,bus,mAP50,0.43087,1239,262,False,2026-09-13T08:30:20.604345+00:00
t1b_10,overcast,bus,mAP75,0.33574,1239,262,False,2026-09-13T08:30:20.604345+00:00
t1b_10,overcast,motor,mAP50-95,0.05475,1239,72,False,2026-09-13T08:30:20.604345+00:00
t1b_10,overcast,motor,mAP50,0.13326,1239,72,False,2026-09-13T08:30:20.604345+00:00
t1b_10,overcast,motor,mAP75,0.03636,1239,72,False,2026-09-13T08:30:20.604345+00:00
t1b_10,overcast,bike,mAP50-95,0.13908,1239,141,False,2026-09-13T08:30:20.604345+00:00
t1b_10,overcast,bike,mAP50,0.33942,1239,141,False,2026-09-13T08:30:20.604345+00:00
t1b_10,overcast,bike,mAP75,0.05646,1239,141,False,2026-09-13T08:30:20.604345+00:00
t1b_10,partlycloudy,all,mAP50-95,0.26979,738,9256,True,2026-09-13T08:30:20.604345+00:00
t1b_10,partlycloudy,all,mAP50,0.4342,738,9256,True,2026-09-13T08:30:20.604345+00:00
t1b_10,partlycloudy,all,mAP75,0.27798,738,9256,True,2026-09-13T08:30:20.604345+00:00
t1b_10,partlycloudy,car,mAP50-95,0.4485,738,8526,True,2026-09-13T08:30:20.604345+00:00
t1b_10,partlycloudy,car,mAP50,0.73565,738,8526,True,2026-09-13T08:30:20.604345+00:00
t1b_10,partlycloudy,car,mAP75,0.44773,738,8526,True,2026-09-13T08:30:20.604345+00:00
t1b_10,partlycloudy,truck,mAP50-95,0.32673,738,454,False,2026-09-13T08:30:20.604345+00:00
t1b_10,partlycloudy,truck,mAP50,0.46996,738,454,False,2026-09-13T08:30:20.604345+00:00
t1b_10,partlycloudy,truck,mAP75,0.34732,738,454,False,2026-09-13T08:30:20.604345+00:00
t1b_10,partlycloudy,bus,mAP50-95,0.3563,738,142,False,2026-09-13T08:30:20.604345+00:00
t1b_10,partlycloudy,bus,mAP50,0.48001,738,142,False,2026-09-13T08:30:20.604345+00:00
t1b_10,partlycloudy,bus,mAP75,0.40244,738,142,False,2026-09-13T08:30:20.604345+00:00
t1b_10,partlycloudy,motor,mAP50-95,0.13306,738,65,False,2026-09-13T08:30:20.604345+00:00
t1b_10,partlycloudy,motor,mAP50,0.26201,738,65,False,2026-09-13T08:30:20.604345+00:00
t1b_10,partlycloudy,motor,mAP75,0.14501,738,65,False,2026-09-13T08:30:20.604345+00:00
t1b_10,partlycloudy,bike,mAP50-95,0.08435,738,69,False,2026-09-13T08:30:20.604345+00:00
t1b_10,partlycloudy,bike,mAP50,0.22335,738,69,False,2026-09-13T08:30:20.604345+00:00
t1b_10,partlycloudy,bike,mAP75,0.0474,738,69,False,2026-09-13T08:30:20.604345+00:00
t1b_10,rainy,all,mAP50-95,0.26985,737,7541,True,2026-09-13T08:30:20.604345+00:00
t1b_10,rainy,all,mAP50,0.43729,737,7541,True,2026-09-13T08:30:20.604345+00:00
t1b_10,rainy,all,mAP75,0.27753,737,7541,True,2026-09-13T08:30:20.604345+00:00
t1b_10,rainy,car,mAP50-95,0.44142,737,6944,True,2026-09-13T08:30:20.604345+00:00
t1b_10,rainy,car,mAP50,0.74017,737,6944,True,2026-09-13T08:30:20.604345+00:00
t1b_10,rainy,car,mAP75,0.44077,737,6944,True,2026-09-13T08:30:20.604345+00:00
t1b_10,rainy,truck,mAP50-95,0.35681,737,378,False,2026-09-13T08:30:20.604345+00:00
t1b_10,rainy,truck,mAP50,0.5208,737,378,False,2026-09-13T08:30:20.604345+00:00
t1b_10,rainy,truck,mAP75,0.40209,737,378,False,2026-09-13T08:30:20.604345+00:00
t1b_10,rainy,bus,mAP50-95,0.31509,737,132,False,2026-09-13T08:30:20.604345+00:00
t1b_10,rainy,bus,mAP50,0.43276,737,132,False,2026-09-13T08:30:20.604345+00:00
t1b_10,rainy,bus,mAP75,0.35507,737,132,False,2026-09-13T08:30:20.604345+00:00
t1b_10,rainy,motor,mAP50-95,0.12479,737,30,False,2026-09-13T08:30:20.604345+00:00
t1b_10,rainy,motor,mAP50,0.25642,737,30,False,2026-09-13T08:30:20.604345+00:00
t1b_10,rainy,motor,mAP75,0.07863,737,30,False,2026-09-13T08:30:20.604345+00:00
t1b_10,rainy,bike,mAP50-95,0.11113,737,57,False,2026-09-13T08:30:20.604345+00:00
t1b_10,rainy,bike,mAP50,0.23633,737,57,False,2026-09-13T08:30:20.604345+00:00
t1b_10,rainy,bike,mAP75,0.11106,737,57,False,2026-09-13T08:30:20.604345+00:00
t1b_10,snowy,all,mAP50-95,0.20868,769,8080,True,2026-09-13T08:30:20.604345+00:00
t1b_10,snowy,all,mAP50,0.33713,769,8080,True,2026-09-13T08:30:20.604345+00:00
t1b_10,snowy,all,mAP75,0.20611,769,8080,True,2026-09-13T08:30:20.604345+00:00
t1b_10,snowy,car,mAP50-95,0.43836,769,7486,True,2026-09-13T08:30:20.604345+00:00
t1b_10,snowy,car,mAP50,0.73792,769,7486,True,2026-09-13T08:30:20.604345+00:00
t1b_10,snowy,car,mAP75,0.43243,769,7486,True,2026-09-13T08:30:20.604345+00:00
t1b_10,snowy,truck,mAP50-95,0.29761,769,371,False,2026-09-13T08:30:20.604345+00:00
t1b_10,snowy,truck,mAP50,0.42373,769,371,False,2026-09-13T08:30:20.604345+00:00
t1b_10,snowy,truck,mAP75,0.34451,769,371,False,2026-09-13T08:30:20.604345+00:00
t1b_10,snowy,bus,mAP50-95,0.22859,769,133,False,2026-09-13T08:30:20.604345+00:00
t1b_10,snowy,bus,mAP50,0.33226,769,133,False,2026-09-13T08:30:20.604345+00:00
t1b_10,snowy,bus,mAP75,0.23059,769,133,False,2026-09-13T08:30:20.604345+00:00
t1b_10,snowy,motor,mAP50-95,0.01211,769,9,False,2026-09-13T08:30:20.604345+00:00
t1b_10,snowy,motor,mAP50,0.02843,769,9,False,2026-09-13T08:30:20.604345+00:00
t1b_10,snowy,motor,mAP75,0.00039,769,9,False,2026-09-13T08:30:20.604345+00:00
t1b_10,snowy,bike,mAP50-95,0.06671,769,81,False,2026-09-13T08:30:20.604345+00:00
t1b_10,snowy,bike,mAP50,0.16331,769,81,False,2026-09-13T08:30:20.604345+00:00
t1b_10,snowy,bike,mAP75,0.02261,769,81,False,2026-09-13T08:30:20.604345+00:00
t1b_10_last,overall,all,mAP50-95,0.23921,8841,97193,True,2026-09-13T08:30:20.604345+00:00
t1b_10_last,overall,all,mAP50,0.39632,8841,97193,True,2026-09-13T08:30:20.604345+00:00
t1b_10_last,overall,all,mAP75,0.23663,8841,97193,True,2026-09-13T08:30:20.604345+00:00
t1b_10_last,overall,car,mAP50-95,0.42987,8841,91118,True,2026-09-13T08:30:20.604345+00:00
t1b_10_last,overall,car,mAP50,0.73594,8841,91118,True,2026-09-13T08:30:20.604345+00:00
t1b_10_last,overall,car,mAP75,0.41868,8841,91118,True,2026-09-13T08:30:20.604345+00:00
t1b_10_last,overall,truck,mAP50-95,0.29207,8841,3608,True,2026-09-13T08:30:20.604345+00:00
t1b_10_last,overall,truck,mAP50,0.42051,8841,3608,True,2026-09-13T08:30:20.604345+00:00
t1b_10_last,overall,truck,mAP75,0.31896,8841,3608,True,2026-09-13T08:30:20.604345+00:00
t1b_10_last,overall,bus,mAP50-95,0.28085,8841,1351,True,2026-09-13T08:30:20.604345+00:00
t1b_10_last,overall,bus,mAP50,0.388,8841,1351,True,2026-09-13T08:30:20.604345+00:00
t1b_10_last,overall,bus,mAP75,0.3121,8841,1351,True,2026-09-13T08:30:20.604345+00:00
t1b_10_last,overall,motor,mAP50-95,0.08489,8841,377,False,2026-09-13T08:30:20.604345+00:00
t1b_10_last,overall,motor,mAP50,0.19089,8841,377,False,2026-09-13T08:30:20.604345+00:00
t1b_10_last,overall,motor,mAP75,0.05053,8841,377,False,2026-09-13T08:30:20.604345+00:00
t1b_10_last,overall,bike,mAP50-95,0.10837,8841,739,False,2026-09-13T08:30:20.604345+00:00
t1b_10_last,overall,bike,mAP50,0.24624,8841,739,False,2026-09-13T08:30:20.604345+00:00
t1b_10_last,overall,bike,mAP75,0.08285,8841,739,False,2026-09-13T08:30:20.604345+00:00
t1b_10_last,adverse,all,mAP50-95,0.23077,1519,15765,True,2026-09-13T08:30:20.604345+00:00
t1b_10_last,adverse,all,mAP50,0.37813,1519,15765,True,2026-09-13T08:30:20.604345+00:00
t1b_10_last,adverse,all,mAP75,0.23015,1519,15765,True,2026-09-13T08:30:20.604345+00:00
t1b_10_last,adverse,car,mAP50-95,0.43731,1519,14568,True,2026-09-13T08:30:20.604345+00:00
t1b_10_last,adverse,car,mAP50,0.73223,1519,14568,True,2026-09-13T08:30:20.604345+00:00
t1b_10_last,adverse,car,mAP75,0.4331,1519,14568,True,2026-09-13T08:30:20.604345+00:00
t1b_10_last,adverse,truck,mAP50-95,0.30397,1519,754,False,2026-09-13T08:30:20.604345+00:00
t1b_10_last,adverse,truck,mAP50,0.43753,1519,754,False,2026-09-13T08:30:20.604345+00:00
t1b_10_last,adverse,truck,mAP75,0.34315,1519,754,False,2026-09-13T08:30:20.604345+00:00
t1b_10_last,adverse,bus,mAP50-95,0.25244,1519,265,False,2026-09-13T08:30:20.604345+00:00
t1b_10_last,adverse,bus,mAP50,0.35917,1519,265,False,2026-09-13T08:30:20.604345+00:00
t1b_10_last,adverse,bus,mAP75,0.26086,1519,265,False,2026-09-13T08:30:20.604345+00:00
t1b_10_last,adverse,motor,mAP50-95,0.06115,1519,40,False,2026-09-13T08:30:20.604345+00:00
t1b_10_last,adverse,motor,mAP50,0.13518,1519,40,False,2026-09-13T08:30:20.604345+00:00
t1b_10_last,adverse,motor,mAP75,0.04579,1519,40,False,2026-09-13T08:30:20.604345+00:00
t1b_10_last,adverse,bike,mAP50-95,0.09896,1519,138,False,2026-09-13T08:30:20.604345+00:00
t1b_10_last,adverse,bike,mAP50,0.22656,1519,138,False,2026-09-13T08:30:20.604345+00:00
t1b_10_last,adverse,bike,mAP75,0.06785,1519,138,False,2026-09-13T08:30:20.604345+00:00
t1b_10_last,benign,all,mAP50-95,0.24133,7322,81428,True,2026-09-13T08:30:20.604345+00:00
t1b_10_last,benign,all,mAP50,0.4001,7322,81428,True,2026-09-13T08:30:20.604345+00:00
t1b_10_last,benign,all,mAP75,0.2389,7322,81428,True,2026-09-13T08:30:20.604345+00:00
t1b_10_last,benign,car,mAP50-95,0.42855,7322,76550,True,2026-09-13T08:30:20.604345+00:00
t1b_10_last,benign,car,mAP50,0.7368,7322,76550,True,2026-09-13T08:30:20.604345+00:00
t1b_10_last,benign,car,mAP75,0.4165,7322,76550,True,2026-09-13T08:30:20.604345+00:00
t1b_10_last,benign,truck,mAP50-95,0.28959,7322,2854,True,2026-09-13T08:30:20.604345+00:00
t1b_10_last,benign,truck,mAP50,0.41658,7322,2854,True,2026-09-13T08:30:20.604345+00:00
t1b_10_last,benign,truck,mAP75,0.31348,7322,2854,True,2026-09-13T08:30:20.604345+00:00
t1b_10_last,benign,bus,mAP50-95,0.28851,7322,1086,True,2026-09-13T08:30:20.604345+00:00
t1b_10_last,benign,bus,mAP50,0.39563,7322,1086,True,2026-09-13T08:30:20.604345+00:00
t1b_10_last,benign,bus,mAP75,0.32425,7322,1086,True,2026-09-13T08:30:20.604345+00:00
t1b_10_last,benign,motor,mAP50-95,0.08912,7322,337,False,2026-09-13T08:30:20.604345+00:00
t1b_10_last,benign,motor,mAP50,0.20025,7322,337,False,2026-09-13T08:30:20.604345+00:00
t1b_10_last,benign,motor,mAP75,0.0533,7322,337,False,2026-09-13T08:30:20.604345+00:00
t1b_10_last,benign,bike,mAP50-95,0.11086,7322,601,False,2026-09-13T08:30:20.604345+00:00
t1b_10_last,benign,bike,mAP50,0.25122,7322,601,False,2026-09-13T08:30:20.604345+00:00
t1b_10_last,benign,bike,mAP75,0.08697,7322,601,False,2026-09-13T08:30:20.604345+00:00
t1b_10_last,clear,all,mAP50-95,0.23759,5345,56667,True,2026-09-13T08:30:20.604345+00:00
t1b_10_last,clear,all,mAP50,0.39596,5345,56667,True,2026-09-13T08:30:20.604345+00:00
t1b_10_last,clear,all,mAP75,0.23686,5345,56667,True,2026-09-13T08:30:20.604345+00:00
t1b_10_last,clear,car,mAP50-95,0.41601,5345,53654,True,2026-09-13T08:30:20.604345+00:00
t1b_10_last,clear,car,mAP50,0.72935,5345,53654,True,2026-09-13T08:30:20.604345+00:00
t1b_10_last,clear,car,mAP75,0.39957,5345,53654,True,2026-09-13T08:30:20.604345+00:00
t1b_10_last,clear,truck,mAP50-95,0.28349,5345,1740,True,2026-09-13T08:30:20.604345+00:00
t1b_10_last,clear,truck,mAP50,0.40314,5345,1740,True,2026-09-13T08:30:20.604345+00:00
t1b_10_last,clear,truck,mAP75,0.31272,5345,1740,True,2026-09-13T08:30:20.604345+00:00
t1b_10_last,clear,bus,mAP50-95,0.28567,5345,682,False,2026-09-13T08:30:20.604345+00:00
t1b_10_last,clear,bus,mAP50,0.39027,5345,682,False,2026-09-13T08:30:20.604345+00:00
t1b_10_last,clear,bus,mAP75,0.3251,5345,682,False,2026-09-13T08:30:20.604345+00:00
t1b_10_last,clear,motor,mAP50-95,0.09352,5345,200,False,2026-09-13T08:30:20.604345+00:00
t1b_10_last,clear,motor,mAP50,0.2181,5345,200,False,2026-09-13T08:30:20.604345+00:00
t1b_10_last,clear,motor,mAP75,0.05378,5345,200,False,2026-09-13T08:30:20.604345+00:00
t1b_10_last,clear,bike,mAP50-95,0.10928,5345,391,False,2026-09-13T08:30:20.604345+00:00
t1b_10_last,clear,bike,mAP50,0.23894,5345,391,False,2026-09-13T08:30:20.604345+00:00
t1b_10_last,clear,bike,mAP75,0.09312,5345,391,False,2026-09-13T08:30:20.604345+00:00
t1b_10_last,dawndusk,all,mAP50-95,0.24478,714,8512,True,2026-09-13T08:30:20.604345+00:00
t1b_10_last,dawndusk,all,mAP50,0.40236,714,8512,True,2026-09-13T08:30:20.604345+00:00
t1b_10_last,dawndusk,all,mAP75,0.24919,714,8512,True,2026-09-13T08:30:20.604345+00:00
t1b_10_last,dawndusk,car,mAP50-95,0.4477,714,7964,True,2026-09-13T08:30:20.604345+00:00
t1b_10_last,dawndusk,car,mAP50,0.73865,714,7964,True,2026-09-13T08:30:20.604345+00:00
t1b_10_last,dawndusk,car,mAP75,0.45039,714,7964,True,2026-09-13T08:30:20.604345+00:00
t1b_10_last,dawndusk,truck,mAP50-95,0.28868,714,340,False,2026-09-13T08:30:20.604345+00:00
t1b_10_last,dawndusk,truck,mAP50,0.411,714,340,False,2026-09-13T08:30:20.604345+00:00
t1b_10_last,dawndusk,truck,mAP75,0.31983,714,340,False,2026-09-13T08:30:20.604345+00:00
t1b_10_last,dawndusk,bus,mAP50-95,0.30919,714,127,False,2026-09-13T08:30:20.604345+00:00
t1b_10_last,dawndusk,bus,mAP50,0.41892,714,127,False,2026-09-13T08:30:20.604345+00:00
t1b_10_last,dawndusk,bus,mAP75,0.35447,714,127,False,2026-09-13T08:30:20.604345+00:00
t1b_10_last,dawndusk,motor,mAP50-95,0.04844,714,22,False,2026-09-13T08:30:20.604345+00:00
t1b_10_last,dawndusk,motor,mAP50,0.14248,714,22,False,2026-09-13T08:30:20.604345+00:00
t1b_10_last,dawndusk,motor,mAP75,0.01945,714,22,False,2026-09-13T08:30:20.604345+00:00
t1b_10_last,dawndusk,bike,mAP50-95,0.12987,714,59,False,2026-09-13T08:30:20.604345+00:00
t1b_10_last,dawndusk,bike,mAP50,0.30077,714,59,False,2026-09-13T08:30:20.604345+00:00
t1b_10_last,dawndusk,bike,mAP75,0.10179,714,59,False,2026-09-13T08:30:20.604345+00:00
t1b_10_last,day,all,mAP50-95,0.24822,4264,51930,True,2026-09-13T08:30:20.604345+00:00
t1b_10_last,day,all,mAP50,0.40597,4264,51930,True,2026-09-13T08:30:20.604345+00:00
t1b_10_last,day,all,mAP75,0.24618,4264,51930,True,2026-09-13T08:30:20.604345+00:00
t1b_10_last,day,car,mAP50-95,0.45457,4264,47715,True,2026-09-13T08:30:20.604345+00:00
t1b_10_last,day,car,mAP50,0.74549,4264,47715,True,2026-09-13T08:30:20.604345+00:00
t1b_10_last,day,car,mAP75,0.45422,4264,47715,True,2026-09-13T08:30:20.604345+00:00
t1b_10_last,day,truck,mAP50-95,0.29509,4264,2532,True,2026-09-13T08:30:20.604345+00:00
t1b_10_last,day,truck,mAP50,0.42437,4264,2532,True,2026-09-13T08:30:20.604345+00:00
t1b_10_last,day,truck,mAP75,0.31965,4264,2532,True,2026-09-13T08:30:20.604345+00:00
t1b_10_last,day,bus,mAP50-95,0.28072,4264,927,True,2026-09-13T08:30:20.604345+00:00
t1b_10_last,day,bus,mAP50,0.38958,4264,927,True,2026-09-13T08:30:20.604345+00:00
t1b_10_last,day,bus,mAP75,0.3086,4264,927,True,2026-09-13T08:30:20.604345+00:00
t1b_10_last,day,motor,mAP50-95,0.10043,4264,262,False,2026-09-13T08:30:20.604345+00:00
t1b_10_last,day,motor,mAP50,0.21915,4264,262,False,2026-09-13T08:30:20.604345+00:00
t1b_10_last,day,motor,mAP75,0.06616,4264,262,False,2026-09-13T08:30:20.604345+00:00
t1b_10_last,day,bike,mAP50-95,0.11029,4264,494,False,2026-09-13T08:30:20.604345+00:00
t1b_10_last,day,bike,mAP50,0.25127,4264,494,False,2026-09-13T08:30:20.604345+00:00
t1b_10_last,day,bike,mAP75,0.08227,4264,494,False,2026-09-13T08:30:20.604345+00:00
t1b_10_last,day_adverse,all,mAP50-95,0.24312,823,9252,True,2026-09-13T08:30:20.604345+00:00
t1b_10_last,day_adverse,all,mAP50,0.4031,823,9252,True,2026-09-13T08:30:20.604345+00:00
t1b_10_last,day_adverse,all,mAP75,0.23343,823,9252,True,2026-09-13T08:30:20.604345+00:00
t1b_10_last,day_adverse,car,mAP50-95,0.45638,823,8401,True,2026-09-13T08:30:20.604345+00:00
t1b_10_last,day_adverse,car,mAP50,0.74854,823,8401,True,2026-09-13T08:30:20.604345+00:00
t1b_10_last,day_adverse,car,mAP75,0.45752,823,8401,True,2026-09-13T08:30:20.604345+00:00
t1b_10_last,day_adverse,truck,mAP50-95,0.31458,823,540,False,2026-09-13T08:30:20.604345+00:00
t1b_10_last,day_adverse,truck,mAP50,0.45047,823,540,False,2026-09-13T08:30:20.604345+00:00
t1b_10_last,day_adverse,truck,mAP75,0.35898,823,540,False,2026-09-13T08:30:20.604345+00:00
t1b_10_last,day_adverse,bus,mAP50-95,0.25148,823,194,False,2026-09-13T08:30:20.604345+00:00
t1b_10_last,day_adverse,bus,mAP50,0.35834,823,194,False,2026-09-13T08:30:20.604345+00:00
t1b_10_last,day_adverse,bus,mAP75,0.25173,823,194,False,2026-09-13T08:30:20.604345+00:00
t1b_10_last,day_adverse,motor,mAP50-95,0.07565,823,23,False,2026-09-13T08:30:20.604345+00:00
t1b_10_last,day_adverse,motor,mAP50,0.19156,823,23,False,2026-09-13T08:30:20.604345+00:00
t1b_10_last,day_adverse,motor,mAP75,0.01997,823,23,False,2026-09-13T08:30:20.604345+00:00
t1b_10_last,day_adverse,bike,mAP50-95,0.11751,823,94,False,2026-09-13T08:30:20.604345+00:00
t1b_10_last,day_adverse,bike,mAP50,0.2666,823,94,False,2026-09-13T08:30:20.604345+00:00
t1b_10_last,day_adverse,bike,mAP75,0.07895,823,94,False,2026-09-13T08:30:20.604345+00:00
t1b_10_last,day_clear,all,mAP50-95,0.25147,1764,21352,True,2026-09-13T08:30:20.604345+00:00
t1b_10_last,day_clear,all,mAP50,0.40752,1764,21352,True,2026-09-13T08:30:20.604345+00:00
t1b_10_last,day_clear,all,mAP75,0.2546,1764,21352,True,2026-09-13T08:30:20.604345+00:00
t1b_10_last,day_clear,car,mAP50-95,0.44913,1764,19633,True,2026-09-13T08:30:20.604345+00:00
t1b_10_last,day_clear,car,mAP50,0.73585,1764,19633,True,2026-09-13T08:30:20.604345+00:00
t1b_10_last,day_clear,car,mAP75,0.45095,1764,19633,True,2026-09-13T08:30:20.604345+00:00
t1b_10_last,day_clear,truck,mAP50-95,0.28958,1764,1021,True,2026-09-13T08:30:20.604345+00:00
t1b_10_last,day_clear,truck,mAP50,0.40767,1764,1021,True,2026-09-13T08:30:20.604345+00:00
t1b_10_last,day_clear,truck,mAP75,0.31471,1764,1021,True,2026-09-13T08:30:20.604345+00:00
t1b_10_last,day_clear,bus,mAP50-95,0.29125,1764,380,False,2026-09-13T08:30:20.604345+00:00
t1b_10_last,day_clear,bus,mAP50,0.3965,1764,380,False,2026-09-13T08:30:20.604345+00:00
t1b_10_last,day_clear,bus,mAP75,0.33317,1764,380,False,2026-09-13T08:30:20.604345+00:00
t1b_10_last,day_clear,motor,mAP50-95,0.12458,1764,111,False,2026-09-13T08:30:20.604345+00:00
t1b_10_last,day_clear,motor,mAP50,0.27752,1764,111,False,2026-09-13T08:30:20.604345+00:00
t1b_10_last,day_clear,motor,mAP75,0.0787,1764,111,False,2026-09-13T08:30:20.604345+00:00
t1b_10_last,day_clear,bike,mAP50-95,0.1028,1764,207,False,2026-09-13T08:30:20.604345+00:00
t1b_10_last,day_clear,bike,mAP50,0.22004,1764,207,False,2026-09-13T08:30:20.604345+00:00
t1b_10_last,day_clear,bike,mAP75,0.09547,1764,207,False,2026-09-13T08:30:20.604345+00:00
t1b_10_last,day_rainy,all,mAP50-95,0.24902,396,4356,True,2026-09-13T08:30:20.604345+00:00
t1b_10_last,day_rainy,all,mAP50,0.40537,396,4356,True,2026-09-13T08:30:20.604345+00:00
t1b_10_last,day_rainy,all,mAP75,0.24408,396,4356,True,2026-09-13T08:30:20.604345+00:00
t1b_10_last,day_rainy,car,mAP50-95,0.46618,396,3930,True,2026-09-13T08:30:20.604345+00:00
t1b_10_last,day_rainy,car,mAP50,0.76204,396,3930,True,2026-09-13T08:30:20.604345+00:00
t1b_10_last,day_rainy,car,mAP75,0.46564,396,3930,True,2026-09-13T08:30:20.604345+00:00
t1b_10_last,day_rainy,truck,mAP50-95,0.33366,396,272,False,2026-09-13T08:30:20.604345+00:00
t1b_10_last,day_rainy,truck,mAP50,0.47781,396,272,False,2026-09-13T08:30:20.604345+00:00
t1b_10_last,day_rainy,truck,mAP75,0.37305,396,272,False,2026-09-13T08:30:20.604345+00:00
t1b_10_last,day_rainy,bus,mAP50-95,0.25167,396,97,False,2026-09-13T08:30:20.604345+00:00
t1b_10_last,day_rainy,bus,mAP50,0.3568,396,97,False,2026-09-13T08:30:20.604345+00:00
t1b_10_last,day_rainy,bus,mAP75,0.26575,396,97,False,2026-09-13T08:30:20.604345+00:00
t1b_10_last,day_rainy,motor,mAP50-95,0.08727,396,16,False,2026-09-13T08:30:20.604345+00:00
t1b_10_last,day_rainy,motor,mAP50,0.21002,396,16,False,2026-09-13T08:30:20.604345+00:00
t1b_10_last,day_rainy,motor,mAP75,0.04208,396,16,False,2026-09-13T08:30:20.604345+00:00
t1b_10_last,day_rainy,bike,mAP50-95,0.10635,396,41,False,2026-09-13T08:30:20.604345+00:00
t1b_10_last,day_rainy,bike,mAP50,0.22017,396,41,False,2026-09-13T08:30:20.604345+00:00
t1b_10_last,day_rainy,bike,mAP75,0.07387,396,41,False,2026-09-13T08:30:20.604345+00:00
t1b_10_last,day_snowy,all,mAP50-95,0.24482,422,4842,True,2026-09-13T08:30:20.604345+00:00
t1b_10_last,day_snowy,all,mAP50,0.41052,422,4842,True,2026-09-13T08:30:20.604345+00:00
t1b_10_last,day_snowy,all,mAP75,0.22533,422,4842,True,2026-09-13T08:30:20.604345+00:00
t1b_10_last,day_snowy,car,mAP50-95,0.44883,422,4421,True,2026-09-13T08:30:20.604345+00:00
t1b_10_last,day_snowy,car,mAP50,0.73687,422,4421,True,2026-09-13T08:30:20.604345+00:00
t1b_10_last,day_snowy,car,mAP75,0.45258,422,4421,True,2026-09-13T08:30:20.604345+00:00
t1b_10_last,day_snowy,truck,mAP50-95,0.30054,422,264,False,2026-09-13T08:30:20.604345+00:00
t1b_10_last,day_snowy,truck,mAP50,0.42983,422,264,False,2026-09-13T08:30:20.604345+00:00
t1b_10_last,day_snowy,truck,mAP75,0.35062,422,264,False,2026-09-13T08:30:20.604345+00:00
t1b_10_last,day_snowy,bus,mAP50-95,0.25615,422,97,False,2026-09-13T08:30:20.604345+00:00
t1b_10_last,day_snowy,bus,mAP50,0.36477,422,97,False,2026-09-13T08:30:20.604345+00:00
t1b_10_last,day_snowy,bus,mAP75,0.24069,422,97,False,2026-09-13T08:30:20.604345+00:00
t1b_10_last,day_snowy,motor,mAP50-95,0.09092,422,7,False,2026-09-13T08:30:20.604345+00:00
t1b_10_last,day_snowy,motor,mAP50,0.22277,422,7,False,2026-09-13T08:30:20.604345+00:00
t1b_10_last,day_snowy,motor,mAP75,0.0,422,7,False,2026-09-13T08:30:20.604345+00:00
t1b_10_last,day_snowy,bike,mAP50-95,0.12768,422,53,False,2026-09-13T08:30:20.604345+00:00
t1b_10_last,day_snowy,bike,mAP50,0.29834,422,53,False,2026-09-13T08:30:20.604345+00:00
t1b_10_last,day_snowy,bike,mAP75,0.08275,422,53,False,2026-09-13T08:30:20.604345+00:00
t1b_10_last,foggy,all,mAP50-95,0.19349,13,144,False,2026-09-13T08:30:20.604345+00:00
t1b_10_last,foggy,all,mAP50,0.28406,13,144,False,2026-09-13T08:30:20.604345+00:00
t1b_10_last,foggy,all,mAP75,0.20873,13,144,False,2026-09-13T08:30:20.604345+00:00
t1b_10_last,foggy,car,mAP50-95,0.39336,13,138,False,2026-09-13T08:30:20.604345+00:00
t1b_10_last,foggy,car,mAP50,0.64425,13,138,False,2026-09-13T08:30:20.604345+00:00
t1b_10_last,foggy,car,mAP75,0.41826,13,138,False,2026-09-13T08:30:20.604345+00:00
t1b_10_last,foggy,truck,mAP50-95,0.18713,13,5,False,2026-09-13T08:30:20.604345+00:00
t1b_10_last,foggy,truck,mAP50,0.20792,13,5,False,2026-09-13T08:30:20.604345+00:00
t1b_10_last,foggy,truck,mAP75,0.20792,13,5,False,2026-09-13T08:30:20.604345+00:00
t1b_10_last,foggy,bus,mAP50-95,,13,0,False,2026-09-13T08:30:20.604345+00:00
t1b_10_last,foggy,bus,mAP50,,13,0,False,2026-09-13T08:30:20.604345+00:00
t1b_10_last,foggy,bus,mAP75,,13,0,False,2026-09-13T08:30:20.604345+00:00
t1b_10_last,foggy,motor,mAP50-95,0.0,13,1,False,2026-09-13T08:30:20.604345+00:00
t1b_10_last,foggy,motor,mAP50,0.0,13,1,False,2026-09-13T08:30:20.604345+00:00
t1b_10_last,foggy,motor,mAP75,0.0,13,1,False,2026-09-13T08:30:20.604345+00:00
t1b_10_last,foggy,bike,mAP50-95,,13,0,False,2026-09-13T08:30:20.604345+00:00
t1b_10_last,foggy,bike,mAP50,,13,0,False,2026-09-13T08:30:20.604345+00:00
t1b_10_last,foggy,bike,mAP75,,13,0,False,2026-09-13T08:30:20.604345+00:00
t1b_10_last,night,all,mAP50-95,0.2256,3863,36751,True,2026-09-13T08:30:20.604345+00:00
t1b_10_last,night,all,mAP50,0.37777,3863,36751,True,2026-09-13T08:30:20.604345+00:00
t1b_10_last,night,all,mAP75,0.22489,3863,36751,True,2026-09-13T08:30:20.604345+00:00
t1b_10_last,night,car,mAP50-95,0.39258,3863,35439,True,2026-09-13T08:30:20.604345+00:00
t1b_10_last,night,car,mAP50,0.71917,3863,35439,True,2026-09-13T08:30:20.604345+00:00
t1b_10_last,night,car,mAP75,0.36433,3863,35439,True,2026-09-13T08:30:20.604345+00:00
t1b_10_last,night,truck,mAP50-95,0.28747,3863,736,False,2026-09-13T08:30:20.604345+00:00
t1b_10_last,night,truck,mAP50,0.41492,3863,736,False,2026-09-13T08:30:20.604345+00:00
t1b_10_last,night,truck,mAP75,0.3218,3863,736,False,2026-09-13T08:30:20.604345+00:00
t1b_10_last,night,bus,mAP50-95,0.27887,3863,297,False,2026-09-13T08:30:20.604345+00:00
t1b_10_last,night,bus,mAP50,0.37986,3863,297,False,2026-09-13T08:30:20.604345+00:00
t1b_10_last,night,bus,mAP75,0.30983,3863,297,False,2026-09-13T08:30:20.604345+00:00
t1b_10_last,night,motor,mAP50-95,0.06516,3863,93,False,2026-09-13T08:30:20.604345+00:00
t1b_10_last,night,motor,mAP50,0.15515,3863,93,False,2026-09-13T08:30:20.604345+00:00
t1b_10_last,night,motor,mAP75,0.03532,3863,93,False,2026-09-13T08:30:20.604345+00:00
t1b_10_last,night,bike,mAP50-95,0.10391,3863,186,False,2026-09-13T08:30:20.604345+00:00
t1b_10_last,night,bike,mAP50,0.21972,3863,186,False,2026-09-13T08:30:20.604345+00:00
t1b_10_last,night,bike,mAP75,0.09314,3863,186,False,2026-09-13T08:30:20.604345+00:00
t1b_10_last,night_adverse,all,mAP50-95,0.23144,566,4986,True,2026-09-13T08:30:20.604345+00:00
t1b_10_last,night_adverse,all,mAP50,0.36553,566,4986,True,2026-09-13T08:30:20.604345+00:00
t1b_10_last,night_adverse,all,mAP75,0.2488,566,4986,True,2026-09-13T08:30:20.604345+00:00
t1b_10_last,night_adverse,car,mAP50-95,0.40156,566,4743,True,2026-09-13T08:30:20.604345+00:00
t1b_10_last,night_adverse,car,mAP50,0.70896,566,4743,True,2026-09-13T08:30:20.604345+00:00
t1b_10_last,night_adverse,car,mAP75,0.38449,566,4743,True,2026-09-13T08:30:20.604345+00:00
t1b_10_last,night_adverse,truck,mAP50-95,0.27634,566,156,False,2026-09-13T08:30:20.604345+00:00
t1b_10_last,night_adverse,truck,mAP50,0.39654,566,156,False,2026-09-13T08:30:20.604345+00:00
t1b_10_last,night_adverse,truck,mAP75,0.29361,566,156,False,2026-09-13T08:30:20.604345+00:00
t1b_10_last,night_adverse,bus,mAP50-95,0.32887,566,41,False,2026-09-13T08:30:20.604345+00:00
t1b_10_last,night_adverse,bus,mAP50,0.46489,566,41,False,2026-09-13T08:30:20.604345+00:00
t1b_10_last,night_adverse,bus,mAP75,0.36339,566,41,False,2026-09-13T08:30:20.604345+00:00
t1b_10_last,night_adverse,motor,mAP50-95,0.09262,566,12,False,2026-09-13T08:30:20.604345+00:00
t1b_10_last,night_adverse,motor,mAP50,0.14812,566,12,False,2026-09-13T08:30:20.604345+00:00
t1b_10_last,night_adverse,motor,mAP75,0.14455,566,12,False,2026-09-13T08:30:20.604345+00:00
t1b_10_last,night_adverse,bike,mAP50-95,0.0578,566,34,False,2026-09-13T08:30:20.604345+00:00
t1b_10_last,night_adverse,bike,mAP50,0.10913,566,34,False,2026-09-13T08:30:20.604345+00:00
t1b_10_last,night_adverse,bike,mAP75,0.05792,566,34,False,2026-09-13T08:30:20.604345+00:00
t1b_10_last,night_clear,all,mAP50-95,0.22602,3274,31550,True,2026-09-13T08:30:20.604345+00:00
t1b_10_last,night_clear,all,mAP50,0.38422,3274,31550,True,2026-09-13T08:30:20.604345+00:00
t1b_10_last,night_clear,all,mAP75,0.22216,3274,31550,True,2026-09-13T08:30:20.604345+00:00
t1b_10_last,night_clear,car,mAP50-95,0.39076,3274,30489,True,2026-09-13T08:30:20.604345+00:00
t1b_10_last,night_clear,car,mAP50,0.72059,3274,30489,True,2026-09-13T08:30:20.604345+00:00
t1b_10_last,night_clear,car,mAP75,0.36089,3274,30489,True,2026-09-13T08:30:20.604345+00:00
t1b_10_last,night_clear,truck,mAP50-95,0.28909,3274,577,False,2026-09-13T08:30:20.604345+00:00
t1b_10_last,night_clear,truck,mAP50,0.41696,3274,577,False,2026-09-13T08:30:20.604345+00:00
t1b_10_last,night_clear,truck,mAP75,0.32576,3274,577,False,2026-09-13T08:30:20.604345+00:00
t1b_10_last,night_clear,bus,mAP50-95,0.26371,3274,251,False,2026-09-13T08:30:20.604345+00:00
t1b_10_last,night_clear,bus,mAP50,0.35973,3274,251,False,2026-09-13T08:30:20.604345+00:00
t1b_10_last,night_clear,bus,mAP75,0.29537,3274,251,False,2026-09-13T08:30:20.604345+00:00
t1b_10_last,night_clear,motor,mAP50-95,0.07018,3274,81,False,2026-09-13T08:30:20.604345+00:00
t1b_10_last,night_clear,motor,mAP50,0.17294,3274,81,False,2026-09-13T08:30:20.604345+00:00
t1b_10_last,night_clear,motor,mAP75,0.03183,3274,81,False,2026-09-13T08:30:20.604345+00:00
t1b_10_last,night_clear,bike,mAP50-95,0.11634,3274,152,False,2026-09-13T08:30:20.604345+00:00
t1b_10_last,night_clear,bike,mAP50,0.25086,3274,152,False,2026-09-13T08:30:20.604345+00:00
t1b_10_last,night_clear,bike,mAP75,0.09695,3274,152,False,2026-09-13T08:30:20.604345+00:00
t1b_10_last,night_rainy,all,mAP50-95,0.27475,286,2535,True,2026-09-13T08:30:20.604345+00:00
t1b_10_last,night_rainy,all,mAP50,0.43476,286,2535,True,2026-09-13T08:30:20.604345+00:00
t1b_10_last,night_rainy,all,mAP75,0.29736,286,2535,True,2026-09-13T08:30:20.604345+00:00
t1b_10_last,night_rainy,car,mAP50-95,0.3911,286,2416,True,2026-09-13T08:30:20.604345+00:00
t1b_10_last,night_rainy,car,mAP50,0.68991,286,2416,True,2026-09-13T08:30:20.604345+00:00
t1b_10_last,night_rainy,car,mAP75,0.37817,286,2416,True,2026-09-13T08:30:20.604345+00:00
t1b_10_last,night_rainy,truck,mAP50-95,0.30099,286,72,False,2026-09-13T08:30:20.604345+00:00
t1b_10_last,night_rainy,truck,mAP50,0.43788,286,72,False,2026-09-13T08:30:20.604345+00:00
t1b_10_last,night_rainy,truck,mAP75,0.32429,286,72,False,2026-09-13T08:30:20.604345+00:00
t1b_10_last,night_rainy,bus,mAP50-95,0.39554,286,22,False,2026-09-13T08:30:20.604345+00:00
t1b_10_last,night_rainy,bus,mAP50,0.55135,286,22,False,2026-09-13T08:30:20.604345+00:00
t1b_10_last,night_rainy,bus,mAP75,0.41471,286,22,False,2026-09-13T08:30:20.604345+00:00
t1b_10_last,night_rainy,motor,mAP50-95,0.14587,286,10,False,2026-09-13T08:30:20.604345+00:00
t1b_10_last,night_rainy,motor,mAP50,0.23102,286,10,False,2026-09-13T08:30:20.604345+00:00
t1b_10_last,night_rainy,motor,mAP75,0.23102,286,10,False,2026-09-13T08:30:20.604345+00:00
t1b_10_last,night_rainy,bike,mAP50-95,0.14022,286,15,False,2026-09-13T08:30:20.604345+00:00
t1b_10_last,night_rainy,bike,mAP50,0.26364,286,15,False,2026-09-13T08:30:20.604345+00:00
t1b_10_last,night_rainy,bike,mAP75,0.13861,286,15,False,2026-09-13T08:30:20.604345+00:00
t1b_10_last,night_snowy,all,mAP50-95,0.19395,273,2374,True,2026-09-13T08:30:20.604345+00:00
t1b_10_last,night_snowy,all,mAP50,0.30146,273,2374,True,2026-09-13T08:30:20.604345+00:00
t1b_10_last,night_snowy,all,mAP75,0.20676,273,2374,True,2026-09-13T08:30:20.604345+00:00
t1b_10_last,night_snowy,car,mAP50-95,0.41596,273,2251,True,2026-09-13T08:30:20.604345+00:00
t1b_10_last,night_snowy,car,mAP50,0.73559,273,2251,True,2026-09-13T08:30:20.604345+00:00
t1b_10_last,night_snowy,car,mAP75,0.39234,273,2251,True,2026-09-13T08:30:20.604345+00:00
t1b_10_last,night_snowy,truck,mAP50-95,0.26301,273,83,False,2026-09-13T08:30:20.604345+00:00
t1b_10_last,night_snowy,truck,mAP50,0.37335,273,83,False,2026-09-13T08:30:20.604345+00:00
t1b_10_last,night_snowy,truck,mAP75,0.27846,273,83,False,2026-09-13T08:30:20.604345+00:00
t1b_10_last,night_snowy,bus,mAP50-95,0.27586,273,19,False,2026-09-13T08:30:20.604345+00:00
t1b_10_last,night_snowy,bus,mAP50,0.3665,273,19,False,2026-09-13T08:30:20.604345+00:00
t1b_10_last,night_snowy,bus,mAP75,0.34813,273,19,False,2026-09-13T08:30:20.604345+00:00
t1b_10_last,night_snowy,motor,mAP50-95,0.00532,273,2,False,2026-09-13T08:30:20.604345+00:00
t1b_10_last,night_snowy,motor,mAP50,0.01329,273,2,False,2026-09-13T08:30:20.604345+00:00
t1b_10_last,night_snowy,motor,mAP75,0.0,273,2,False,2026-09-13T08:30:20.604345+00:00
t1b_10_last,night_snowy,bike,mAP50-95,0.00959,273,19,False,2026-09-13T08:30:20.604345+00:00
t1b_10_last,night_snowy,bike,mAP50,0.01861,273,19,False,2026-09-13T08:30:20.604345+00:00
t1b_10_last,night_snowy,bike,mAP75,0.01485,273,19,False,2026-09-13T08:30:20.604345+00:00
t1b_10_last,overcast,all,mAP50-95,0.24764,1239,15505,True,2026-09-13T08:30:20.604345+00:00
t1b_10_last,overcast,all,mAP50,0.40836,1239,15505,True,2026-09-13T08:30:20.604345+00:00
t1b_10_last,overcast,all,mAP75,0.23969,1239,15505,True,2026-09-13T08:30:20.604345+00:00
t1b_10_last,overcast,car,mAP50-95,0.46565,1239,14370,True,2026-09-13T08:30:20.604345+00:00
t1b_10_last,overcast,car,mAP50,0.76386,1239,14370,True,2026-09-13T08:30:20.604345+00:00
t1b_10_last,overcast,car,mAP75,0.46371,1239,14370,True,2026-09-13T08:30:20.604345+00:00
t1b_10_last,overcast,truck,mAP50-95,0.29588,1239,660,False,2026-09-13T08:30:20.604345+00:00
t1b_10_last,overcast,truck,mAP50,0.43235,1239,660,False,2026-09-13T08:30:20.604345+00:00
t1b_10_last,overcast,truck,mAP75,0.30718,1239,660,False,2026-09-13T08:30:20.604345+00:00
t1b_10_last,overcast,bus,mAP50-95,0.28306,1239,262,False,2026-09-13T08:30:20.604345+00:00
t1b_10_last,overcast,bus,mAP50,0.38973,1239,262,False,2026-09-13T08:30:20.604345+00:00
t1b_10_last,overcast,bus,mAP75,0.30885,1239,262,False,2026-09-13T08:30:20.604345+00:00
t1b_10_last,overcast,motor,mAP50-95,0.05809,1239,72,False,2026-09-13T08:30:20.604345+00:00
t1b_10_last,overcast,motor,mAP50,0.12995,1239,72,False,2026-09-13T08:30:20.604345+00:00
t1b_10_last,overcast,motor,mAP75,0.03486,1239,72,False,2026-09-13T08:30:20.604345+00:00
t1b_10_last,overcast,bike,mAP50-95,0.13551,1239,141,False,2026-09-13T08:30:20.604345+00:00
t1b_10_last,overcast,bike,mAP50,0.32592,1239,141,False,2026-09-13T08:30:20.604345+00:00
t1b_10_last,overcast,bike,mAP75,0.08386,1239,141,False,2026-09-13T08:30:20.604345+00:00
t1b_10_last,partlycloudy,all,mAP50-95,0.26229,738,9256,True,2026-09-13T08:30:20.604345+00:00
t1b_10_last,partlycloudy,all,mAP50,0.42041,738,9256,True,2026-09-13T08:30:20.604345+00:00
t1b_10_last,partlycloudy,all,mAP75,0.26605,738,9256,True,2026-09-13T08:30:20.604345+00:00
t1b_10_last,partlycloudy,car,mAP50-95,0.44738,738,8526,True,2026-09-13T08:30:20.604345+00:00
t1b_10_last,partlycloudy,car,mAP50,0.73427,738,8526,True,2026-09-13T08:30:20.604345+00:00
t1b_10_last,partlycloudy,car,mAP75,0.44573,738,8526,True,2026-09-13T08:30:20.604345+00:00
t1b_10_last,partlycloudy,truck,mAP50-95,0.31386,738,454,False,2026-09-13T08:30:20.604345+00:00
t1b_10_last,partlycloudy,truck,mAP50,0.45526,738,454,False,2026-09-13T08:30:20.604345+00:00
t1b_10_last,partlycloudy,truck,mAP75,0.33389,738,454,False,2026-09-13T08:30:20.604345+00:00
t1b_10_last,partlycloudy,bus,mAP50-95,0.32486,738,142,False,2026-09-13T08:30:20.604345+00:00
t1b_10_last,partlycloudy,bus,mAP50,0.44632,738,142,False,2026-09-13T08:30:20.604345+00:00
t1b_10_last,partlycloudy,bus,mAP75,0.36413,738,142,False,2026-09-13T08:30:20.604345+00:00
t1b_10_last,partlycloudy,motor,mAP50-95,0.13611,738,65,False,2026-09-13T08:30:20.604345+00:00
t1b_10_last,partlycloudy,motor,mAP50,0.27166,738,65,False,2026-09-13T08:30:20.604345+00:00
t1b_10_last,partlycloudy,motor,mAP75,0.11073,738,65,False,2026-09-13T08:30:20.604345+00:00
t1b_10_last,partlycloudy,bike,mAP50-95,0.08926,738,69,False,2026-09-13T08:30:20.604345+00:00
t1b_10_last,partlycloudy,bike,mAP50,0.19455,738,69,False,2026-09-13T08:30:20.604345+00:00
t1b_10_last,partlycloudy,bike,mAP75,0.0758,738,69,False,2026-09-13T08:30:20.604345+00:00
t1b_10_last,rainy,all,mAP50-95,0.24914,737,7541,True,2026-09-13T08:30:20.604345+00:00
t1b_10_last,rainy,all,mAP50,0.40276,737,7541,True,2026-09-13T08:30:20.604345+00:00
t1b_10_last,rainy,all,mAP75,0.25351,737,7541,True,2026-09-13T08:30:20.604345+00:00
t1b_10_last,rainy,car,mAP50-95,0.43769,737,6944,True,2026-09-13T08:30:20.604345+00:00
t1b_10_last,rainy,car,mAP50,0.73311,737,6944,True,2026-09-13T08:30:20.604345+00:00
t1b_10_last,rainy,car,mAP75,0.43294,737,6944,True,2026-09-13T08:30:20.604345+00:00
t1b_10_last,rainy,truck,mAP50-95,0.32638,737,378,False,2026-09-13T08:30:20.604345+00:00
t1b_10_last,rainy,truck,mAP50,0.47192,737,378,False,2026-09-13T08:30:20.604345+00:00
t1b_10_last,rainy,truck,mAP75,0.36296,737,378,False,2026-09-13T08:30:20.604345+00:00
t1b_10_last,rainy,bus,mAP50-95,0.28362,737,132,False,2026-09-13T08:30:20.604345+00:00
t1b_10_last,rainy,bus,mAP50,0.39771,737,132,False,2026-09-13T08:30:20.604345+00:00
t1b_10_last,rainy,bus,mAP75,0.30046,737,132,False,2026-09-13T08:30:20.604345+00:00
t1b_10_last,rainy,motor,mAP50-95,0.08292,737,30,False,2026-09-13T08:30:20.604345+00:00
t1b_10_last,rainy,motor,mAP50,0.17365,737,30,False,2026-09-13T08:30:20.604345+00:00
t1b_10_last,rainy,motor,mAP75,0.08344,737,30,False,2026-09-13T08:30:20.604345+00:00
t1b_10_last,rainy,bike,mAP50-95,0.1151,737,57,False,2026-09-13T08:30:20.604345+00:00
t1b_10_last,rainy,bike,mAP50,0.23743,737,57,False,2026-09-13T08:30:20.604345+00:00
t1b_10_last,rainy,bike,mAP75,0.08777,737,57,False,2026-09-13T08:30:20.604345+00:00
t1b_10_last,snowy,all,mAP50-95,0.21582,769,8080,True,2026-09-13T08:30:20.604345+00:00
t1b_10_last,snowy,all,mAP50,0.35733,769,8080,True,2026-09-13T08:30:20.604345+00:00
t1b_10_last,snowy,all,mAP75,0.20829,769,8080,True,2026-09-13T08:30:20.604345+00:00
t1b_10_last,snowy,car,mAP50-95,0.4381,769,7486,True,2026-09-13T08:30:20.604345+00:00
t1b_10_last,snowy,car,mAP50,0.73333,769,7486,True,2026-09-13T08:30:20.604345+00:00
t1b_10_last,snowy,car,mAP75,0.43393,769,7486,True,2026-09-13T08:30:20.604345+00:00
t1b_10_last,snowy,truck,mAP50-95,0.28629,769,371,False,2026-09-13T08:30:20.604345+00:00
t1b_10_last,snowy,truck,mAP50,0.40919,769,371,False,2026-09-13T08:30:20.604345+00:00
t1b_10_last,snowy,truck,mAP75,0.32607,769,371,False,2026-09-13T08:30:20.604345+00:00
t1b_10_last,snowy,bus,mAP50-95,0.22341,769,133,False,2026-09-13T08:30:20.604345+00:00
t1b_10_last,snowy,bus,mAP50,0.31952,769,133,False,2026-09-13T08:30:20.604345+00:00
t1b_10_last,snowy,bus,mAP75,0.22502,769,133,False,2026-09-13T08:30:20.604345+00:00
t1b_10_last,snowy,motor,mAP50-95,0.03988,769,9,False,2026-09-13T08:30:20.604345+00:00
t1b_10_last,snowy,motor,mAP50,0.10725,769,9,False,2026-09-13T08:30:20.604345+00:00
t1b_10_last,snowy,motor,mAP75,0.0,769,9,False,2026-09-13T08:30:20.604345+00:00
t1b_10_last,snowy,bike,mAP50-95,0.0914,769,81,False,2026-09-13T08:30:20.604345+00:00
t1b_10_last,snowy,bike,mAP50,0.21739,769,81,False,2026-09-13T08:30:20.604345+00:00
t1b_10_last,snowy,bike,mAP75,0.05641,769,81,False,2026-09-13T08:30:20.604345+00:00
t1b_10_e90,overall,all,mAP50-95,0.24117,8841,97193,True,2026-09-13T08:30:20.604345+00:00
t1b_10_e90,overall,all,mAP50,0.39754,8841,97193,True,2026-09-13T08:30:20.604345+00:00
t1b_10_e90,overall,all,mAP75,0.239,8841,97193,True,2026-09-13T08:30:20.604345+00:00
t1b_10_e90,overall,car,mAP50-95,0.43105,8841,91118,True,2026-09-13T08:30:20.604345+00:00
t1b_10_e90,overall,car,mAP50,0.73729,8841,91118,True,2026-09-13T08:30:20.604345+00:00
t1b_10_e90,overall,car,mAP75,0.42031,8841,91118,True,2026-09-13T08:30:20.604345+00:00
t1b_10_e90,overall,truck,mAP50-95,0.29692,8841,3608,True,2026-09-13T08:30:20.604345+00:00
t1b_10_e90,overall,truck,mAP50,0.42968,8841,3608,True,2026-09-13T08:30:20.604345+00:00
t1b_10_e90,overall,truck,mAP75,0.32401,8841,3608,True,2026-09-13T08:30:20.604345+00:00
t1b_10_e90,overall,bus,mAP50-95,0.28678,8841,1351,True,2026-09-13T08:30:20.604345+00:00
t1b_10_e90,overall,bus,mAP50,0.39643,8841,1351,True,2026-09-13T08:30:20.604345+00:00
t1b_10_e90,overall,bus,mAP75,0.31838,8841,1351,True,2026-09-13T08:30:20.604345+00:00
t1b_10_e90,overall,motor,mAP50-95,0.0831,8841,377,False,2026-09-13T08:30:20.604345+00:00
t1b_10_e90,overall,motor,mAP50,0.18329,8841,377,False,2026-09-13T08:30:20.604345+00:00
t1b_10_e90,overall,motor,mAP75,0.05526,8841,377,False,2026-09-13T08:30:20.604345+00:00
t1b_10_e90,overall,bike,mAP50-95,0.108,8841,739,False,2026-09-13T08:30:20.604345+00:00
t1b_10_e90,overall,bike,mAP50,0.24103,8841,739,False,2026-09-13T08:30:20.604345+00:00
t1b_10_e90,overall,bike,mAP75,0.07704,8841,739,False,2026-09-13T08:30:20.604345+00:00
t1b_10_e90,adverse,all,mAP50-95,0.23277,1519,15765,True,2026-09-13T08:30:20.604345+00:00
t1b_10_e90,adverse,all,mAP50,0.38458,1519,15765,True,2026-09-13T08:30:20.604345+00:00
t1b_10_e90,adverse,all,mAP75,0.22959,1519,15765,True,2026-09-13T08:30:20.604345+00:00
t1b_10_e90,adverse,car,mAP50-95,0.43812,1519,14568,True,2026-09-13T08:30:20.604345+00:00
t1b_10_e90,adverse,car,mAP50,0.73385,1519,14568,True,2026-09-13T08:30:20.604345+00:00
t1b_10_e90,adverse,car,mAP75,0.43394,1519,14568,True,2026-09-13T08:30:20.604345+00:00
t1b_10_e90,adverse,truck,mAP50-95,0.31061,1519,754,False,2026-09-13T08:30:20.604345+00:00
t1b_10_e90,adverse,truck,mAP50,0.4489,1519,754,False,2026-09-13T08:30:20.604345+00:00
t1b_10_e90,adverse,truck,mAP75,0.3467,1519,754,False,2026-09-13T08:30:20.604345+00:00
t1b_10_e90,adverse,bus,mAP50-95,0.26277,1519,265,False,2026-09-13T08:30:20.604345+00:00
t1b_10_e90,adverse,bus,mAP50,0.37418,1519,265,False,2026-09-13T08:30:20.604345+00:00
t1b_10_e90,adverse,bus,mAP75,0.27273,1519,265,False,2026-09-13T08:30:20.604345+00:00
t1b_10_e90,adverse,motor,mAP50-95,0.05868,1519,40,False,2026-09-13T08:30:20.604345+00:00
t1b_10_e90,adverse,motor,mAP50,0.13992,1519,40,False,2026-09-13T08:30:20.604345+00:00
t1b_10_e90,adverse,motor,mAP75,0.03154,1519,40,False,2026-09-13T08:30:20.604345+00:00
t1b_10_e90,adverse,bike,mAP50-95,0.09365,1519,138,False,2026-09-13T08:30:20.604345+00:00
t1b_10_e90,adverse,bike,mAP50,0.22607,1519,138,False,2026-09-13T08:30:20.604345+00:00
t1b_10_e90,adverse,bike,mAP75,0.06303,1519,138,False,2026-09-13T08:30:20.604345+00:00
t1b_10_e90,benign,all,mAP50-95,0.24329,7322,81428,True,2026-09-13T08:30:20.604345+00:00
t1b_10_e90,benign,all,mAP50,0.40038,7322,81428,True,2026-09-13T08:30:20.604345+00:00
t1b_10_e90,benign,all,mAP75,0.24235,7322,81428,True,2026-09-13T08:30:20.604345+00:00
t1b_10_e90,benign,car,mAP50-95,0.42954,7322,76550,True,2026-09-13T08:30:20.604345+00:00
t1b_10_e90,benign,car,mAP50,0.73806,7322,76550,True,2026-09-13T08:30:20.604345+00:00
t1b_10_e90,benign,car,mAP75,0.41728,7322,76550,True,2026-09-13T08:30:20.604345+00:00
t1b_10_e90,benign,truck,mAP50-95,0.2952,7322,2854,True,2026-09-13T08:30:20.604345+00:00
t1b_10_e90,benign,truck,mAP50,0.42619,7322,2854,True,2026-09-13T08:30:20.604345+00:00
t1b_10_e90,benign,truck,mAP75,0.31991,7322,2854,True,2026-09-13T08:30:20.604345+00:00
t1b_10_e90,benign,bus,mAP50-95,0.29369,7322,1086,True,2026-09-13T08:30:20.604345+00:00
t1b_10_e90,benign,bus,mAP50,0.40365,7322,1086,True,2026-09-13T08:30:20.604345+00:00
t1b_10_e90,benign,bus,mAP75,0.33137,7322,1086,True,2026-09-13T08:30:20.604345+00:00
t1b_10_e90,benign,motor,mAP50-95,0.08722,7322,337,False,2026-09-13T08:30:20.604345+00:00
t1b_10_e90,benign,motor,mAP50,0.19081,7322,337,False,2026-09-13T08:30:20.604345+00:00
t1b_10_e90,benign,motor,mAP75,0.06171,7322,337,False,2026-09-13T08:30:20.604345+00:00
t1b_10_e90,benign,bike,mAP50-95,0.1108,7322,601,False,2026-09-13T08:30:20.604345+00:00
t1b_10_e90,benign,bike,mAP50,0.24317,7322,601,False,2026-09-13T08:30:20.604345+00:00
t1b_10_e90,benign,bike,mAP75,0.08148,7322,601,False,2026-09-13T08:30:20.604345+00:00
t1b_10_e90,clear,all,mAP50-95,0.23931,5345,56667,True,2026-09-13T08:30:20.604345+00:00
t1b_10_e90,clear,all,mAP50,0.3968,5345,56667,True,2026-09-13T08:30:20.604345+00:00
t1b_10_e90,clear,all,mAP75,0.23856,5345,56667,True,2026-09-13T08:30:20.604345+00:00
t1b_10_e90,clear,car,mAP50-95,0.41733,5345,53654,True,2026-09-13T08:30:20.604345+00:00
t1b_10_e90,clear,car,mAP50,0.73106,5345,53654,True,2026-09-13T08:30:20.604345+00:00
t1b_10_e90,clear,car,mAP75,0.40066,5345,53654,True,2026-09-13T08:30:20.604345+00:00
t1b_10_e90,clear,truck,mAP50-95,0.28925,5345,1740,True,2026-09-13T08:30:20.604345+00:00
t1b_10_e90,clear,truck,mAP50,0.41469,5345,1740,True,2026-09-13T08:30:20.604345+00:00
t1b_10_e90,clear,truck,mAP75,0.31966,5345,1740,True,2026-09-13T08:30:20.604345+00:00
t1b_10_e90,clear,bus,mAP50-95,0.28828,5345,682,False,2026-09-13T08:30:20.604345+00:00
t1b_10_e90,clear,bus,mAP50,0.39658,5345,682,False,2026-09-13T08:30:20.604345+00:00
t1b_10_e90,clear,bus,mAP75,0.33051,5345,682,False,2026-09-13T08:30:20.604345+00:00
t1b_10_e90,clear,motor,mAP50-95,0.09335,5345,200,False,2026-09-13T08:30:20.604345+00:00
t1b_10_e90,clear,motor,mAP50,0.21381,5345,200,False,2026-09-13T08:30:20.604345+00:00
t1b_10_e90,clear,motor,mAP75,0.06052,5345,200,False,2026-09-13T08:30:20.604345+00:00
t1b_10_e90,clear,bike,mAP50-95,0.10834,5345,391,False,2026-09-13T08:30:20.604345+00:00
t1b_10_e90,clear,bike,mAP50,0.22787,5345,391,False,2026-09-13T08:30:20.604345+00:00
t1b_10_e90,clear,bike,mAP75,0.08143,5345,391,False,2026-09-13T08:30:20.604345+00:00
t1b_10_e90,dawndusk,all,mAP50-95,0.25001,714,8512,True,2026-09-13T08:30:20.604345+00:00
t1b_10_e90,dawndusk,all,mAP50,0.41602,714,8512,True,2026-09-13T08:30:20.604345+00:00
t1b_10_e90,dawndusk,all,mAP75,0.25212,714,8512,True,2026-09-13T08:30:20.604345+00:00
t1b_10_e90,dawndusk,car,mAP50-95,0.44885,714,7964,True,2026-09-13T08:30:20.604345+00:00
t1b_10_e90,dawndusk,car,mAP50,0.74244,714,7964,True,2026-09-13T08:30:20.604345+00:00
t1b_10_e90,dawndusk,car,mAP75,0.44938,714,7964,True,2026-09-13T08:30:20.604345+00:00
t1b_10_e90,dawndusk,truck,mAP50-95,0.29743,714,340,False,2026-09-13T08:30:20.604345+00:00
t1b_10_e90,dawndusk,truck,mAP50,0.42868,714,340,False,2026-09-13T08:30:20.604345+00:00
t1b_10_e90,dawndusk,truck,mAP75,0.3339,714,340,False,2026-09-13T08:30:20.604345+00:00
t1b_10_e90,dawndusk,bus,mAP50-95,0.32564,714,127,False,2026-09-13T08:30:20.604345+00:00
t1b_10_e90,dawndusk,bus,mAP50,0.43791,714,127,False,2026-09-13T08:30:20.604345+00:00
t1b_10_e90,dawndusk,bus,mAP75,0.38054,714,127,False,2026-09-13T08:30:20.604345+00:00
t1b_10_e90,dawndusk,motor,mAP50-95,0.04957,714,22,False,2026-09-13T08:30:20.604345+00:00
t1b_10_e90,dawndusk,motor,mAP50,0.16648,714,22,False,2026-09-13T08:30:20.604345+00:00
t1b_10_e90,dawndusk,motor,mAP75,0.01238,714,22,False,2026-09-13T08:30:20.604345+00:00
t1b_10_e90,dawndusk,bike,mAP50-95,0.12857,714,59,False,2026-09-13T08:30:20.604345+00:00
t1b_10_e90,dawndusk,bike,mAP50,0.3046,714,59,False,2026-09-13T08:30:20.604345+00:00
t1b_10_e90,dawndusk,bike,mAP75,0.08439,714,59,False,2026-09-13T08:30:20.604345+00:00
t1b_10_e90,day,all,mAP50-95,0.24923,4264,51930,True,2026-09-13T08:30:20.604345+00:00
t1b_10_e90,day,all,mAP50,0.40482,4264,51930,True,2026-09-13T08:30:20.604345+00:00
t1b_10_e90,day,all,mAP75,0.24841,4264,51930,True,2026-09-13T08:30:20.604345+00:00
t1b_10_e90,day,car,mAP50-95,0.45523,4264,47715,True,2026-09-13T08:30:20.604345+00:00
t1b_10_e90,day,car,mAP50,0.74657,4264,47715,True,2026-09-13T08:30:20.604345+00:00
t1b_10_e90,day,car,mAP75,0.45367,4264,47715,True,2026-09-13T08:30:20.604345+00:00
t1b_10_e90,day,truck,mAP50-95,0.30164,4264,2532,True,2026-09-13T08:30:20.604345+00:00
t1b_10_e90,day,truck,mAP50,0.43507,4264,2532,True,2026-09-13T08:30:20.604345+00:00
t1b_10_e90,day,truck,mAP75,0.32515,4264,2532,True,2026-09-13T08:30:20.604345+00:00
t1b_10_e90,day,bus,mAP50-95,0.2841,4264,927,True,2026-09-13T08:30:20.604345+00:00
t1b_10_e90,day,bus,mAP50,0.39391,4264,927,True,2026-09-13T08:30:20.604345+00:00
t1b_10_e90,day,bus,mAP75,0.31122,4264,927,True,2026-09-13T08:30:20.604345+00:00
t1b_10_e90,day,motor,mAP50-95,0.09752,4264,262,False,2026-09-13T08:30:20.604345+00:00
t1b_10_e90,day,motor,mAP50,0.20604,4264,262,False,2026-09-13T08:30:20.604345+00:00
t1b_10_e90,day,motor,mAP75,0.0691,4264,262,False,2026-09-13T08:30:20.604345+00:00
t1b_10_e90,day,bike,mAP50-95,0.10766,4264,494,False,2026-09-13T08:30:20.604345+00:00
t1b_10_e90,day,bike,mAP50,0.24251,4264,494,False,2026-09-13T08:30:20.604345+00:00
t1b_10_e90,day,bike,mAP75,0.08293,4264,494,False,2026-09-13T08:30:20.604345+00:00
t1b_10_e90,day_adverse,all,mAP50-95,0.2456,823,9252,True,2026-09-13T08:30:20.604345+00:00
t1b_10_e90,day_adverse,all,mAP50,0.40599,823,9252,True,2026-09-13T08:30:20.604345+00:00
t1b_10_e90,day_adverse,all,mAP75,0.23623,823,9252,True,2026-09-13T08:30:20.604345+00:00
t1b_10_e90,day_adverse,car,mAP50-95,0.45734,823,8401,True,2026-09-13T08:30:20.604345+00:00
t1b_10_e90,day_adverse,car,mAP50,0.74856,823,8401,True,2026-09-13T08:30:20.604345+00:00
t1b_10_e90,day_adverse,car,mAP75,0.45805,823,8401,True,2026-09-13T08:30:20.604345+00:00
t1b_10_e90,day_adverse,truck,mAP50-95,0.3272,823,540,False,2026-09-13T08:30:20.604345+00:00
t1b_10_e90,day_adverse,truck,mAP50,0.46845,823,540,False,2026-09-13T08:30:20.604345+00:00
t1b_10_e90,day_adverse,truck,mAP75,0.36549,823,540,False,2026-09-13T08:30:20.604345+00:00
t1b_10_e90,day_adverse,bus,mAP50-95,0.26226,823,194,False,2026-09-13T08:30:20.604345+00:00
t1b_10_e90,day_adverse,bus,mAP50,0.37366,823,194,False,2026-09-13T08:30:20.604345+00:00
t1b_10_e90,day_adverse,bus,mAP75,0.2638,823,194,False,2026-09-13T08:30:20.604345+00:00
t1b_10_e90,day_adverse,motor,mAP50-95,0.07312,823,23,False,2026-09-13T08:30:20.604345+00:00
t1b_10_e90,day_adverse,motor,mAP50,0.17584,823,23,False,2026-09-13T08:30:20.604345+00:00
t1b_10_e90,day_adverse,motor,mAP75,0.01847,823,23,False,2026-09-13T08:30:20.604345+00:00
t1b_10_e90,day_adverse,bike,mAP50-95,0.10809,823,94,False,2026-09-13T08:30:20.604345+00:00
t1b_10_e90,day_adverse,bike,mAP50,0.26342,823,94,False,2026-09-13T08:30:20.604345+00:00
t1b_10_e90,day_adverse,bike,mAP75,0.07534,823,94,False,2026-09-13T08:30:20.604345+00:00
t1b_10_e90,day_clear,all,mAP50-95,0.25222,1764,21352,True,2026-09-13T08:30:20.604345+00:00
t1b_10_e90,day_clear,all,mAP50,0.40527,1764,21352,True,2026-09-13T08:30:20.604345+00:00
t1b_10_e90,day_clear,all,mAP75,0.25468,1764,21352,True,2026-09-13T08:30:20.604345+00:00
t1b_10_e90,day_clear,car,mAP50-95,0.4509,1764,19633,True,2026-09-13T08:30:20.604345+00:00
t1b_10_e90,day_clear,car,mAP50,0.73992,1764,19633,True,2026-09-13T08:30:20.604345+00:00
t1b_10_e90,day_clear,car,mAP75,0.45018,1764,19633,True,2026-09-13T08:30:20.604345+00:00
t1b_10_e90,day_clear,truck,mAP50-95,0.29718,1764,1021,True,2026-09-13T08:30:20.604345+00:00
t1b_10_e90,day_clear,truck,mAP50,0.42037,1764,1021,True,2026-09-13T08:30:20.604345+00:00
t1b_10_e90,day_clear,truck,mAP75,0.32177,1764,1021,True,2026-09-13T08:30:20.604345+00:00
t1b_10_e90,day_clear,bus,mAP50-95,0.28501,1764,380,False,2026-09-13T08:30:20.604345+00:00
t1b_10_e90,day_clear,bus,mAP50,0.38941,1764,380,False,2026-09-13T08:30:20.604345+00:00
t1b_10_e90,day_clear,bus,mAP75,0.32703,1764,380,False,2026-09-13T08:30:20.604345+00:00
t1b_10_e90,day_clear,motor,mAP50-95,0.12775,1764,111,False,2026-09-13T08:30:20.604345+00:00
t1b_10_e90,day_clear,motor,mAP50,0.27387,1764,111,False,2026-09-13T08:30:20.604345+00:00
t1b_10_e90,day_clear,motor,mAP75,0.08648,1764,111,False,2026-09-13T08:30:20.604345+00:00
t1b_10_e90,day_clear,bike,mAP50-95,0.10026,1764,207,False,2026-09-13T08:30:20.604345+00:00
t1b_10_e90,day_clear,bike,mAP50,0.20276,1764,207,False,2026-09-13T08:30:20.604345+00:00
t1b_10_e90,day_clear,bike,mAP75,0.08796,1764,207,False,2026-09-13T08:30:20.604345+00:00
t1b_10_e90,day_rainy,all,mAP50-95,0.25126,396,4356,True,2026-09-13T08:30:20.604345+00:00
t1b_10_e90,day_rainy,all,mAP50,0.40714,396,4356,True,2026-09-13T08:30:20.604345+00:00
t1b_10_e90,day_rainy,all,mAP75,0.248,396,4356,True,2026-09-13T08:30:20.604345+00:00
t1b_10_e90,day_rainy,car,mAP50-95,0.46799,396,3930,True,2026-09-13T08:30:20.604345+00:00
t1b_10_e90,day_rainy,car,mAP50,0.76275,396,3930,True,2026-09-13T08:30:20.604345+00:00
t1b_10_e90,day_rainy,car,mAP75,0.46715,396,3930,True,2026-09-13T08:30:20.604345+00:00
t1b_10_e90,day_rainy,truck,mAP50-95,0.34569,396,272,False,2026-09-13T08:30:20.604345+00:00
t1b_10_e90,day_rainy,truck,mAP50,0.49101,396,272,False,2026-09-13T08:30:20.604345+00:00
t1b_10_e90,day_rainy,truck,mAP75,0.3867,396,272,False,2026-09-13T08:30:20.604345+00:00
t1b_10_e90,day_rainy,bus,mAP50-95,0.26371,396,97,False,2026-09-13T08:30:20.604345+00:00
t1b_10_e90,day_rainy,bus,mAP50,0.3761,396,97,False,2026-09-13T08:30:20.604345+00:00
t1b_10_e90,day_rainy,bus,mAP75,0.28025,396,97,False,2026-09-13T08:30:20.604345+00:00
t1b_10_e90,day_rainy,motor,mAP50-95,0.09338,396,16,False,2026-09-13T08:30:20.604345+00:00
t1b_10_e90,day_rainy,motor,mAP50,0.20377,396,16,False,2026-09-13T08:30:20.604345+00:00
t1b_10_e90,day_rainy,motor,mAP75,0.04529,396,16,False,2026-09-13T08:30:20.604345+00:00
t1b_10_e90,day_rainy,bike,mAP50-95,0.08554,396,41,False,2026-09-13T08:30:20.604345+00:00
t1b_10_e90,day_rainy,bike,mAP50,0.20208,396,41,False,2026-09-13T08:30:20.604345+00:00
t1b_10_e90,day_rainy,bike,mAP75,0.06058,396,41,False,2026-09-13T08:30:20.604345+00:00
t1b_10_e90,day_snowy,all,mAP50-95,0.24585,422,4842,True,2026-09-13T08:30:20.604345+00:00
t1b_10_e90,day_snowy,all,mAP50,0.41328,422,4842,True,2026-09-13T08:30:20.604345+00:00
t1b_10_e90,day_snowy,all,mAP75,0.22528,422,4842,True,2026-09-13T08:30:20.604345+00:00
t1b_10_e90,day_snowy,car,mAP50-95,0.44881,422,4421,True,2026-09-13T08:30:20.604345+00:00
t1b_10_e90,day_snowy,car,mAP50,0.73429,422,4421,True,2026-09-13T08:30:20.604345+00:00
t1b_10_e90,day_snowy,car,mAP75,0.4511,422,4421,True,2026-09-13T08:30:20.604345+00:00
t1b_10_e90,day_snowy,truck,mAP50-95,0.31069,422,264,False,2026-09-13T08:30:20.604345+00:00
t1b_10_e90,day_snowy,truck,mAP50,0.44755,422,264,False,2026-09-13T08:30:20.604345+00:00
t1b_10_e90,day_snowy,truck,mAP75,0.34655,422,264,False,2026-09-13T08:30:20.604345+00:00
t1b_10_e90,day_snowy,bus,mAP50-95,0.26265,422,97,False,2026-09-13T08:30:20.604345+00:00
t1b_10_e90,day_snowy,bus,mAP50,0.37185,422,97,False,2026-09-13T08:30:20.604345+00:00
t1b_10_e90,day_snowy,bus,mAP75,0.24838,422,97,False,2026-09-13T08:30:20.604345+00:00
t1b_10_e90,day_snowy,motor,mAP50-95,0.08263,422,7,False,2026-09-13T08:30:20.604345+00:00
t1b_10_e90,day_snowy,motor,mAP50,0.20702,422,7,False,2026-09-13T08:30:20.604345+00:00
t1b_10_e90,day_snowy,motor,mAP75,0.0,422,7,False,2026-09-13T08:30:20.604345+00:00
t1b_10_e90,day_snowy,bike,mAP50-95,0.12448,422,53,False,2026-09-13T08:30:20.604345+00:00
t1b_10_e90,day_snowy,bike,mAP50,0.30569,422,53,False,2026-09-13T08:30:20.604345+00:00
t1b_10_e90,day_snowy,bike,mAP75,0.08037,422,53,False,2026-09-13T08:30:20.604345+00:00
t1b_10_e90,foggy,all,mAP50-95,0.23131,13,144,False,2026-09-13T08:30:20.604345+00:00
t1b_10_e90,foggy,all,mAP50,0.62209,13,144,False,2026-09-13T08:30:20.604345+00:00
t1b_10_e90,foggy,all,mAP75,0.20881,13,144,False,2026-09-13T08:30:20.604345+00:00
t1b_10_e90,foggy,car,mAP50-95,0.40679,13,138,False,2026-09-13T08:30:20.604345+00:00
t1b_10_e90,foggy,car,mAP50,0.65834,13,138,False,2026-09-13T08:30:20.604345+00:00
t1b_10_e90,foggy,car,mAP75,0.41852,13,138,False,2026-09-13T08:30:20.604345+00:00
t1b_10_e90,foggy,truck,mAP50-95,0.18713,13,5,False,2026-09-13T08:30:20.604345+00:00
t1b_10_e90,foggy,truck,mAP50,0.20792,13,5,False,2026-09-13T08:30:20.604345+00:00
t1b_10_e90,foggy,truck,mAP75,0.20792,13,5,False,2026-09-13T08:30:20.604345+00:00
t1b_10_e90,foggy,bus,mAP50-95,,13,0,False,2026-09-13T08:30:20.604345+00:00
t1b_10_e90,foggy,bus,mAP50,,13,0,False,2026-09-13T08:30:20.604345+00:00
t1b_10_e90,foggy,bus,mAP75,,13,0,False,2026-09-13T08:30:20.604345+00:00
t1b_10_e90,foggy,motor,mAP50-95,0.1,13,1,False,2026-09-13T08:30:20.604345+00:00
t1b_10_e90,foggy,motor,mAP50,1.0,13,1,False,2026-09-13T08:30:20.604345+00:00
t1b_10_e90,foggy,motor,mAP75,0.0,13,1,False,2026-09-13T08:30:20.604345+00:00
t1b_10_e90,foggy,bike,mAP50-95,,13,0,False,2026-09-13T08:30:20.604345+00:00
t1b_10_e90,foggy,bike,mAP50,,13,0,False,2026-09-13T08:30:20.604345+00:00
t1b_10_e90,foggy,bike,mAP75,,13,0,False,2026-09-13T08:30:20.604345+00:00
t1b_10_e90,night,all,mAP50-95,0.22699,3863,36751,True,2026-09-13T08:30:20.604345+00:00
t1b_10_e90,night,all,mAP50,0.38011,3863,36751,True,2026-09-13T08:30:20.604345+00:00
t1b_10_e90,night,all,mAP75,0.22748,3863,36751,True,2026-09-13T08:30:20.604345+00:00
t1b_10_e90,night,car,mAP50-95,0.39402,3863,35439,True,2026-09-13T08:30:20.604345+00:00
t1b_10_e90,night,car,mAP50,0.72148,3863,35439,True,2026-09-13T08:30:20.604345+00:00
t1b_10_e90,night,car,mAP75,0.36754,3863,35439,True,2026-09-13T08:30:20.604345+00:00
t1b_10_e90,night,truck,mAP50-95,0.28539,3863,736,False,2026-09-13T08:30:20.604345+00:00
t1b_10_e90,night,truck,mAP50,0.41485,3863,736,False,2026-09-13T08:30:20.604345+00:00
t1b_10_e90,night,truck,mAP75,0.32288,3863,736,False,2026-09-13T08:30:20.604345+00:00
t1b_10_e90,night,bus,mAP50-95,0.2899,3863,297,False,2026-09-13T08:30:20.604345+00:00
t1b_10_e90,night,bus,mAP50,0.39903,3863,297,False,2026-09-13T08:30:20.604345+00:00
t1b_10_e90,night,bus,mAP75,0.32633,3863,297,False,2026-09-13T08:30:20.604345+00:00
t1b_10_e90,night,motor,mAP50-95,0.06111,3863,93,False,2026-09-13T08:30:20.604345+00:00
t1b_10_e90,night,motor,mAP50,0.14447,3863,93,False,2026-09-13T08:30:20.604345+00:00
t1b_10_e90,night,motor,mAP75,0.04289,3863,93,False,2026-09-13T08:30:20.604345+00:00
t1b_10_e90,night,bike,mAP50-95,0.10454,3863,186,False,2026-09-13T08:30:20.604345+00:00
t1b_10_e90,night,bike,mAP50,0.2207,3863,186,False,2026-09-13T08:30:20.604345+00:00
t1b_10_e90,night,bike,mAP75,0.07776,3863,186,False,2026-09-13T08:30:20.604345+00:00
t1b_10_e90,night_adverse,all,mAP50-95,0.23403,566,4986,True,2026-09-13T08:30:20.604345+00:00
t1b_10_e90,night_adverse,all,mAP50,0.36617,566,4986,True,2026-09-13T08:30:20.604345+00:00
t1b_10_e90,night_adverse,all,mAP75,0.25416,566,4986,True,2026-09-13T08:30:20.604345+00:00
t1b_10_e90,night_adverse,car,mAP50-95,0.40295,566,4743,True,2026-09-13T08:30:20.604345+00:00
t1b_10_e90,night_adverse,car,mAP50,0.71328,566,4743,True,2026-09-13T08:30:20.604345+00:00
t1b_10_e90,night_adverse,car,mAP75,0.38709,566,4743,True,2026-09-13T08:30:20.604345+00:00
t1b_10_e90,night_adverse,truck,mAP50-95,0.26975,566,156,False,2026-09-13T08:30:20.604345+00:00
t1b_10_e90,night_adverse,truck,mAP50,0.39007,566,156,False,2026-09-13T08:30:20.604345+00:00
t1b_10_e90,night_adverse,truck,mAP75,0.29937,566,156,False,2026-09-13T08:30:20.604345+00:00
t1b_10_e90,night_adverse,bus,mAP50-95,0.34809,566,41,False,2026-09-13T08:30:20.604345+00:00
t1b_10_e90,night_adverse,bus,mAP50,0.48428,566,41,False,2026-09-13T08:30:20.604345+00:00
t1b_10_e90,night_adverse,bus,mAP75,0.40443,566,41,False,2026-09-13T08:30:20.604345+00:00
t1b_10_e90,night_adverse,motor,mAP50-95,0.08788,566,12,False,2026-09-13T08:30:20.604345+00:00
t1b_10_e90,night_adverse,motor,mAP50,0.123,566,12,False,2026-09-13T08:30:20.604345+00:00
t1b_10_e90,night_adverse,motor,mAP75,0.123,566,12,False,2026-09-13T08:30:20.604345+00:00
t1b_10_e90,night_adverse,bike,mAP50-95,0.06149,566,34,False,2026-09-13T08:30:20.604345+00:00
t1b_10_e90,night_adverse,bike,mAP50,0.1202,566,34,False,2026-09-13T08:30:20.604345+00:00
t1b_10_e90,night_adverse,bike,mAP75,0.05692,566,34,False,2026-09-13T08:30:20.604345+00:00
t1b_10_e90,night_clear,all,mAP50-95,0.2267,3274,31550,True,2026-09-13T08:30:20.604345+00:00
t1b_10_e90,night_clear,all,mAP50,0.3847,3274,31550,True,2026-09-13T08:30:20.604345+00:00
t1b_10_e90,night_clear,all,mAP75,0.22467,3274,31550,True,2026-09-13T08:30:20.604345+00:00
t1b_10_e90,night_clear,car,mAP50-95,0.39201,3274,30489,True,2026-09-13T08:30:20.604345+00:00
t1b_10_e90,night_clear,car,mAP50,0.72129,3274,30489,True,2026-09-13T08:30:20.604345+00:00
t1b_10_e90,night_clear,car,mAP75,0.36353,3274,30489,True,2026-09-13T08:30:20.604345+00:00
t1b_10_e90,night_clear,truck,mAP50-95,0.28974,3274,577,False,2026-09-13T08:30:20.604345+00:00
t1b_10_e90,night_clear,truck,mAP50,0.42117,3274,577,False,2026-09-13T08:30:20.604345+00:00
t1b_10_e90,night_clear,truck,mAP75,0.32822,3274,577,False,2026-09-13T08:30:20.604345+00:00
t1b_10_e90,night_clear,bus,mAP50-95,0.27392,3274,251,False,2026-09-13T08:30:20.604345+00:00
t1b_10_e90,night_clear,bus,mAP50,0.38027,3274,251,False,2026-09-13T08:30:20.604345+00:00
t1b_10_e90,night_clear,bus,mAP75,0.30877,3274,251,False,2026-09-13T08:30:20.604345+00:00
t1b_10_e90,night_clear,motor,mAP50-95,0.06353,3274,81,False,2026-09-13T08:30:20.604345+00:00
t1b_10_e90,night_clear,motor,mAP50,0.15716,3274,81,False,2026-09-13T08:30:20.604345+00:00
t1b_10_e90,night_clear,motor,mAP75,0.03904,3274,81,False,2026-09-13T08:30:20.604345+00:00
t1b_10_e90,night_clear,bike,mAP50-95,0.1143,3274,152,False,2026-09-13T08:30:20.604345+00:00
t1b_10_e90,night_clear,bike,mAP50,0.24363,3274,152,False,2026-09-13T08:30:20.604345+00:00
t1b_10_e90,night_clear,bike,mAP75,0.08377,3274,152,False,2026-09-13T08:30:20.604345+00:00
t1b_10_e90,night_rainy,all,mAP50-95,0.29006,286,2535,True,2026-09-13T08:30:20.604345+00:00
t1b_10_e90,night_rainy,all,mAP50,0.44873,286,2535,True,2026-09-13T08:30:20.604345+00:00
t1b_10_e90,night_rainy,all,mAP75,0.32298,286,2535,True,2026-09-13T08:30:20.604345+00:00
t1b_10_e90,night_rainy,car,mAP50-95,0.39337,286,2416,True,2026-09-13T08:30:20.604345+00:00
t1b_10_e90,night_rainy,car,mAP50,0.69473,286,2416,True,2026-09-13T08:30:20.604345+00:00
t1b_10_e90,night_rainy,car,mAP75,0.38355,286,2416,True,2026-09-13T08:30:20.604345+00:00
t1b_10_e90,night_rainy,truck,mAP50-95,0.30404,286,72,False,2026-09-13T08:30:20.604345+00:00
t1b_10_e90,night_rainy,truck,mAP50,0.4345,286,72,False,2026-09-13T08:30:20.604345+00:00
t1b_10_e90,night_rainy,truck,mAP75,0.33901,286,72,False,2026-09-13T08:30:20.604345+00:00
t1b_10_e90,night_rainy,bus,mAP50-95,0.42252,286,22,False,2026-09-13T08:30:20.604345+00:00
t1b_10_e90,night_rainy,bus,mAP50,0.57979,286,22,False,2026-09-13T08:30:20.604345+00:00
t1b_10_e90,night_rainy,bus,mAP75,0.49711,286,22,False,2026-09-13T08:30:20.604345+00:00
t1b_10_e90,night_rainy,motor,mAP50-95,0.18325,286,10,False,2026-09-13T08:30:20.604345+00:00
t1b_10_e90,night_rainy,motor,mAP50,0.2566,286,10,False,2026-09-13T08:30:20.604345+00:00
t1b_10_e90,night_rainy,motor,mAP75,0.2566,286,10,False,2026-09-13T08:30:20.604345+00:00
t1b_10_e90,night_rainy,bike,mAP50-95,0.14714,286,15,False,2026-09-13T08:30:20.604345+00:00
t1b_10_e90,night_rainy,bike,mAP50,0.27801,286,15,False,2026-09-13T08:30:20.604345+00:00
t1b_10_e90,night_rainy,bike,mAP75,0.13861,286,15,False,2026-09-13T08:30:20.604345+00:00
t1b_10_e90,night_snowy,all,mAP50-95,0.18974,273,2374,True,2026-09-13T08:30:20.604345+00:00
t1b_10_e90,night_snowy,all,mAP50,0.29949,273,2374,True,2026-09-13T08:30:20.604345+00:00
t1b_10_e90,night_snowy,all,mAP75,0.19826,273,2374,True,2026-09-13T08:30:20.604345+00:00
t1b_10_e90,night_snowy,car,mAP50-95,0.41548,273,2251,True,2026-09-13T08:30:20.604345+00:00
t1b_10_e90,night_snowy,car,mAP50,0.73897,273,2251,True,2026-09-13T08:30:20.604345+00:00
t1b_10_e90,night_snowy,car,mAP75,0.39158,273,2251,True,2026-09-13T08:30:20.604345+00:00
t1b_10_e90,night_snowy,truck,mAP50-95,0.24594,273,83,False,2026-09-13T08:30:20.604345+00:00
t1b_10_e90,night_snowy,truck,mAP50,0.35823,273,83,False,2026-09-13T08:30:20.604345+00:00
t1b_10_e90,night_snowy,truck,mAP75,0.26896,273,83,False,2026-09-13T08:30:20.604345+00:00
t1b_10_e90,night_snowy,bus,mAP50-95,0.27398,273,19,False,2026-09-13T08:30:20.604345+00:00
t1b_10_e90,night_snowy,bus,mAP50,0.37092,273,19,False,2026-09-13T08:30:20.604345+00:00
t1b_10_e90,night_snowy,bus,mAP75,0.31738,273,19,False,2026-09-13T08:30:20.604345+00:00
t1b_10_e90,night_snowy,motor,mAP50-95,0.0,273,2,False,2026-09-13T08:30:20.604345+00:00
t1b_10_e90,night_snowy,motor,mAP50,0.0,273,2,False,2026-09-13T08:30:20.604345+00:00
t1b_10_e90,night_snowy,motor,mAP75,0.0,273,2,False,2026-09-13T08:30:20.604345+00:00
t1b_10_e90,night_snowy,bike,mAP50-95,0.01331,273,19,False,2026-09-13T08:30:20.604345+00:00
t1b_10_e90,night_snowy,bike,mAP50,0.0293,273,19,False,2026-09-13T08:30:20.604345+00:00
t1b_10_e90,night_snowy,bike,mAP75,0.01338,273,19,False,2026-09-13T08:30:20.604345+00:00
t1b_10_e90,overcast,all,mAP50-95,0.24947,1239,15505,True,2026-09-13T08:30:20.604345+00:00
t1b_10_e90,overcast,all,mAP50,0.41092,1239,15505,True,2026-09-13T08:30:20.604345+00:00
t1b_10_e90,overcast,all,mAP75,0.2424,1239,15505,True,2026-09-13T08:30:20.604345+00:00
t1b_10_e90,overcast,car,mAP50-95,0.46557,1239,14370,True,2026-09-13T08:30:20.604345+00:00
t1b_10_e90,overcast,car,mAP50,0.76423,1239,14370,True,2026-09-13T08:30:20.604345+00:00
t1b_10_e90,overcast,car,mAP75,0.46359,1239,14370,True,2026-09-13T08:30:20.604345+00:00
t1b_10_e90,overcast,truck,mAP50-95,0.29823,1239,660,False,2026-09-13T08:30:20.604345+00:00
t1b_10_e90,overcast,truck,mAP50,0.4366,1239,660,False,2026-09-13T08:30:20.604345+00:00
t1b_10_e90,overcast,truck,mAP75,0.31017,1239,660,False,2026-09-13T08:30:20.604345+00:00
t1b_10_e90,overcast,bus,mAP50-95,0.28455,1239,262,False,2026-09-13T08:30:20.604345+00:00
t1b_10_e90,overcast,bus,mAP50,0.38973,1239,262,False,2026-09-13T08:30:20.604345+00:00
t1b_10_e90,overcast,bus,mAP75,0.30206,1239,262,False,2026-09-13T08:30:20.604345+00:00
t1b_10_e90,overcast,motor,mAP50-95,0.05382,1239,72,False,2026-09-13T08:30:20.604345+00:00
t1b_10_e90,overcast,motor,mAP50,0.12253,1239,72,False,2026-09-13T08:30:20.604345+00:00
t1b_10_e90,overcast,motor,mAP75,0.03783,1239,72,False,2026-09-13T08:30:20.604345+00:00
t1b_10_e90,overcast,bike,mAP50-95,0.1452,1239,141,False,2026-09-13T08:30:20.604345+00:00
t1b_10_e90,overcast,bike,mAP50,0.34148,1239,141,False,2026-09-13T08:30:20.604345+00:00
t1b_10_e90,overcast,bike,mAP75,0.09836,1239,141,False,2026-09-13T08:30:20.604345+00:00
t1b_10_e90,partlycloudy,all,mAP50-95,0.26403,738,9256,True,2026-09-13T08:30:20.604345+00:00
t1b_10_e90,partlycloudy,all,mAP50,0.41707,738,9256,True,2026-09-13T08:30:20.604345+00:00
t1b_10_e90,partlycloudy,all,mAP75,0.27432,738,9256,True,2026-09-13T08:30:20.604345+00:00
t1b_10_e90,partlycloudy,car,mAP50-95,0.4472,738,8526,True,2026-09-13T08:30:20.604345+00:00
t1b_10_e90,partlycloudy,car,mAP50,0.73395,738,8526,True,2026-09-13T08:30:20.604345+00:00
t1b_10_e90,partlycloudy,car,mAP75,0.44691,738,8526,True,2026-09-13T08:30:20.604345+00:00
t1b_10_e90,partlycloudy,truck,mAP50-95,0.32073,738,454,False,2026-09-13T08:30:20.604345+00:00
t1b_10_e90,partlycloudy,truck,mAP50,0.46635,738,454,False,2026-09-13T08:30:20.604345+00:00
t1b_10_e90,partlycloudy,truck,mAP75,0.34478,738,454,False,2026-09-13T08:30:20.604345+00:00
t1b_10_e90,partlycloudy,bus,mAP50-95,0.34799,738,142,False,2026-09-13T08:30:20.604345+00:00
t1b_10_e90,partlycloudy,bus,mAP50,0.47804,738,142,False,2026-09-13T08:30:20.604345+00:00
t1b_10_e90,partlycloudy,bus,mAP75,0.39965,738,142,False,2026-09-13T08:30:20.604345+00:00
t1b_10_e90,partlycloudy,motor,mAP50-95,0.12291,738,65,False,2026-09-13T08:30:20.604345+00:00
t1b_10_e90,partlycloudy,motor,mAP50,0.22868,738,65,False,2026-09-13T08:30:20.604345+00:00
t1b_10_e90,partlycloudy,motor,mAP75,0.10438,738,65,False,2026-09-13T08:30:20.604345+00:00
t1b_10_e90,partlycloudy,bike,mAP50-95,0.08132,738,69,False,2026-09-13T08:30:20.604345+00:00
t1b_10_e90,partlycloudy,bike,mAP50,0.17834,738,69,False,2026-09-13T08:30:20.604345+00:00
t1b_10_e90,partlycloudy,bike,mAP75,0.0759,738,69,False,2026-09-13T08:30:20.604345+00:00
t1b_10_e90,rainy,all,mAP50-95,0.25393,737,7541,True,2026-09-13T08:30:20.604345+00:00
t1b_10_e90,rainy,all,mAP50,0.41003,737,7541,True,2026-09-13T08:30:20.604345+00:00
t1b_10_e90,rainy,all,mAP75,0.25794,737,7541,True,2026-09-13T08:30:20.604345+00:00
t1b_10_e90,rainy,car,mAP50-95,0.4393,737,6944,True,2026-09-13T08:30:20.604345+00:00
t1b_10_e90,rainy,car,mAP50,0.73638,737,6944,True,2026-09-13T08:30:20.604345+00:00
t1b_10_e90,rainy,car,mAP75,0.4356,737,6944,True,2026-09-13T08:30:20.604345+00:00
t1b_10_e90,rainy,truck,mAP50-95,0.33472,737,378,False,2026-09-13T08:30:20.604345+00:00
t1b_10_e90,rainy,truck,mAP50,0.4828,737,378,False,2026-09-13T08:30:20.604345+00:00
t1b_10_e90,rainy,truck,mAP75,0.37345,737,378,False,2026-09-13T08:30:20.604345+00:00
t1b_10_e90,rainy,bus,mAP50-95,0.29368,737,132,False,2026-09-13T08:30:20.604345+00:00
t1b_10_e90,rainy,bus,mAP50,0.41415,737,132,False,2026-09-13T08:30:20.604345+00:00
t1b_10_e90,rainy,bus,mAP75,0.31937,737,132,False,2026-09-13T08:30:20.604345+00:00
t1b_10_e90,rainy,motor,mAP50-95,0.09754,737,30,False,2026-09-13T08:30:20.604345+00:00
t1b_10_e90,rainy,motor,mAP50,0.18143,737,30,False,2026-09-13T08:30:20.604345+00:00
t1b_10_e90,rainy,motor,mAP75,0.0786,737,30,False,2026-09-13T08:30:20.604345+00:00
t1b_10_e90,rainy,bike,mAP50-95,0.10443,737,57,False,2026-09-13T08:30:20.604345+00:00
t1b_10_e90,rainy,bike,mAP50,0.23537,737,57,False,2026-09-13T08:30:20.604345+00:00
t1b_10_e90,rainy,bike,mAP75,0.0827,737,57,False,2026-09-13T08:30:20.604345+00:00
t1b_10_e90,snowy,all,mAP50-95,0.22309,769,8080,True,2026-09-13T08:30:20.604345+00:00
t1b_10_e90,snowy,all,mAP50,0.37329,769,8080,True,2026-09-13T08:30:20.604345+00:00
t1b_10_e90,snowy,all,mAP75,0.2076,769,8080,True,2026-09-13T08:30:20.604345+00:00
t1b_10_e90,snowy,car,mAP50-95,0.43823,769,7486,True,2026-09-13T08:30:20.604345+00:00
t1b_10_e90,snowy,car,mAP50,0.73442,769,7486,True,2026-09-13T08:30:20.604345+00:00
t1b_10_e90,snowy,car,mAP75,0.43236,769,7486,True,2026-09-13T08:30:20.604345+00:00
t1b_10_e90,snowy,truck,mAP50-95,0.28965,769,371,False,2026-09-13T08:30:20.604345+00:00
t1b_10_e90,snowy,truck,mAP50,0.41966,769,371,False,2026-09-13T08:30:20.604345+00:00
t1b_10_e90,snowy,truck,mAP75,0.32322,769,371,False,2026-09-13T08:30:20.604345+00:00
t1b_10_e90,snowy,bus,mAP50-95,0.23483,769,133,False,2026-09-13T08:30:20.604345+00:00
t1b_10_e90,snowy,bus,mAP50,0.33639,769,133,False,2026-09-13T08:30:20.604345+00:00
t1b_10_e90,snowy,bus,mAP75,0.23026,769,133,False,2026-09-13T08:30:20.604345+00:00
t1b_10_e90,snowy,motor,mAP50-95,0.0637,769,9,False,2026-09-13T08:30:20.604345+00:00
t1b_10_e90,snowy,motor,mAP50,0.14967,769,9,False,2026-09-13T08:30:20.604345+00:00
t1b_10_e90,snowy,motor,mAP75,0.0,769,9,False,2026-09-13T08:30:20.604345+00:00
t1b_10_e90,snowy,bike,mAP50-95,0.08905,769,81,False,2026-09-13T08:30:20.604345+00:00
t1b_10_e90,snowy,bike,mAP50,0.22633,769,81,False,2026-09-13T08:30:20.604345+00:00
t1b_10_e90,snowy,bike,mAP75,0.05218,769,81,False,2026-09-13T08:30:20.604345+00:00
t1b_10_e80,overall,all,mAP50-95,0.24855,8841,97193,True,2026-09-13T08:30:20.604345+00:00
t1b_10_e80,overall,all,mAP50,0.41191,8841,97193,True,2026-09-13T08:30:20.604345+00:00
t1b_10_e80,overall,all,mAP75,0.24445,8841,97193,True,2026-09-13T08:30:20.604345+00:00
t1b_10_e80,overall,car,mAP50-95,0.43229,8841,91118,True,2026-09-13T08:30:20.604345+00:00
t1b_10_e80,overall,car,mAP50,0.73842,8841,91118,True,2026-09-13T08:30:20.604345+00:00
t1b_10_e80,overall,car,mAP75,0.4212,8841,91118,True,2026-09-13T08:30:20.604345+00:00
t1b_10_e80,overall,truck,mAP50-95,0.30355,8841,3608,True,2026-09-13T08:30:20.604345+00:00
t1b_10_e80,overall,truck,mAP50,0.43603,8841,3608,True,2026-09-13T08:30:20.604345+00:00
t1b_10_e80,overall,truck,mAP75,0.33176,8841,3608,True,2026-09-13T08:30:20.604345+00:00
t1b_10_e80,overall,bus,mAP50-95,0.29803,8841,1351,True,2026-09-13T08:30:20.604345+00:00
t1b_10_e80,overall,bus,mAP50,0.4099,8841,1351,True,2026-09-13T08:30:20.604345+00:00
t1b_10_e80,overall,bus,mAP75,0.32659,8841,1351,True,2026-09-13T08:30:20.604345+00:00
t1b_10_e80,overall,motor,mAP50-95,0.10082,8841,377,False,2026-09-13T08:30:20.604345+00:00
t1b_10_e80,overall,motor,mAP50,0.22036,8841,377,False,2026-09-13T08:30:20.604345+00:00
t1b_10_e80,overall,motor,mAP75,0.0709,8841,377,False,2026-09-13T08:30:20.604345+00:00
t1b_10_e80,overall,bike,mAP50-95,0.10806,8841,739,False,2026-09-13T08:30:20.604345+00:00
t1b_10_e80,overall,bike,mAP50,0.25484,8841,739,False,2026-09-13T08:30:20.604345+00:00
t1b_10_e80,overall,bike,mAP75,0.0718,8841,739,False,2026-09-13T08:30:20.604345+00:00
t1b_10_e80,adverse,all,mAP50-95,0.2443,1519,15765,True,2026-09-13T08:30:20.604345+00:00
t1b_10_e80,adverse,all,mAP50,0.40002,1519,15765,True,2026-09-13T08:30:20.604345+00:00
t1b_10_e80,adverse,all,mAP75,0.23975,1519,15765,True,2026-09-13T08:30:20.604345+00:00
t1b_10_e80,adverse,car,mAP50-95,0.4397,1519,14568,True,2026-09-13T08:30:20.604345+00:00
t1b_10_e80,adverse,car,mAP50,0.73925,1519,14568,True,2026-09-13T08:30:20.604345+00:00
t1b_10_e80,adverse,car,mAP75,0.43532,1519,14568,True,2026-09-13T08:30:20.604345+00:00
t1b_10_e80,adverse,truck,mAP50-95,0.31468,1519,754,False,2026-09-13T08:30:20.604345+00:00
t1b_10_e80,adverse,truck,mAP50,0.45353,1519,754,False,2026-09-13T08:30:20.604345+00:00
t1b_10_e80,adverse,truck,mAP75,0.35881,1519,754,False,2026-09-13T08:30:20.604345+00:00
t1b_10_e80,adverse,bus,mAP50-95,0.2652,1519,265,False,2026-09-13T08:30:20.604345+00:00
t1b_10_e80,adverse,bus,mAP50,0.38053,1519,265,False,2026-09-13T08:30:20.604345+00:00
t1b_10_e80,adverse,bus,mAP75,0.27107,1519,265,False,2026-09-13T08:30:20.604345+00:00
t1b_10_e80,adverse,motor,mAP50-95,0.11009,1519,40,False,2026-09-13T08:30:20.604345+00:00
t1b_10_e80,adverse,motor,mAP50,0.21931,1519,40,False,2026-09-13T08:30:20.604345+00:00
t1b_10_e80,adverse,motor,mAP75,0.0751,1519,40,False,2026-09-13T08:30:20.604345+00:00
t1b_10_e80,adverse,bike,mAP50-95,0.09182,1519,138,False,2026-09-13T08:30:20.604345+00:00
t1b_10_e80,adverse,bike,mAP50,0.20749,1519,138,False,2026-09-13T08:30:20.604345+00:00
t1b_10_e80,adverse,bike,mAP75,0.05846,1519,138,False,2026-09-13T08:30:20.604345+00:00
t1b_10_e80,benign,all,mAP50-95,0.25035,7322,81428,True,2026-09-13T08:30:20.604345+00:00
t1b_10_e80,benign,all,mAP50,0.41582,7322,81428,True,2026-09-13T08:30:20.604345+00:00
t1b_10_e80,benign,all,mAP75,0.24617,7322,81428,True,2026-09-13T08:30:20.604345+00:00
t1b_10_e80,benign,car,mAP50-95,0.43091,7322,76550,True,2026-09-13T08:30:20.604345+00:00
t1b_10_e80,benign,car,mAP50,0.73865,7322,76550,True,2026-09-13T08:30:20.604345+00:00
t1b_10_e80,benign,car,mAP75,0.41863,7322,76550,True,2026-09-13T08:30:20.604345+00:00
t1b_10_e80,benign,truck,mAP50-95,0.30179,7322,2854,True,2026-09-13T08:30:20.604345+00:00
t1b_10_e80,benign,truck,mAP50,0.43268,7322,2854,True,2026-09-13T08:30:20.604345+00:00
t1b_10_e80,benign,truck,mAP75,0.32591,7322,2854,True,2026-09-13T08:30:20.604345+00:00
t1b_10_e80,benign,bus,mAP50-95,0.30693,7322,1086,True,2026-09-13T08:30:20.604345+00:00
t1b_10_e80,benign,bus,mAP50,0.41926,7322,1086,True,2026-09-13T08:30:20.604345+00:00
t1b_10_e80,benign,bus,mAP75,0.34068,7322,1086,True,2026-09-13T08:30:20.604345+00:00
t1b_10_e80,benign,motor,mAP50-95,0.10138,7322,337,False,2026-09-13T08:30:20.604345+00:00
t1b_10_e80,benign,motor,mAP50,0.22339,7322,337,False,2026-09-13T08:30:20.604345+00:00
t1b_10_e80,benign,motor,mAP75,0.07222,7322,337,False,2026-09-13T08:30:20.604345+00:00
t1b_10_e80,benign,bike,mAP50-95,0.11072,7322,601,False,2026-09-13T08:30:20.604345+00:00
t1b_10_e80,benign,bike,mAP50,0.26515,7322,601,False,2026-09-13T08:30:20.604345+00:00
t1b_10_e80,benign,bike,mAP75,0.07341,7322,601,False,2026-09-13T08:30:20.604345+00:00
t1b_10_e80,clear,all,mAP50-95,0.24629,5345,56667,True,2026-09-13T08:30:20.604345+00:00
t1b_10_e80,clear,all,mAP50,0.4115,5345,56667,True,2026-09-13T08:30:20.604345+00:00
t1b_10_e80,clear,all,mAP75,0.24627,5345,56667,True,2026-09-13T08:30:20.604345+00:00
t1b_10_e80,clear,car,mAP50-95,0.41847,5345,53654,True,2026-09-13T08:30:20.604345+00:00
t1b_10_e80,clear,car,mAP50,0.73192,5345,53654,True,2026-09-13T08:30:20.604345+00:00
t1b_10_e80,clear,car,mAP75,0.40123,5345,53654,True,2026-09-13T08:30:20.604345+00:00
t1b_10_e80,clear,truck,mAP50-95,0.29354,5345,1740,True,2026-09-13T08:30:20.604345+00:00
t1b_10_e80,clear,truck,mAP50,0.41778,5345,1740,True,2026-09-13T08:30:20.604345+00:00
t1b_10_e80,clear,truck,mAP75,0.32592,5345,1740,True,2026-09-13T08:30:20.604345+00:00
t1b_10_e80,clear,bus,mAP50-95,0.30279,5345,682,False,2026-09-13T08:30:20.604345+00:00
t1b_10_e80,clear,bus,mAP50,0.41206,5345,682,False,2026-09-13T08:30:20.604345+00:00
t1b_10_e80,clear,bus,mAP75,0.34791,5345,682,False,2026-09-13T08:30:20.604345+00:00
t1b_10_e80,clear,motor,mAP50-95,0.10743,5345,200,False,2026-09-13T08:30:20.604345+00:00
t1b_10_e80,clear,motor,mAP50,0.24205,5345,200,False,2026-09-13T08:30:20.604345+00:00
t1b_10_e80,clear,motor,mAP75,0.07595,5345,200,False,2026-09-13T08:30:20.604345+00:00
t1b_10_e80,clear,bike,mAP50-95,0.10923,5345,391,False,2026-09-13T08:30:20.604345+00:00
t1b_10_e80,clear,bike,mAP50,0.25369,5345,391,False,2026-09-13T08:30:20.604345+00:00
t1b_10_e80,clear,bike,mAP75,0.08033,5345,391,False,2026-09-13T08:30:20.604345+00:00
t1b_10_e80,dawndusk,all,mAP50-95,0.25175,714,8512,True,2026-09-13T08:30:20.604345+00:00
t1b_10_e80,dawndusk,all,mAP50,0.42213,714,8512,True,2026-09-13T08:30:20.604345+00:00
t1b_10_e80,dawndusk,all,mAP75,0.25005,714,8512,True,2026-09-13T08:30:20.604345+00:00
t1b_10_e80,dawndusk,car,mAP50-95,0.45172,714,7964,True,2026-09-13T08:30:20.604345+00:00
t1b_10_e80,dawndusk,car,mAP50,0.74232,714,7964,True,2026-09-13T08:30:20.604345+00:00
t1b_10_e80,dawndusk,car,mAP75,0.45001,714,7964,True,2026-09-13T08:30:20.604345+00:00
t1b_10_e80,dawndusk,truck,mAP50-95,0.3117,714,340,False,2026-09-13T08:30:20.604345+00:00
t1b_10_e80,dawndusk,truck,mAP50,0.44509,714,340,False,2026-09-13T08:30:20.604345+00:00
t1b_10_e80,dawndusk,truck,mAP75,0.34591,714,340,False,2026-09-13T08:30:20.604345+00:00
t1b_10_e80,dawndusk,bus,mAP50-95,0.32826,714,127,False,2026-09-13T08:30:20.604345+00:00
t1b_10_e80,dawndusk,bus,mAP50,0.45083,714,127,False,2026-09-13T08:30:20.604345+00:00
t1b_10_e80,dawndusk,bus,mAP75,0.36358,714,127,False,2026-09-13T08:30:20.604345+00:00
t1b_10_e80,dawndusk,motor,mAP50-95,0.04243,714,22,False,2026-09-13T08:30:20.604345+00:00
t1b_10_e80,dawndusk,motor,mAP50,0.12903,714,22,False,2026-09-13T08:30:20.604345+00:00
t1b_10_e80,dawndusk,motor,mAP75,0.01999,714,22,False,2026-09-13T08:30:20.604345+00:00
t1b_10_e80,dawndusk,bike,mAP50-95,0.12466,714,59,False,2026-09-13T08:30:20.604345+00:00
t1b_10_e80,dawndusk,bike,mAP50,0.3434,714,59,False,2026-09-13T08:30:20.604345+00:00
t1b_10_e80,dawndusk,bike,mAP75,0.07074,714,59,False,2026-09-13T08:30:20.604345+00:00
t1b_10_e80,day,all,mAP50-95,0.25656,4264,51930,True,2026-09-13T08:30:20.604345+00:00
t1b_10_e80,day,all,mAP50,0.41882,4264,51930,True,2026-09-13T08:30:20.604345+00:00
t1b_10_e80,day,all,mAP75,0.25144,4264,51930,True,2026-09-13T08:30:20.604345+00:00
t1b_10_e80,day,car,mAP50-95,0.4558,4264,47715,True,2026-09-13T08:30:20.604345+00:00
t1b_10_e80,day,car,mAP50,0.74817,4264,47715,True,2026-09-13T08:30:20.604345+00:00
t1b_10_e80,day,car,mAP75,0.45564,4264,47715,True,2026-09-13T08:30:20.604345+00:00
t1b_10_e80,day,truck,mAP50-95,0.30887,4264,2532,True,2026-09-13T08:30:20.604345+00:00
t1b_10_e80,day,truck,mAP50,0.44131,4264,2532,True,2026-09-13T08:30:20.604345+00:00
t1b_10_e80,day,truck,mAP75,0.33291,4264,2532,True,2026-09-13T08:30:20.604345+00:00
t1b_10_e80,day,bus,mAP50-95,0.29526,4264,927,True,2026-09-13T08:30:20.604345+00:00
t1b_10_e80,day,bus,mAP50,0.40923,4264,927,True,2026-09-13T08:30:20.604345+00:00
t1b_10_e80,day,bus,mAP75,0.31609,4264,927,True,2026-09-13T08:30:20.604345+00:00
t1b_10_e80,day,motor,mAP50-95,0.11276,4264,262,False,2026-09-13T08:30:20.604345+00:00
t1b_10_e80,day,motor,mAP50,0.23892,4264,262,False,2026-09-13T08:30:20.604345+00:00
t1b_10_e80,day,motor,mAP75,0.07746,4264,262,False,2026-09-13T08:30:20.604345+00:00
t1b_10_e80,day,bike,mAP50-95,0.11011,4264,494,False,2026-09-13T08:30:20.604345+00:00
t1b_10_e80,day,bike,mAP50,0.25645,4264,494,False,2026-09-13T08:30:20.604345+00:00
t1b_10_e80,day,bike,mAP75,0.07512,4264,494,False,2026-09-13T08:30:20.604345+00:00
t1b_10_e80,day_adverse,all,mAP50-95,0.25645,823,9252,True,2026-09-13T08:30:20.604345+00:00
t1b_10_e80,day_adverse,all,mAP50,0.42063,823,9252,True,2026-09-13T08:30:20.604345+00:00
t1b_10_e80,day_adverse,all,mAP75,0.24383,823,9252,True,2026-09-13T08:30:20.604345+00:00
t1b_10_e80,day_adverse,car,mAP50-95,0.4587,823,8401,True,2026-09-13T08:30:20.604345+00:00
t1b_10_e80,day_adverse,car,mAP50,0.75356,823,8401,True,2026-09-13T08:30:20.604345+00:00
t1b_10_e80,day_adverse,car,mAP75,0.45796,823,8401,True,2026-09-13T08:30:20.604345+00:00
t1b_10_e80,day_adverse,truck,mAP50-95,0.33055,823,540,False,2026-09-13T08:30:20.604345+00:00
t1b_10_e80,day_adverse,truck,mAP50,0.47691,823,540,False,2026-09-13T08:30:20.604345+00:00
t1b_10_e80,day_adverse,truck,mAP75,0.37374,823,540,False,2026-09-13T08:30:20.604345+00:00
t1b_10_e80,day_adverse,bus,mAP50-95,0.25983,823,194,False,2026-09-13T08:30:20.604345+00:00
t1b_10_e80,day_adverse,bus,mAP50,0.3768,823,194,False,2026-09-13T08:30:20.604345+00:00
t1b_10_e80,day_adverse,bus,mAP75,0.25897,823,194,False,2026-09-13T08:30:20.604345+00:00
t1b_10_e80,day_adverse,motor,mAP50-95,0.12694,823,23,False,2026-09-13T08:30:20.604345+00:00
t1b_10_e80,day_adverse,motor,mAP50,0.26951,823,23,False,2026-09-13T08:30:20.604345+00:00
t1b_10_e80,day_adverse,motor,mAP75,0.04741,823,23,False,2026-09-13T08:30:20.604345+00:00
t1b_10_e80,day_adverse,bike,mAP50-95,0.10625,823,94,False,2026-09-13T08:30:20.604345+00:00
t1b_10_e80,day_adverse,bike,mAP50,0.22636,823,94,False,2026-09-13T08:30:20.604345+00:00
t1b_10_e80,day_adverse,bike,mAP75,0.08107,823,94,False,2026-09-13T08:30:20.604345+00:00
t1b_10_e80,day_clear,all,mAP50-95,0.25862,1764,21352,True,2026-09-13T08:30:20.604345+00:00
t1b_10_e80,day_clear,all,mAP50,0.41992,1764,21352,True,2026-09-13T08:30:20.604345+00:00
t1b_10_e80,day_clear,all,mAP75,0.25728,1764,21352,True,2026-09-13T08:30:20.604345+00:00
t1b_10_e80,day_clear,car,mAP50-95,0.45044,1764,19633,True,2026-09-13T08:30:20.604345+00:00
t1b_10_e80,day_clear,car,mAP50,0.73716,1764,19633,True,2026-09-13T08:30:20.604345+00:00
t1b_10_e80,day_clear,car,mAP75,0.45201,1764,19633,True,2026-09-13T08:30:20.604345+00:00
t1b_10_e80,day_clear,truck,mAP50-95,0.30128,1764,1021,True,2026-09-13T08:30:20.604345+00:00
t1b_10_e80,day_clear,truck,mAP50,0.42014,1764,1021,True,2026-09-13T08:30:20.604345+00:00
t1b_10_e80,day_clear,truck,mAP75,0.32855,1764,1021,True,2026-09-13T08:30:20.604345+00:00
t1b_10_e80,day_clear,bus,mAP50-95,0.29768,1764,380,False,2026-09-13T08:30:20.604345+00:00
t1b_10_e80,day_clear,bus,mAP50,0.40312,1764,380,False,2026-09-13T08:30:20.604345+00:00
t1b_10_e80,day_clear,bus,mAP75,0.33447,1764,380,False,2026-09-13T08:30:20.604345+00:00
t1b_10_e80,day_clear,motor,mAP50-95,0.13722,1764,111,False,2026-09-13T08:30:20.604345+00:00
t1b_10_e80,day_clear,motor,mAP50,0.29859,1764,111,False,2026-09-13T08:30:20.604345+00:00
t1b_10_e80,day_clear,motor,mAP75,0.09028,1764,111,False,2026-09-13T08:30:20.604345+00:00
t1b_10_e80,day_clear,bike,mAP50-95,0.10645,1764,207,False,2026-09-13T08:30:20.604345+00:00
t1b_10_e80,day_clear,bike,mAP50,0.24058,1764,207,False,2026-09-13T08:30:20.604345+00:00
t1b_10_e80,day_clear,bike,mAP75,0.08106,1764,207,False,2026-09-13T08:30:20.604345+00:00
t1b_10_e80,day_rainy,all,mAP50-95,0.26452,396,4356,True,2026-09-13T08:30:20.604345+00:00
t1b_10_e80,day_rainy,all,mAP50,0.42923,396,4356,True,2026-09-13T08:30:20.604345+00:00
t1b_10_e80,day_rainy,all,mAP75,0.25264,396,4356,True,2026-09-13T08:30:20.604345+00:00
t1b_10_e80,day_rainy,car,mAP50-95,0.46895,396,3930,True,2026-09-13T08:30:20.604345+00:00
t1b_10_e80,day_rainy,car,mAP50,0.76571,396,3930,True,2026-09-13T08:30:20.604345+00:00
t1b_10_e80,day_rainy,car,mAP75,0.46759,396,3930,True,2026-09-13T08:30:20.604345+00:00
t1b_10_e80,day_rainy,truck,mAP50-95,0.3525,396,272,False,2026-09-13T08:30:20.604345+00:00
t1b_10_e80,day_rainy,truck,mAP50,0.50533,396,272,False,2026-09-13T08:30:20.604345+00:00
t1b_10_e80,day_rainy,truck,mAP75,0.3895,396,272,False,2026-09-13T08:30:20.604345+00:00
t1b_10_e80,day_rainy,bus,mAP50-95,0.25165,396,97,False,2026-09-13T08:30:20.604345+00:00
t1b_10_e80,day_rainy,bus,mAP50,0.37278,396,97,False,2026-09-13T08:30:20.604345+00:00
t1b_10_e80,day_rainy,bus,mAP75,0.25343,396,97,False,2026-09-13T08:30:20.604345+00:00
t1b_10_e80,day_rainy,motor,mAP50-95,0.15877,396,16,False,2026-09-13T08:30:20.604345+00:00
t1b_10_e80,day_rainy,motor,mAP50,0.31685,396,16,False,2026-09-13T08:30:20.604345+00:00
t1b_10_e80,day_rainy,motor,mAP75,0.09016,396,16,False,2026-09-13T08:30:20.604345+00:00
t1b_10_e80,day_rainy,bike,mAP50-95,0.09072,396,41,False,2026-09-13T08:30:20.604345+00:00
t1b_10_e80,day_rainy,bike,mAP50,0.18546,396,41,False,2026-09-13T08:30:20.604345+00:00
t1b_10_e80,day_rainy,bike,mAP75,0.06252,396,41,False,2026-09-13T08:30:20.604345+00:00
t1b_10_e80,day_snowy,all,mAP50-95,0.24752,422,4842,True,2026-09-13T08:30:20.604345+00:00
t1b_10_e80,day_snowy,all,mAP50,0.40877,422,4842,True,2026-09-13T08:30:20.604345+00:00
t1b_10_e80,day_snowy,all,mAP75,0.2347,422,4842,True,2026-09-13T08:30:20.604345+00:00
t1b_10_e80,day_snowy,car,mAP50-95,0.45062,422,4421,True,2026-09-13T08:30:20.604345+00:00
t1b_10_e80,day_snowy,car,mAP50,0.74439,422,4421,True,2026-09-13T08:30:20.604345+00:00
t1b_10_e80,day_snowy,car,mAP75,0.4504,422,4421,True,2026-09-13T08:30:20.604345+00:00
t1b_10_e80,day_snowy,truck,mAP50-95,0.31337,422,264,False,2026-09-13T08:30:20.604345+00:00
t1b_10_e80,day_snowy,truck,mAP50,0.45623,422,264,False,2026-09-13T08:30:20.604345+00:00
t1b_10_e80,day_snowy,truck,mAP75,0.36296,422,264,False,2026-09-13T08:30:20.604345+00:00
t1b_10_e80,day_snowy,bus,mAP50-95,0.27153,422,97,False,2026-09-13T08:30:20.604345+00:00
t1b_10_e80,day_snowy,bus,mAP50,0.38484,422,97,False,2026-09-13T08:30:20.604345+00:00
t1b_10_e80,day_snowy,bus,mAP75,0.26801,422,97,False,2026-09-13T08:30:20.604345+00:00
t1b_10_e80,day_snowy,motor,mAP50-95,0.08911,422,7,False,2026-09-13T08:30:20.604345+00:00
t1b_10_e80,day_snowy,motor,mAP50,0.20545,422,7,False,2026-09-13T08:30:20.604345+00:00
t1b_10_e80,day_snowy,motor,mAP75,0.0,422,7,False,2026-09-13T08:30:20.604345+00:00
t1b_10_e80,day_snowy,bike,mAP50-95,0.11299,422,53,False,2026-09-13T08:30:20.604345+00:00
t1b_10_e80,day_snowy,bike,mAP50,0.25295,422,53,False,2026-09-13T08:30:20.604345+00:00
t1b_10_e80,day_snowy,bike,mAP75,0.09214,422,53,False,2026-09-13T08:30:20.604345+00:00
t1b_10_e80,foggy,all,mAP50-95,0.24155,13,144,False,2026-09-13T08:30:20.604345+00:00
t1b_10_e80,foggy,all,mAP50,0.62523,13,144,False,2026-09-13T08:30:20.604345+00:00
t1b_10_e80,foggy,all,mAP75,0.21042,13,144,False,2026-09-13T08:30:20.604345+00:00
t1b_10_e80,foggy,car,mAP50-95,0.40418,13,138,False,2026-09-13T08:30:20.604345+00:00
t1b_10_e80,foggy,car,mAP50,0.66778,13,138,False,2026-09-13T08:30:20.604345+00:00
t1b_10_e80,foggy,car,mAP75,0.42334,13,138,False,2026-09-13T08:30:20.604345+00:00
t1b_10_e80,foggy,truck,mAP50-95,0.18713,13,5,False,2026-09-13T08:30:20.604345+00:00
t1b_10_e80,foggy,truck,mAP50,0.20792,13,5,False,2026-09-13T08:30:20.604345+00:00
t1b_10_e80,foggy,truck,mAP75,0.20792,13,5,False,2026-09-13T08:30:20.604345+00:00
t1b_10_e80,foggy,bus,mAP50-95,,13,0,False,2026-09-13T08:30:20.604345+00:00
t1b_10_e80,foggy,bus,mAP50,,13,0,False,2026-09-13T08:30:20.604345+00:00
t1b_10_e80,foggy,bus,mAP75,,13,0,False,2026-09-13T08:30:20.604345+00:00
t1b_10_e80,foggy,motor,mAP50-95,0.13333,13,1,False,2026-09-13T08:30:20.604345+00:00
t1b_10_e80,foggy,motor,mAP50,1.0,13,1,False,2026-09-13T08:30:20.604345+00:00
t1b_10_e80,foggy,motor,mAP75,0.0,13,1,False,2026-09-13T08:30:20.604345+00:00
t1b_10_e80,foggy,bike,mAP50-95,,13,0,False,2026-09-13T08:30:20.604345+00:00
t1b_10_e80,foggy,bike,mAP50,,13,0,False,2026-09-13T08:30:20.604345+00:00
t1b_10_e80,foggy,bike,mAP75,,13,0,False,2026-09-13T08:30:20.604345+00:00
t1b_10_e80,night,all,mAP50-95,0.23568,3863,36751,True,2026-09-13T08:30:20.604345+00:00
t1b_10_e80,night,all,mAP50,0.39692,3863,36751,True,2026-09-13T08:30:20.604345+00:00
t1b_10_e80,night,all,mAP75,0.23859,3863,36751,True,2026-09-13T08:30:20.604345+00:00
t1b_10_e80,night,car,mAP50-95,0.39538,3863,35439,True,2026-09-13T08:30:20.604345+00:00
t1b_10_e80,night,car,mAP50,0.72406,3863,35439,True,2026-09-13T08:30:20.604345+00:00
t1b_10_e80,night,car,mAP75,0.36751,3863,35439,True,2026-09-13T08:30:20.604345+00:00
t1b_10_e80,night,truck,mAP50-95,0.28651,3863,736,False,2026-09-13T08:30:20.604345+00:00
t1b_10_e80,night,truck,mAP50,0.41897,3863,736,False,2026-09-13T08:30:20.604345+00:00
t1b_10_e80,night,truck,mAP75,0.32749,3863,736,False,2026-09-13T08:30:20.604345+00:00
t1b_10_e80,night,bus,mAP50-95,0.3039,3863,297,False,2026-09-13T08:30:20.604345+00:00
t1b_10_e80,night,bus,mAP50,0.40955,3863,297,False,2026-09-13T08:30:20.604345+00:00
t1b_10_e80,night,bus,mAP75,0.35196,3863,297,False,2026-09-13T08:30:20.604345+00:00
t1b_10_e80,night,motor,mAP50-95,0.09039,3863,93,False,2026-09-13T08:30:20.604345+00:00
t1b_10_e80,night,motor,mAP50,0.20339,3863,93,False,2026-09-13T08:30:20.604345+00:00
t1b_10_e80,night,motor,mAP75,0.07232,3863,93,False,2026-09-13T08:30:20.604345+00:00
t1b_10_e80,night,bike,mAP50-95,0.10224,3863,186,False,2026-09-13T08:30:20.604345+00:00
t1b_10_e80,night,bike,mAP50,0.22864,3863,186,False,2026-09-13T08:30:20.604345+00:00
t1b_10_e80,night,bike,mAP75,0.07369,3863,186,False,2026-09-13T08:30:20.604345+00:00
t1b_10_e80,night_adverse,all,mAP50-95,0.24339,566,4986,True,2026-09-13T08:30:20.604345+00:00
t1b_10_e80,night_adverse,all,mAP50,0.38496,566,4986,True,2026-09-13T08:30:20.604345+00:00
t1b_10_e80,night_adverse,all,mAP75,0.25422,566,4986,True,2026-09-13T08:30:20.604345+00:00
t1b_10_e80,night_adverse,car,mAP50-95,0.40425,566,4743,True,2026-09-13T08:30:20.604345+00:00
t1b_10_e80,night_adverse,car,mAP50,0.71729,566,4743,True,2026-09-13T08:30:20.604345+00:00
t1b_10_e80,night_adverse,car,mAP75,0.39147,566,4743,True,2026-09-13T08:30:20.604345+00:00
t1b_10_e80,night_adverse,truck,mAP50-95,0.2577,566,156,False,2026-09-13T08:30:20.604345+00:00
t1b_10_e80,night_adverse,truck,mAP50,0.36892,566,156,False,2026-09-13T08:30:20.604345+00:00
t1b_10_e80,night_adverse,truck,mAP75,0.29274,566,156,False,2026-09-13T08:30:20.604345+00:00
t1b_10_e80,night_adverse,bus,mAP50-95,0.35486,566,41,False,2026-09-13T08:30:20.604345+00:00
t1b_10_e80,night_adverse,bus,mAP50,0.4674,566,41,False,2026-09-13T08:30:20.604345+00:00
t1b_10_e80,night_adverse,bus,mAP75,0.39816,566,41,False,2026-09-13T08:30:20.604345+00:00
t1b_10_e80,night_adverse,motor,mAP50-95,0.1348,566,12,False,2026-09-13T08:30:20.604345+00:00
t1b_10_e80,night_adverse,motor,mAP50,0.21568,566,12,False,2026-09-13T08:30:20.604345+00:00
t1b_10_e80,night_adverse,motor,mAP75,0.15598,566,12,False,2026-09-13T08:30:20.604345+00:00
t1b_10_e80,night_adverse,bike,mAP50-95,0.06532,566,34,False,2026-09-13T08:30:20.604345+00:00
t1b_10_e80,night_adverse,bike,mAP50,0.15549,566,34,False,2026-09-13T08:30:20.604345+00:00
t1b_10_e80,night_adverse,bike,mAP75,0.03276,566,34,False,2026-09-13T08:30:20.604345+00:00
t1b_10_e80,night_clear,all,mAP50-95,0.23555,3274,31550,True,2026-09-13T08:30:20.604345+00:00
t1b_10_e80,night_clear,all,mAP50,0.40125,3274,31550,True,2026-09-13T08:30:20.604345+00:00
t1b_10_e80,night_clear,all,mAP75,0.23704,3274,31550,True,2026-09-13T08:30:20.604345+00:00
t1b_10_e80,night_clear,car,mAP50-95,0.39341,3274,30489,True,2026-09-13T08:30:20.604345+00:00
t1b_10_e80,night_clear,car,mAP50,0.72512,3274,30489,True,2026-09-13T08:30:20.604345+00:00
t1b_10_e80,night_clear,car,mAP75,0.36262,3274,30489,True,2026-09-13T08:30:20.604345+00:00
t1b_10_e80,night_clear,truck,mAP50-95,0.294,3274,577,False,2026-09-13T08:30:20.604345+00:00
t1b_10_e80,night_clear,truck,mAP50,0.4317,3274,577,False,2026-09-13T08:30:20.604345+00:00
t1b_10_e80,night_clear,truck,mAP75,0.33491,3274,577,False,2026-09-13T08:30:20.604345+00:00
t1b_10_e80,night_clear,bus,mAP50-95,0.29116,3274,251,False,2026-09-13T08:30:20.604345+00:00
t1b_10_e80,night_clear,bus,mAP50,0.39441,3274,251,False,2026-09-13T08:30:20.604345+00:00
t1b_10_e80,night_clear,bus,mAP75,0.34319,3274,251,False,2026-09-13T08:30:20.604345+00:00
t1b_10_e80,night_clear,motor,mAP50-95,0.0856,3274,81,False,2026-09-13T08:30:20.604345+00:00
t1b_10_e80,night_clear,motor,mAP50,0.20514,3274,81,False,2026-09-13T08:30:20.604345+00:00
t1b_10_e80,night_clear,motor,mAP75,0.05906,3274,81,False,2026-09-13T08:30:20.604345+00:00
t1b_10_e80,night_clear,bike,mAP50-95,0.11359,3274,152,False,2026-09-13T08:30:20.604345+00:00
t1b_10_e80,night_clear,bike,mAP50,0.24989,3274,152,False,2026-09-13T08:30:20.604345+00:00
t1b_10_e80,night_clear,bike,mAP75,0.08543,3274,152,False,2026-09-13T08:30:20.604345+00:00
t1b_10_e80,night_rainy,all,mAP50-95,0.28602,286,2535,True,2026-09-13T08:30:20.604345+00:00
t1b_10_e80,night_rainy,all,mAP50,0.44734,286,2535,True,2026-09-13T08:30:20.604345+00:00
t1b_10_e80,night_rainy,all,mAP75,0.30641,286,2535,True,2026-09-13T08:30:20.604345+00:00
t1b_10_e80,night_rainy,car,mAP50-95,0.39398,286,2416,True,2026-09-13T08:30:20.604345+00:00
t1b_10_e80,night_rainy,car,mAP50,0.70029,286,2416,True,2026-09-13T08:30:20.604345+00:00
t1b_10_e80,night_rainy,car,mAP75,0.38474,286,2416,True,2026-09-13T08:30:20.604345+00:00
t1b_10_e80,night_rainy,truck,mAP50-95,0.3237,286,72,False,2026-09-13T08:30:20.604345+00:00
t1b_10_e80,night_rainy,truck,mAP50,0.45571,286,72,False,2026-09-13T08:30:20.604345+00:00
t1b_10_e80,night_rainy,truck,mAP75,0.37541,286,72,False,2026-09-13T08:30:20.604345+00:00
t1b_10_e80,night_rainy,bus,mAP50-95,0.44138,286,22,False,2026-09-13T08:30:20.604345+00:00
t1b_10_e80,night_rainy,bus,mAP50,0.57809,286,22,False,2026-09-13T08:30:20.604345+00:00
t1b_10_e80,night_rainy,bus,mAP75,0.50067,286,22,False,2026-09-13T08:30:20.604345+00:00
t1b_10_e80,night_rainy,motor,mAP50-95,0.14185,286,10,False,2026-09-13T08:30:20.604345+00:00
t1b_10_e80,night_rainy,motor,mAP50,0.207,286,10,False,2026-09-13T08:30:20.604345+00:00
t1b_10_e80,night_rainy,motor,mAP75,0.20192,286,10,False,2026-09-13T08:30:20.604345+00:00
t1b_10_e80,night_rainy,bike,mAP50-95,0.12917,286,15,False,2026-09-13T08:30:20.604345+00:00
t1b_10_e80,night_rainy,bike,mAP50,0.29563,286,15,False,2026-09-13T08:30:20.604345+00:00
t1b_10_e80,night_rainy,bike,mAP75,0.06931,286,15,False,2026-09-13T08:30:20.604345+00:00
t1b_10_e80,night_snowy,all,mAP50-95,0.20812,273,2374,True,2026-09-13T08:30:20.604345+00:00
t1b_10_e80,night_snowy,all,mAP50,0.34192,273,2374,True,2026-09-13T08:30:20.604345+00:00
t1b_10_e80,night_snowy,all,mAP75,0.19166,273,2374,True,2026-09-13T08:30:20.604345+00:00
t1b_10_e80,night_snowy,car,mAP50-95,0.41816,273,2251,True,2026-09-13T08:30:20.604345+00:00
t1b_10_e80,night_snowy,car,mAP50,0.73991,273,2251,True,2026-09-13T08:30:20.604345+00:00
t1b_10_e80,night_snowy,car,mAP75,0.39996,273,2251,True,2026-09-13T08:30:20.604345+00:00
t1b_10_e80,night_snowy,truck,mAP50-95,0.20924,273,83,False,2026-09-13T08:30:20.604345+00:00
t1b_10_e80,night_snowy,truck,mAP50,0.30161,273,83,False,2026-09-13T08:30:20.604345+00:00
t1b_10_e80,night_snowy,truck,mAP75,0.23218,273,83,False,2026-09-13T08:30:20.604345+00:00
t1b_10_e80,night_snowy,bus,mAP50-95,0.29648,273,19,False,2026-09-13T08:30:20.604345+00:00
t1b_10_e80,night_snowy,bus,mAP50,0.3887,273,19,False,2026-09-13T08:30:20.604345+00:00
t1b_10_e80,night_snowy,bus,mAP75,0.32023,273,19,False,2026-09-13T08:30:20.604345+00:00
t1b_10_e80,night_snowy,motor,mAP50-95,0.09516,273,2,False,2026-09-13T08:30:20.604345+00:00
t1b_10_e80,night_snowy,motor,mAP50,0.22332,273,2,False,2026-09-13T08:30:20.604345+00:00
t1b_10_e80,night_snowy,motor,mAP75,0.0,273,2,False,2026-09-13T08:30:20.604345+00:00
t1b_10_e80,night_snowy,bike,mAP50-95,0.02154,273,19,False,2026-09-13T08:30:20.604345+00:00
t1b_10_e80,night_snowy,bike,mAP50,0.05606,273,19,False,2026-09-13T08:30:20.604345+00:00
t1b_10_e80,night_snowy,bike,mAP75,0.00591,273,19,False,2026-09-13T08:30:20.604345+00:00
t1b_10_e80,overcast,all,mAP50-95,0.25854,1239,15505,True,2026-09-13T08:30:20.604345+00:00
t1b_10_e80,overcast,all,mAP50,0.42737,1239,15505,True,2026-09-13T08:30:20.604345+00:00
t1b_10_e80,overcast,all,mAP75,0.24277,1239,15505,True,2026-09-13T08:30:20.604345+00:00
t1b_10_e80,overcast,car,mAP50-95,0.46679,1239,14370,True,2026-09-13T08:30:20.604345+00:00
t1b_10_e80,overcast,car,mAP50,0.76345,1239,14370,True,2026-09-13T08:30:20.604345+00:00
t1b_10_e80,overcast,car,mAP75,0.46493,1239,14370,True,2026-09-13T08:30:20.604345+00:00
t1b_10_e80,overcast,truck,mAP50-95,0.30786,1239,660,False,2026-09-13T08:30:20.604345+00:00
t1b_10_e80,overcast,truck,mAP50,0.44839,1239,660,False,2026-09-13T08:30:20.604345+00:00
t1b_10_e80,overcast,truck,mAP75,0.31847,1239,660,False,2026-09-13T08:30:20.604345+00:00
t1b_10_e80,overcast,bus,mAP50-95,0.30643,1239,262,False,2026-09-13T08:30:20.604345+00:00
t1b_10_e80,overcast,bus,mAP50,0.4234,1239,262,False,2026-09-13T08:30:20.604345+00:00
t1b_10_e80,overcast,bus,mAP75,0.30696,1239,262,False,2026-09-13T08:30:20.604345+00:00
t1b_10_e80,overcast,motor,mAP50-95,0.07416,1239,72,False,2026-09-13T08:30:20.604345+00:00
t1b_10_e80,overcast,motor,mAP50,0.16239,1239,72,False,2026-09-13T08:30:20.604345+00:00
t1b_10_e80,overcast,motor,mAP75,0.0535,1239,72,False,2026-09-13T08:30:20.604345+00:00
t1b_10_e80,overcast,bike,mAP50-95,0.13746,1239,141,False,2026-09-13T08:30:20.604345+00:00
t1b_10_e80,overcast,bike,mAP50,0.33922,1239,141,False,2026-09-13T08:30:20.604345+00:00
t1b_10_e80,overcast,bike,mAP75,0.07,1239,141,False,2026-09-13T08:30:20.604345+00:00
t1b_10_e80,partlycloudy,all,mAP50-95,0.27037,738,9256,True,2026-09-13T08:30:20.604345+00:00
t1b_10_e80,partlycloudy,all,mAP50,0.42553,738,9256,True,2026-09-13T08:30:20.604345+00:00
t1b_10_e80,partlycloudy,all,mAP75,0.27503,738,9256,True,2026-09-13T08:30:20.604345+00:00
t1b_10_e80,partlycloudy,car,mAP50-95,0.44796,738,8526,True,2026-09-13T08:30:20.604345+00:00
t1b_10_e80,partlycloudy,car,mAP50,0.73661,738,8526,True,2026-09-13T08:30:20.604345+00:00
t1b_10_e80,partlycloudy,car,mAP75,0.44687,738,8526,True,2026-09-13T08:30:20.604345+00:00
t1b_10_e80,partlycloudy,truck,mAP50-95,0.33315,738,454,False,2026-09-13T08:30:20.604345+00:00
t1b_10_e80,partlycloudy,truck,mAP50,0.47454,738,454,False,2026-09-13T08:30:20.604345+00:00
t1b_10_e80,partlycloudy,truck,mAP75,0.34805,738,454,False,2026-09-13T08:30:20.604345+00:00
t1b_10_e80,partlycloudy,bus,mAP50-95,0.34044,738,142,False,2026-09-13T08:30:20.604345+00:00
t1b_10_e80,partlycloudy,bus,mAP50,0.45385,738,142,False,2026-09-13T08:30:20.604345+00:00
t1b_10_e80,partlycloudy,bus,mAP75,0.37793,738,142,False,2026-09-13T08:30:20.604345+00:00
t1b_10_e80,partlycloudy,motor,mAP50-95,0.13922,738,65,False,2026-09-13T08:30:20.604345+00:00
t1b_10_e80,partlycloudy,motor,mAP50,0.25718,738,65,False,2026-09-13T08:30:20.604345+00:00
t1b_10_e80,partlycloudy,motor,mAP75,0.12185,738,65,False,2026-09-13T08:30:20.604345+00:00
t1b_10_e80,partlycloudy,bike,mAP50-95,0.09107,738,69,False,2026-09-13T08:30:20.604345+00:00
t1b_10_e80,partlycloudy,bike,mAP50,0.20547,738,69,False,2026-09-13T08:30:20.604345+00:00
t1b_10_e80,partlycloudy,bike,mAP75,0.08047,738,69,False,2026-09-13T08:30:20.604345+00:00
t1b_10_e80,rainy,all,mAP50-95,0.26318,737,7541,True,2026-09-13T08:30:20.604345+00:00
t1b_10_e80,rainy,all,mAP50,0.42318,737,7541,True,2026-09-13T08:30:20.604345+00:00
t1b_10_e80,rainy,all,mAP75,0.2641,737,7541,True,2026-09-13T08:30:20.604345+00:00
t1b_10_e80,rainy,car,mAP50-95,0.44059,737,6944,True,2026-09-13T08:30:20.604345+00:00
t1b_10_e80,rainy,car,mAP50,0.74077,737,6944,True,2026-09-13T08:30:20.604345+00:00
t1b_10_e80,rainy,car,mAP75,0.4359,737,6944,True,2026-09-13T08:30:20.604345+00:00
t1b_10_e80,rainy,truck,mAP50-95,0.35295,737,378,False,2026-09-13T08:30:20.604345+00:00
t1b_10_e80,rainy,truck,mAP50,0.50465,737,378,False,2026-09-13T08:30:20.604345+00:00
t1b_10_e80,rainy,truck,mAP75,0.39512,737,378,False,2026-09-13T08:30:20.604345+00:00
t1b_10_e80,rainy,bus,mAP50-95,0.29193,737,132,False,2026-09-13T08:30:20.604345+00:00
t1b_10_e80,rainy,bus,mAP50,0.41904,737,132,False,2026-09-13T08:30:20.604345+00:00
t1b_10_e80,rainy,bus,mAP75,0.30618,737,132,False,2026-09-13T08:30:20.604345+00:00
t1b_10_e80,rainy,motor,mAP50-95,0.12729,737,30,False,2026-09-13T08:30:20.604345+00:00
t1b_10_e80,rainy,motor,mAP50,0.22967,737,30,False,2026-09-13T08:30:20.604345+00:00
t1b_10_e80,rainy,motor,mAP75,0.11732,737,30,False,2026-09-13T08:30:20.604345+00:00
t1b_10_e80,rainy,bike,mAP50-95,0.10313,737,57,False,2026-09-13T08:30:20.604345+00:00
t1b_10_e80,rainy,bike,mAP50,0.22177,737,57,False,2026-09-13T08:30:20.604345+00:00
t1b_10_e80,rainy,bike,mAP75,0.06595,737,57,False,2026-09-13T08:30:20.604345+00:00
t1b_10_e80,snowy,all,mAP50-95,0.22621,769,8080,True,2026-09-13T08:30:20.604345+00:00
t1b_10_e80,snowy,all,mAP50,0.37868,769,8080,True,2026-09-13T08:30:20.604345+00:00
t1b_10_e80,snowy,all,mAP75,0.21119,769,8080,True,2026-09-13T08:30:20.604345+00:00
t1b_10_e80,snowy,car,mAP50-95,0.44021,769,7486,True,2026-09-13T08:30:20.604345+00:00
t1b_10_e80,snowy,car,mAP50,0.74069,769,7486,True,2026-09-13T08:30:20.604345+00:00
t1b_10_e80,snowy,car,mAP75,0.43556,769,7486,True,2026-09-13T08:30:20.604345+00:00
t1b_10_e80,snowy,truck,mAP50-95,0.28183,769,371,False,2026-09-13T08:30:20.604345+00:00
t1b_10_e80,snowy,truck,mAP50,0.40941,769,371,False,2026-09-13T08:30:20.604345+00:00
t1b_10_e80,snowy,truck,mAP75,0.32831,769,371,False,2026-09-13T08:30:20.604345+00:00
t1b_10_e80,snowy,bus,mAP50-95,0.24334,769,133,False,2026-09-13T08:30:20.604345+00:00
t1b_10_e80,snowy,bus,mAP50,0.34637,769,133,False,2026-09-13T08:30:20.604345+00:00
t1b_10_e80,snowy,bus,mAP75,0.24282,769,133,False,2026-09-13T08:30:20.604345+00:00
t1b_10_e80,snowy,motor,mAP50-95,0.08442,769,9,False,2026-09-13T08:30:20.604345+00:00
t1b_10_e80,snowy,motor,mAP50,0.19758,769,9,False,2026-09-13T08:30:20.604345+00:00
t1b_10_e80,snowy,motor,mAP75,0.0,769,9,False,2026-09-13T08:30:20.604345+00:00
t1b_10_e80,snowy,bike,mAP50-95,0.08125,769,81,False,2026-09-13T08:30:20.604345+00:00
t1b_10_e80,snowy,bike,mAP50,0.19937,769,81,False,2026-09-13T08:30:20.604345+00:00
t1b_10_e80,snowy,bike,mAP75,0.04928,769,81,False,2026-09-13T08:30:20.604345+00:00
