arm,slice,class,metric,value,n_images,n_instances,reportable,timestamp
base_10,overall,all,mAP50-95,0.26377,8841,97193,True,2026-09-12T10:24:16.975555+00:00
base_10,overall,all,mAP50,0.43618,8841,97193,True,2026-09-12T10:24:16.975555+00:00
base_10,overall,all,mAP75,0.26095,8841,97193,True,2026-09-12T10:24:16.975555+00:00
base_10,overall,car,mAP50-95,0.43498,8841,91118,True,2026-09-12T10:24:16.975555+00:00
base_10,overall,car,mAP50,0.74105,8841,91118,True,2026-09-12T10:24:16.975555+00:00
base_10,overall,car,mAP75,0.42453,8841,91118,True,2026-09-12T10:24:16.975555+00:00
base_10,overall,truck,mAP50-95,0.32375,8841,3608,True,2026-09-12T10:24:16.975555+00:00
base_10,overall,truck,mAP50,0.46291,8841,3608,True,2026-09-12T10:24:16.975555+00:00
base_10,overall,truck,mAP75,0.3574,8841,3608,True,2026-09-12T10:24:16.975555+00:00
base_10,overall,bus,mAP50-95,0.32605,8841,1351,True,2026-09-12T10:24:16.975555+00:00
base_10,overall,bus,mAP50,0.43833,8841,1351,True,2026-09-12T10:24:16.975555+00:00
base_10,overall,bus,mAP75,0.36686,8841,1351,True,2026-09-12T10:24:16.975555+00:00
base_10,overall,motor,mAP50-95,0.10566,8841,377,False,2026-09-12T10:24:16.975555+00:00
base_10,overall,motor,mAP50,0.23684,8841,377,False,2026-09-12T10:24:16.975555+00:00
base_10,overall,motor,mAP75,0.073,8841,377,False,2026-09-12T10:24:16.975555+00:00
base_10,overall,bike,mAP50-95,0.12841,8841,739,False,2026-09-12T10:24:16.975555+00:00
base_10,overall,bike,mAP50,0.30177,8841,739,False,2026-09-12T10:24:16.975555+00:00
base_10,overall,bike,mAP75,0.08297,8841,739,False,2026-09-12T10:24:16.975555+00:00
base_10,adverse,all,mAP50-95,0.26362,1519,15765,True,2026-09-12T10:24:16.975555+00:00
base_10,adverse,all,mAP50,0.43098,1519,15765,True,2026-09-12T10:24:16.975555+00:00
base_10,adverse,all,mAP75,0.26711,1519,15765,True,2026-09-12T10:24:16.975555+00:00
base_10,adverse,car,mAP50-95,0.44277,1519,14568,True,2026-09-12T10:24:16.975555+00:00
base_10,adverse,car,mAP50,0.74327,1519,14568,True,2026-09-12T10:24:16.975555+00:00
base_10,adverse,car,mAP75,0.4382,1519,14568,True,2026-09-12T10:24:16.975555+00:00
base_10,adverse,truck,mAP50-95,0.34024,1519,754,False,2026-09-12T10:24:16.975555+00:00
base_10,adverse,truck,mAP50,0.49446,1519,754,False,2026-09-12T10:24:16.975555+00:00
base_10,adverse,truck,mAP75,0.37699,1519,754,False,2026-09-12T10:24:16.975555+00:00
base_10,adverse,bus,mAP50-95,0.29525,1519,265,False,2026-09-12T10:24:16.975555+00:00
base_10,adverse,bus,mAP50,0.40824,1519,265,False,2026-09-12T10:24:16.975555+00:00
base_10,adverse,bus,mAP75,0.32285,1519,265,False,2026-09-12T10:24:16.975555+00:00
base_10,adverse,motor,mAP50-95,0.13322,1519,40,False,2026-09-12T10:24:16.975555+00:00
base_10,adverse,motor,mAP50,0.26212,1519,40,False,2026-09-12T10:24:16.975555+00:00
base_10,adverse,motor,mAP75,0.13706,1519,40,False,2026-09-12T10:24:16.975555+00:00
base_10,adverse,bike,mAP50-95,0.1066,1519,138,False,2026-09-12T10:24:16.975555+00:00
base_10,adverse,bike,mAP50,0.2468,1519,138,False,2026-09-12T10:24:16.975555+00:00
base_10,adverse,bike,mAP75,0.06043,1519,138,False,2026-09-12T10:24:16.975555+00:00
base_10,benign,all,mAP50-95,0.26539,7322,81428,True,2026-09-12T10:24:16.975555+00:00
base_10,benign,all,mAP50,0.43884,7322,81428,True,2026-09-12T10:24:16.975555+00:00
base_10,benign,all,mAP75,0.26253,7322,81428,True,2026-09-12T10:24:16.975555+00:00
base_10,benign,car,mAP50-95,0.43352,7322,76550,True,2026-09-12T10:24:16.975555+00:00
base_10,benign,car,mAP50,0.741,7322,76550,True,2026-09-12T10:24:16.975555+00:00
base_10,benign,car,mAP75,0.42237,7322,76550,True,2026-09-12T10:24:16.975555+00:00
base_10,benign,truck,mAP50-95,0.32024,7322,2854,True,2026-09-12T10:24:16.975555+00:00
base_10,benign,truck,mAP50,0.45598,7322,2854,True,2026-09-12T10:24:16.975555+00:00
base_10,benign,truck,mAP75,0.35308,7322,2854,True,2026-09-12T10:24:16.975555+00:00
base_10,benign,bus,mAP50-95,0.33447,7322,1086,True,2026-09-12T10:24:16.975555+00:00
base_10,benign,bus,mAP50,0.44645,7322,1086,True,2026-09-12T10:24:16.975555+00:00
base_10,benign,bus,mAP75,0.37826,7322,1086,True,2026-09-12T10:24:16.975555+00:00
base_10,benign,motor,mAP50-95,0.10389,7322,337,False,2026-09-12T10:24:16.975555+00:00
base_10,benign,motor,mAP50,0.23502,7322,337,False,2026-09-12T10:24:16.975555+00:00
base_10,benign,motor,mAP75,0.06783,7322,337,False,2026-09-12T10:24:16.975555+00:00
base_10,benign,bike,mAP50-95,0.13484,7322,601,False,2026-09-12T10:24:16.975555+00:00
base_10,benign,bike,mAP50,0.31577,7322,601,False,2026-09-12T10:24:16.975555+00:00
base_10,benign,bike,mAP75,0.0911,7322,601,False,2026-09-12T10:24:16.975555+00:00
base_10,clear,all,mAP50-95,0.26051,5345,56667,True,2026-09-12T10:24:16.975555+00:00
base_10,clear,all,mAP50,0.43007,5345,56667,True,2026-09-12T10:24:16.975555+00:00
base_10,clear,all,mAP75,0.25955,5345,56667,True,2026-09-12T10:24:16.975555+00:00
base_10,clear,car,mAP50-95,0.42101,5345,53654,True,2026-09-12T10:24:16.975555+00:00
base_10,clear,car,mAP50,0.73415,5345,53654,True,2026-09-12T10:24:16.975555+00:00
base_10,clear,car,mAP75,0.40475,5345,53654,True,2026-09-12T10:24:16.975555+00:00
base_10,clear,truck,mAP50-95,0.31432,5345,1740,True,2026-09-12T10:24:16.975555+00:00
base_10,clear,truck,mAP50,0.4456,5345,1740,True,2026-09-12T10:24:16.975555+00:00
base_10,clear,truck,mAP75,0.35228,5345,1740,True,2026-09-12T10:24:16.975555+00:00
base_10,clear,bus,mAP50-95,0.34106,5345,682,False,2026-09-12T10:24:16.975555+00:00
base_10,clear,bus,mAP50,0.45311,5345,682,False,2026-09-12T10:24:16.975555+00:00
base_10,clear,bus,mAP75,0.38716,5345,682,False,2026-09-12T10:24:16.975555+00:00
base_10,clear,motor,mAP50-95,0.09727,5345,200,False,2026-09-12T10:24:16.975555+00:00
base_10,clear,motor,mAP50,0.22548,5345,200,False,2026-09-12T10:24:16.975555+00:00
base_10,clear,motor,mAP75,0.0596,5345,200,False,2026-09-12T10:24:16.975555+00:00
base_10,clear,bike,mAP50-95,0.12887,5345,391,False,2026-09-12T10:24:16.975555+00:00
base_10,clear,bike,mAP50,0.29202,5345,391,False,2026-09-12T10:24:16.975555+00:00
base_10,clear,bike,mAP75,0.09398,5345,391,False,2026-09-12T10:24:16.975555+00:00
base_10,dawndusk,all,mAP50-95,0.27528,714,8512,True,2026-09-12T10:24:16.975555+00:00
base_10,dawndusk,all,mAP50,0.4556,714,8512,True,2026-09-12T10:24:16.975555+00:00
base_10,dawndusk,all,mAP75,0.26705,714,8512,True,2026-09-12T10:24:16.975555+00:00
base_10,dawndusk,car,mAP50-95,0.45171,714,7964,True,2026-09-12T10:24:16.975555+00:00
base_10,dawndusk,car,mAP50,0.74477,714,7964,True,2026-09-12T10:24:16.975555+00:00
base_10,dawndusk,car,mAP75,0.45277,714,7964,True,2026-09-12T10:24:16.975555+00:00
base_10,dawndusk,truck,mAP50-95,0.33659,714,340,False,2026-09-12T10:24:16.975555+00:00
base_10,dawndusk,truck,mAP50,0.4796,714,340,False,2026-09-12T10:24:16.975555+00:00
base_10,dawndusk,truck,mAP75,0.37032,714,340,False,2026-09-12T10:24:16.975555+00:00
base_10,dawndusk,bus,mAP50-95,0.37545,714,127,False,2026-09-12T10:24:16.975555+00:00
base_10,dawndusk,bus,mAP50,0.50251,714,127,False,2026-09-12T10:24:16.975555+00:00
base_10,dawndusk,bus,mAP75,0.42723,714,127,False,2026-09-12T10:24:16.975555+00:00
base_10,dawndusk,motor,mAP50-95,0.05392,714,22,False,2026-09-12T10:24:16.975555+00:00
base_10,dawndusk,motor,mAP50,0.16042,714,22,False,2026-09-12T10:24:16.975555+00:00
base_10,dawndusk,motor,mAP75,0.01296,714,22,False,2026-09-12T10:24:16.975555+00:00
base_10,dawndusk,bike,mAP50-95,0.15872,714,59,False,2026-09-12T10:24:16.975555+00:00
base_10,dawndusk,bike,mAP50,0.39071,714,59,False,2026-09-12T10:24:16.975555+00:00
base_10,dawndusk,bike,mAP75,0.072,714,59,False,2026-09-12T10:24:16.975555+00:00
base_10,day,all,mAP50-95,0.26629,4264,51930,True,2026-09-12T10:24:16.975555+00:00
base_10,day,all,mAP50,0.43482,4264,51930,True,2026-09-12T10:24:16.975555+00:00
base_10,day,all,mAP75,0.26425,4264,51930,True,2026-09-12T10:24:16.975555+00:00
base_10,day,car,mAP50-95,0.4582,4264,47715,True,2026-09-12T10:24:16.975555+00:00
base_10,day,car,mAP50,0.75151,4264,47715,True,2026-09-12T10:24:16.975555+00:00
base_10,day,car,mAP75,0.45712,4264,47715,True,2026-09-12T10:24:16.975555+00:00
base_10,day,truck,mAP50-95,0.32249,4264,2532,True,2026-09-12T10:24:16.975555+00:00
base_10,day,truck,mAP50,0.46019,4264,2532,True,2026-09-12T10:24:16.975555+00:00
base_10,day,truck,mAP75,0.35486,4264,2532,True,2026-09-12T10:24:16.975555+00:00
base_10,day,bus,mAP50-95,0.30868,4264,927,True,2026-09-12T10:24:16.975555+00:00
base_10,day,bus,mAP50,0.41883,4264,927,True,2026-09-12T10:24:16.975555+00:00
base_10,day,bus,mAP75,0.34252,4264,927,True,2026-09-12T10:24:16.975555+00:00
base_10,day,motor,mAP50-95,0.11973,4264,262,False,2026-09-12T10:24:16.975555+00:00
base_10,day,motor,mAP50,0.26279,4264,262,False,2026-09-12T10:24:16.975555+00:00
base_10,day,motor,mAP75,0.08133,4264,262,False,2026-09-12T10:24:16.975555+00:00
base_10,day,bike,mAP50-95,0.12233,4264,494,False,2026-09-12T10:24:16.975555+00:00
base_10,day,bike,mAP50,0.28078,4264,494,False,2026-09-12T10:24:16.975555+00:00
base_10,day,bike,mAP75,0.08543,4264,494,False,2026-09-12T10:24:16.975555+00:00
base_10,day_adverse,all,mAP50-95,0.26947,823,9252,True,2026-09-12T10:24:16.975555+00:00
base_10,day_adverse,all,mAP50,0.43846,823,9252,True,2026-09-12T10:24:16.975555+00:00
base_10,day_adverse,all,mAP75,0.28142,823,9252,True,2026-09-12T10:24:16.975555+00:00
base_10,day_adverse,car,mAP50-95,0.46128,823,8401,True,2026-09-12T10:24:16.975555+00:00
base_10,day_adverse,car,mAP50,0.75616,823,8401,True,2026-09-12T10:24:16.975555+00:00
base_10,day_adverse,car,mAP75,0.46072,823,8401,True,2026-09-12T10:24:16.975555+00:00
base_10,day_adverse,truck,mAP50-95,0.35622,823,540,False,2026-09-12T10:24:16.975555+00:00
base_10,day_adverse,truck,mAP50,0.51151,823,540,False,2026-09-12T10:24:16.975555+00:00
base_10,day_adverse,truck,mAP75,0.39679,823,540,False,2026-09-12T10:24:16.975555+00:00
base_10,day_adverse,bus,mAP50-95,0.26905,823,194,False,2026-09-12T10:24:16.975555+00:00
base_10,day_adverse,bus,mAP50,0.3837,823,194,False,2026-09-12T10:24:16.975555+00:00
base_10,day_adverse,bus,mAP75,0.2885,823,194,False,2026-09-12T10:24:16.975555+00:00
base_10,day_adverse,motor,mAP50-95,0.14582,823,23,False,2026-09-12T10:24:16.975555+00:00
base_10,day_adverse,motor,mAP50,0.27922,823,23,False,2026-09-12T10:24:16.975555+00:00
base_10,day_adverse,motor,mAP75,0.19095,823,23,False,2026-09-12T10:24:16.975555+00:00
base_10,day_adverse,bike,mAP50-95,0.115,823,94,False,2026-09-12T10:24:16.975555+00:00
base_10,day_adverse,bike,mAP50,0.26172,823,94,False,2026-09-12T10:24:16.975555+00:00
base_10,day_adverse,bike,mAP75,0.07014,823,94,False,2026-09-12T10:24:16.975555+00:00
base_10,day_clear,all,mAP50-95,0.26073,1764,21352,True,2026-09-12T10:24:16.975555+00:00
base_10,day_clear,all,mAP50,0.41837,1764,21352,True,2026-09-12T10:24:16.975555+00:00
base_10,day_clear,all,mAP75,0.26161,1764,21352,True,2026-09-12T10:24:16.975555+00:00
base_10,day_clear,car,mAP50-95,0.45262,1764,19633,True,2026-09-12T10:24:16.975555+00:00
base_10,day_clear,car,mAP50,0.74434,1764,19633,True,2026-09-12T10:24:16.975555+00:00
base_10,day_clear,car,mAP75,0.45003,1764,19633,True,2026-09-12T10:24:16.975555+00:00
base_10,day_clear,truck,mAP50-95,0.31131,1764,1021,True,2026-09-12T10:24:16.975555+00:00
base_10,day_clear,truck,mAP50,0.43666,1764,1021,True,2026-09-12T10:24:16.975555+00:00
base_10,day_clear,truck,mAP75,0.34641,1764,1021,True,2026-09-12T10:24:16.975555+00:00
base_10,day_clear,bus,mAP50-95,0.32237,1764,380,False,2026-09-12T10:24:16.975555+00:00
base_10,day_clear,bus,mAP50,0.42666,1764,380,False,2026-09-12T10:24:16.975555+00:00
base_10,day_clear,bus,mAP75,0.36196,1764,380,False,2026-09-12T10:24:16.975555+00:00
base_10,day_clear,motor,mAP50-95,0.1176,1764,111,False,2026-09-12T10:24:16.975555+00:00
base_10,day_clear,motor,mAP50,0.26656,1764,111,False,2026-09-12T10:24:16.975555+00:00
base_10,day_clear,motor,mAP75,0.06628,1764,111,False,2026-09-12T10:24:16.975555+00:00
base_10,day_clear,bike,mAP50-95,0.09976,1764,207,False,2026-09-12T10:24:16.975555+00:00
base_10,day_clear,bike,mAP50,0.21761,1764,207,False,2026-09-12T10:24:16.975555+00:00
base_10,day_clear,bike,mAP75,0.08336,1764,207,False,2026-09-12T10:24:16.975555+00:00
base_10,day_rainy,all,mAP50-95,0.28408,396,4356,True,2026-09-12T10:24:16.975555+00:00
base_10,day_rainy,all,mAP50,0.46563,396,4356,True,2026-09-12T10:24:16.975555+00:00
base_10,day_rainy,all,mAP75,0.29622,396,4356,True,2026-09-12T10:24:16.975555+00:00
base_10,day_rainy,car,mAP50-95,0.46986,396,3930,True,2026-09-12T10:24:16.975555+00:00
base_10,day_rainy,car,mAP50,0.76643,396,3930,True,2026-09-12T10:24:16.975555+00:00
base_10,day_rainy,car,mAP75,0.46992,396,3930,True,2026-09-12T10:24:16.975555+00:00
base_10,day_rainy,truck,mAP50-95,0.36212,396,272,False,2026-09-12T10:24:16.975555+00:00
base_10,day_rainy,truck,mAP50,0.52497,396,272,False,2026-09-12T10:24:16.975555+00:00
base_10,day_rainy,truck,mAP75,0.39373,396,272,False,2026-09-12T10:24:16.975555+00:00
base_10,day_rainy,bus,mAP50-95,0.26962,396,97,False,2026-09-12T10:24:16.975555+00:00
base_10,day_rainy,bus,mAP50,0.39344,396,97,False,2026-09-12T10:24:16.975555+00:00
base_10,day_rainy,bus,mAP75,0.29987,396,97,False,2026-09-12T10:24:16.975555+00:00
base_10,day_rainy,motor,mAP50-95,0.18159,396,16,False,2026-09-12T10:24:16.975555+00:00
base_10,day_rainy,motor,mAP50,0.34006,396,16,False,2026-09-12T10:24:16.975555+00:00
base_10,day_rainy,motor,mAP75,0.2161,396,16,False,2026-09-12T10:24:16.975555+00:00
base_10,day_rainy,bike,mAP50-95,0.1372,396,41,False,2026-09-12T10:24:16.975555+00:00
base_10,day_rainy,bike,mAP50,0.30327,396,41,False,2026-09-12T10:24:16.975555+00:00
base_10,day_rainy,bike,mAP75,0.10149,396,41,False,2026-09-12T10:24:16.975555+00:00
base_10,day_snowy,all,mAP50-95,0.25518,422,4842,True,2026-09-12T10:24:16.975555+00:00
base_10,day_snowy,all,mAP50,0.40922,422,4842,True,2026-09-12T10:24:16.975555+00:00
base_10,day_snowy,all,mAP75,0.26759,422,4842,True,2026-09-12T10:24:16.975555+00:00
base_10,day_snowy,car,mAP50-95,0.4547,422,4421,True,2026-09-12T10:24:16.975555+00:00
base_10,day_snowy,car,mAP50,0.7471,422,4421,True,2026-09-12T10:24:16.975555+00:00
base_10,day_snowy,car,mAP75,0.45374,422,4421,True,2026-09-12T10:24:16.975555+00:00
base_10,day_snowy,truck,mAP50-95,0.35774,422,264,False,2026-09-12T10:24:16.975555+00:00
base_10,day_snowy,truck,mAP50,0.50703,422,264,False,2026-09-12T10:24:16.975555+00:00
base_10,day_snowy,truck,mAP75,0.40821,422,264,False,2026-09-12T10:24:16.975555+00:00
base_10,day_snowy,bus,mAP50-95,0.27206,422,97,False,2026-09-12T10:24:16.975555+00:00
base_10,day_snowy,bus,mAP50,0.37968,422,97,False,2026-09-12T10:24:16.975555+00:00
base_10,day_snowy,bus,mAP75,0.28017,422,97,False,2026-09-12T10:24:16.975555+00:00
base_10,day_snowy,motor,mAP50-95,0.09521,422,7,False,2026-09-12T10:24:16.975555+00:00
base_10,day_snowy,motor,mAP50,0.18647,422,7,False,2026-09-12T10:24:16.975555+00:00
base_10,day_snowy,motor,mAP75,0.14851,422,7,False,2026-09-12T10:24:16.975555+00:00
base_10,day_snowy,bike,mAP50-95,0.09619,422,53,False,2026-09-12T10:24:16.975555+00:00
base_10,day_snowy,bike,mAP50,0.22581,422,53,False,2026-09-12T10:24:16.975555+00:00
base_10,day_snowy,bike,mAP75,0.0473,422,53,False,2026-09-12T10:24:16.975555+00:00
base_10,foggy,all,mAP50-95,0.25106,13,144,False,2026-09-12T10:24:16.975555+00:00
base_10,foggy,all,mAP50,0.63957,13,144,False,2026-09-12T10:24:16.975555+00:00
base_10,foggy,all,mAP75,0.19998,13,144,False,2026-09-12T10:24:16.975555+00:00
base_10,foggy,car,mAP50-95,0.40652,13,138,False,2026-09-12T10:24:16.975555+00:00
base_10,foggy,car,mAP50,0.6998,13,138,False,2026-09-12T10:24:16.975555+00:00
base_10,foggy,car,mAP75,0.39203,13,138,False,2026-09-12T10:24:16.975555+00:00
base_10,foggy,truck,mAP50-95,0.14664,13,5,False,2026-09-12T10:24:16.975555+00:00
base_10,foggy,truck,mAP50,0.21892,13,5,False,2026-09-12T10:24:16.975555+00:00
base_10,foggy,truck,mAP75,0.20792,13,5,False,2026-09-12T10:24:16.975555+00:00
base_10,foggy,bus,mAP50-95,,13,0,False,2026-09-12T10:24:16.975555+00:00
base_10,foggy,bus,mAP50,,13,0,False,2026-09-12T10:24:16.975555+00:00
base_10,foggy,bus,mAP75,,13,0,False,2026-09-12T10:24:16.975555+00:00
base_10,foggy,motor,mAP50-95,0.2,13,1,False,2026-09-12T10:24:16.975555+00:00
base_10,foggy,motor,mAP50,1.0,13,1,False,2026-09-12T10:24:16.975555+00:00
base_10,foggy,motor,mAP75,0.0,13,1,False,2026-09-12T10:24:16.975555+00:00
base_10,foggy,bike,mAP50-95,,13,0,False,2026-09-12T10:24:16.975555+00:00
base_10,foggy,bike,mAP50,,13,0,False,2026-09-12T10:24:16.975555+00:00
base_10,foggy,bike,mAP75,,13,0,False,2026-09-12T10:24:16.975555+00:00
base_10,night,all,mAP50-95,0.26509,3863,36751,True,2026-09-12T10:24:16.975555+00:00
base_10,night,all,mAP50,0.44231,3863,36751,True,2026-09-12T10:24:16.975555+00:00
base_10,night,all,mAP75,0.26611,3863,36751,True,2026-09-12T10:24:16.975555+00:00
base_10,night,car,mAP50-95,0.39915,3863,35439,True,2026-09-12T10:24:16.975555+00:00
base_10,night,car,mAP50,0.72604,3863,35439,True,2026-09-12T10:24:16.975555+00:00
base_10,night,car,mAP75,0.37422,3863,35439,True,2026-09-12T10:24:16.975555+00:00
base_10,night,truck,mAP50-95,0.32328,3863,736,False,2026-09-12T10:24:16.975555+00:00
base_10,night,truck,mAP50,0.4676,3863,736,False,2026-09-12T10:24:16.975555+00:00
base_10,night,truck,mAP75,0.36252,3863,736,False,2026-09-12T10:24:16.975555+00:00
base_10,night,bus,mAP50-95,0.36504,3863,297,False,2026-09-12T10:24:16.975555+00:00
base_10,night,bus,mAP50,0.47924,3863,297,False,2026-09-12T10:24:16.975555+00:00
base_10,night,bus,mAP75,0.42261,3863,297,False,2026-09-12T10:24:16.975555+00:00
base_10,night,motor,mAP50-95,0.09215,3863,93,False,2026-09-12T10:24:16.975555+00:00
base_10,night,motor,mAP50,0.20453,3863,93,False,2026-09-12T10:24:16.975555+00:00
base_10,night,motor,mAP75,0.07785,3863,93,False,2026-09-12T10:24:16.975555+00:00
base_10,night,bike,mAP50-95,0.14584,3863,186,False,2026-09-12T10:24:16.975555+00:00
base_10,night,bike,mAP50,0.33416,3863,186,False,2026-09-12T10:24:16.975555+00:00
base_10,night,bike,mAP75,0.09336,3863,186,False,2026-09-12T10:24:16.975555+00:00
base_10,night_adverse,all,mAP50-95,0.28131,566,4986,True,2026-09-12T10:24:16.975555+00:00
base_10,night_adverse,all,mAP50,0.44619,566,4986,True,2026-09-12T10:24:16.975555+00:00
base_10,night_adverse,all,mAP75,0.28038,566,4986,True,2026-09-12T10:24:16.975555+00:00
base_10,night_adverse,car,mAP50-95,0.409,566,4743,True,2026-09-12T10:24:16.975555+00:00
base_10,night_adverse,car,mAP50,0.72449,566,4743,True,2026-09-12T10:24:16.975555+00:00
base_10,night_adverse,car,mAP75,0.39474,566,4743,True,2026-09-12T10:24:16.975555+00:00
base_10,night_adverse,truck,mAP50-95,0.29405,566,156,False,2026-09-12T10:24:16.975555+00:00
base_10,night_adverse,truck,mAP50,0.43955,566,156,False,2026-09-12T10:24:16.975555+00:00
base_10,night_adverse,truck,mAP75,0.325,566,156,False,2026-09-12T10:24:16.975555+00:00
base_10,night_adverse,bus,mAP50-95,0.44626,566,41,False,2026-09-12T10:24:16.975555+00:00
base_10,night_adverse,bus,mAP50,0.56752,566,41,False,2026-09-12T10:24:16.975555+00:00
base_10,night_adverse,bus,mAP75,0.51711,566,41,False,2026-09-12T10:24:16.975555+00:00
base_10,night_adverse,motor,mAP50-95,0.163,566,12,False,2026-09-12T10:24:16.975555+00:00
base_10,night_adverse,motor,mAP50,0.28659,566,12,False,2026-09-12T10:24:16.975555+00:00
base_10,night_adverse,motor,mAP75,0.11386,566,12,False,2026-09-12T10:24:16.975555+00:00
base_10,night_adverse,bike,mAP50-95,0.09424,566,34,False,2026-09-12T10:24:16.975555+00:00
base_10,night_adverse,bike,mAP50,0.21279,566,34,False,2026-09-12T10:24:16.975555+00:00
base_10,night_adverse,bike,mAP75,0.05118,566,34,False,2026-09-12T10:24:16.975555+00:00
base_10,night_clear,all,mAP50-95,0.26303,3274,31550,True,2026-09-12T10:24:16.975555+00:00
base_10,night_clear,all,mAP50,0.44421,3274,31550,True,2026-09-12T10:24:16.975555+00:00
base_10,night_clear,all,mAP75,0.26338,3274,31550,True,2026-09-12T10:24:16.975555+00:00
base_10,night_clear,car,mAP50-95,0.3972,3274,30489,True,2026-09-12T10:24:16.975555+00:00
base_10,night_clear,car,mAP50,0.72619,3274,30489,True,2026-09-12T10:24:16.975555+00:00
base_10,night_clear,car,mAP75,0.3701,3274,30489,True,2026-09-12T10:24:16.975555+00:00
base_10,night_clear,truck,mAP50-95,0.33023,3274,577,False,2026-09-12T10:24:16.975555+00:00
base_10,night_clear,truck,mAP50,0.47468,3274,577,False,2026-09-12T10:24:16.975555+00:00
base_10,night_clear,truck,mAP75,0.37044,3274,577,False,2026-09-12T10:24:16.975555+00:00
base_10,night_clear,bus,mAP50-95,0.34541,3274,251,False,2026-09-12T10:24:16.975555+00:00
base_10,night_clear,bus,mAP50,0.4578,3274,251,False,2026-09-12T10:24:16.975555+00:00
base_10,night_clear,bus,mAP75,0.39992,3274,251,False,2026-09-12T10:24:16.975555+00:00
base_10,night_clear,motor,mAP50-95,0.0841,3274,81,False,2026-09-12T10:24:16.975555+00:00
base_10,night_clear,motor,mAP50,0.19526,3274,81,False,2026-09-12T10:24:16.975555+00:00
base_10,night_clear,motor,mAP75,0.0756,3274,81,False,2026-09-12T10:24:16.975555+00:00
base_10,night_clear,bike,mAP50-95,0.15818,3274,152,False,2026-09-12T10:24:16.975555+00:00
base_10,night_clear,bike,mAP50,0.36715,3274,152,False,2026-09-12T10:24:16.975555+00:00
base_10,night_clear,bike,mAP75,0.10086,3274,152,False,2026-09-12T10:24:16.975555+00:00
base_10,night_rainy,all,mAP50-95,0.33098,286,2535,True,2026-09-12T10:24:16.975555+00:00
base_10,night_rainy,all,mAP50,0.50773,286,2535,True,2026-09-12T10:24:16.975555+00:00
base_10,night_rainy,all,mAP75,0.34242,286,2535,True,2026-09-12T10:24:16.975555+00:00
base_10,night_rainy,car,mAP50-95,0.40383,286,2416,True,2026-09-12T10:24:16.975555+00:00
base_10,night_rainy,car,mAP50,0.707,286,2416,True,2026-09-12T10:24:16.975555+00:00
base_10,night_rainy,car,mAP75,0.39625,286,2416,True,2026-09-12T10:24:16.975555+00:00
base_10,night_rainy,truck,mAP50-95,0.34539,286,72,False,2026-09-12T10:24:16.975555+00:00
base_10,night_rainy,truck,mAP50,0.50871,286,72,False,2026-09-12T10:24:16.975555+00:00
base_10,night_rainy,truck,mAP75,0.3934,286,72,False,2026-09-12T10:24:16.975555+00:00
base_10,night_rainy,bus,mAP50-95,0.54781,286,22,False,2026-09-12T10:24:16.975555+00:00
base_10,night_rainy,bus,mAP50,0.69651,286,22,False,2026-09-12T10:24:16.975555+00:00
base_10,night_rainy,bus,mAP75,0.59621,286,22,False,2026-09-12T10:24:16.975555+00:00
base_10,night_rainy,motor,mAP50-95,0.18323,286,10,False,2026-09-12T10:24:16.975555+00:00
base_10,night_rainy,motor,mAP50,0.31962,286,10,False,2026-09-12T10:24:16.975555+00:00
base_10,night_rainy,motor,mAP75,0.14109,286,10,False,2026-09-12T10:24:16.975555+00:00
base_10,night_rainy,bike,mAP50-95,0.17462,286,15,False,2026-09-12T10:24:16.975555+00:00
base_10,night_rainy,bike,mAP50,0.30682,286,15,False,2026-09-12T10:24:16.975555+00:00
base_10,night_rainy,bike,mAP75,0.18515,286,15,False,2026-09-12T10:24:16.975555+00:00
base_10,night_snowy,all,mAP50-95,0.23177,273,2374,True,2026-09-12T10:24:16.975555+00:00
base_10,night_snowy,all,mAP50,0.37623,273,2374,True,2026-09-12T10:24:16.975555+00:00
base_10,night_snowy,all,mAP75,0.22287,273,2374,True,2026-09-12T10:24:16.975555+00:00
base_10,night_snowy,car,mAP50-95,0.41701,273,2251,True,2026-09-12T10:24:16.975555+00:00
base_10,night_snowy,car,mAP50,0.74866,273,2251,True,2026-09-12T10:24:16.975555+00:00
base_10,night_snowy,car,mAP75,0.39491,273,2251,True,2026-09-12T10:24:16.975555+00:00
base_10,night_snowy,truck,mAP50-95,0.25638,273,83,False,2026-09-12T10:24:16.975555+00:00
base_10,night_snowy,truck,mAP50,0.38521,273,83,False,2026-09-12T10:24:16.975555+00:00
base_10,night_snowy,truck,mAP75,0.27169,273,83,False,2026-09-12T10:24:16.975555+00:00
base_10,night_snowy,bus,mAP50-95,0.35058,273,19,False,2026-09-12T10:24:16.975555+00:00
base_10,night_snowy,bus,mAP50,0.44316,273,19,False,2026-09-12T10:24:16.975555+00:00
base_10,night_snowy,bus,mAP75,0.44012,273,19,False,2026-09-12T10:24:16.975555+00:00
base_10,night_snowy,motor,mAP50-95,0.08416,273,2,False,2026-09-12T10:24:16.975555+00:00
base_10,night_snowy,motor,mAP50,0.16832,273,2,False,2026-09-12T10:24:16.975555+00:00
base_10,night_snowy,motor,mAP75,0.0,273,2,False,2026-09-12T10:24:16.975555+00:00
base_10,night_snowy,bike,mAP50-95,0.05074,273,19,False,2026-09-12T10:24:16.975555+00:00
base_10,night_snowy,bike,mAP50,0.13578,273,19,False,2026-09-12T10:24:16.975555+00:00
base_10,night_snowy,bike,mAP75,0.0076,273,19,False,2026-09-12T10:24:16.975555+00:00
base_10,overcast,all,mAP50-95,0.27553,1239,15505,True,2026-09-12T10:24:16.975555+00:00
base_10,overcast,all,mAP50,0.46263,1239,15505,True,2026-09-12T10:24:16.975555+00:00
base_10,overcast,all,mAP75,0.2634,1239,15505,True,2026-09-12T10:24:16.975555+00:00
base_10,overcast,car,mAP50-95,0.46874,1239,14370,True,2026-09-12T10:24:16.975555+00:00
base_10,overcast,car,mAP50,0.76513,1239,14370,True,2026-09-12T10:24:16.975555+00:00
base_10,overcast,car,mAP75,0.46899,1239,14370,True,2026-09-12T10:24:16.975555+00:00
base_10,overcast,truck,mAP50-95,0.33418,1239,660,False,2026-09-12T10:24:16.975555+00:00
base_10,overcast,truck,mAP50,0.48286,1239,660,False,2026-09-12T10:24:16.975555+00:00
base_10,overcast,truck,mAP75,0.36025,1239,660,False,2026-09-12T10:24:16.975555+00:00
base_10,overcast,bus,mAP50-95,0.31721,1239,262,False,2026-09-12T10:24:16.975555+00:00
base_10,overcast,bus,mAP50,0.42887,1239,262,False,2026-09-12T10:24:16.975555+00:00
base_10,overcast,bus,mAP75,0.35258,1239,262,False,2026-09-12T10:24:16.975555+00:00
base_10,overcast,motor,mAP50-95,0.0963,1239,72,False,2026-09-12T10:24:16.975555+00:00
base_10,overcast,motor,mAP50,0.241,1239,72,False,2026-09-12T10:24:16.975555+00:00
base_10,overcast,motor,mAP75,0.04837,1239,72,False,2026-09-12T10:24:16.975555+00:00
base_10,overcast,bike,mAP50-95,0.16121,1239,141,False,2026-09-12T10:24:16.975555+00:00
base_10,overcast,bike,mAP50,0.39532,1239,141,False,2026-09-12T10:24:16.975555+00:00
base_10,overcast,bike,mAP75,0.08682,1239,141,False,2026-09-12T10:24:16.975555+00:00
base_10,partlycloudy,all,mAP50-95,0.28633,738,9256,True,2026-09-12T10:24:16.975555+00:00
base_10,partlycloudy,all,mAP50,0.45574,738,9256,True,2026-09-12T10:24:16.975555+00:00
base_10,partlycloudy,all,mAP75,0.2924,738,9256,True,2026-09-12T10:24:16.975555+00:00
base_10,partlycloudy,car,mAP50-95,0.45232,738,8526,True,2026-09-12T10:24:16.975555+00:00
base_10,partlycloudy,car,mAP50,0.73991,738,8526,True,2026-09-12T10:24:16.975555+00:00
base_10,partlycloudy,car,mAP75,0.455,738,8526,True,2026-09-12T10:24:16.975555+00:00
base_10,partlycloudy,truck,mAP50-95,0.3274,738,454,False,2026-09-12T10:24:16.975555+00:00
base_10,partlycloudy,truck,mAP50,0.4616,738,454,False,2026-09-12T10:24:16.975555+00:00
base_10,partlycloudy,truck,mAP75,0.35125,738,454,False,2026-09-12T10:24:16.975555+00:00
base_10,partlycloudy,bus,mAP50-95,0.34956,738,142,False,2026-09-12T10:24:16.975555+00:00
base_10,partlycloudy,bus,mAP50,0.46468,738,142,False,2026-09-12T10:24:16.975555+00:00
base_10,partlycloudy,bus,mAP75,0.39972,738,142,False,2026-09-12T10:24:16.975555+00:00
base_10,partlycloudy,motor,mAP50-95,0.16145,738,65,False,2026-09-12T10:24:16.975555+00:00
base_10,partlycloudy,motor,mAP50,0.30338,738,65,False,2026-09-12T10:24:16.975555+00:00
base_10,partlycloudy,motor,mAP75,0.14175,738,65,False,2026-09-12T10:24:16.975555+00:00
base_10,partlycloudy,bike,mAP50-95,0.14093,738,69,False,2026-09-12T10:24:16.975555+00:00
base_10,partlycloudy,bike,mAP50,0.30911,738,69,False,2026-09-12T10:24:16.975555+00:00
base_10,partlycloudy,bike,mAP75,0.11429,738,69,False,2026-09-12T10:24:16.975555+00:00
base_10,rainy,all,mAP50-95,0.28692,737,7541,True,2026-09-12T10:24:16.975555+00:00
base_10,rainy,all,mAP50,0.4648,737,7541,True,2026-09-12T10:24:16.975555+00:00
base_10,rainy,all,mAP75,0.29246,737,7541,True,2026-09-12T10:24:16.975555+00:00
base_10,rainy,car,mAP50-95,0.44483,737,6944,True,2026-09-12T10:24:16.975555+00:00
base_10,rainy,car,mAP50,0.74263,737,6944,True,2026-09-12T10:24:16.975555+00:00
base_10,rainy,car,mAP75,0.44217,737,6944,True,2026-09-12T10:24:16.975555+00:00
base_10,rainy,truck,mAP50-95,0.35901,737,378,False,2026-09-12T10:24:16.975555+00:00
base_10,rainy,truck,mAP50,0.52662,737,378,False,2026-09-12T10:24:16.975555+00:00
base_10,rainy,truck,mAP75,0.38795,737,378,False,2026-09-12T10:24:16.975555+00:00
base_10,rainy,bus,mAP50-95,0.32856,737,132,False,2026-09-12T10:24:16.975555+00:00
base_10,rainy,bus,mAP50,0.45524,737,132,False,2026-09-12T10:24:16.975555+00:00
base_10,rainy,bus,mAP75,0.36378,737,132,False,2026-09-12T10:24:16.975555+00:00
base_10,rainy,motor,mAP50-95,0.15248,737,30,False,2026-09-12T10:24:16.975555+00:00
base_10,rainy,motor,mAP50,0.28404,737,30,False,2026-09-12T10:24:16.975555+00:00
base_10,rainy,motor,mAP75,0.14472,737,30,False,2026-09-12T10:24:16.975555+00:00
base_10,rainy,bike,mAP50-95,0.14974,737,57,False,2026-09-12T10:24:16.975555+00:00
base_10,rainy,bike,mAP50,0.31548,737,57,False,2026-09-12T10:24:16.975555+00:00
base_10,rainy,bike,mAP75,0.12369,737,57,False,2026-09-12T10:24:16.975555+00:00
base_10,snowy,all,mAP50-95,0.23979,769,8080,True,2026-09-12T10:24:16.975555+00:00
base_10,snowy,all,mAP50,0.38859,769,8080,True,2026-09-12T10:24:16.975555+00:00
base_10,snowy,all,mAP75,0.24768,769,8080,True,2026-09-12T10:24:16.975555+00:00
base_10,snowy,car,mAP50-95,0.4423,769,7486,True,2026-09-12T10:24:16.975555+00:00
base_10,snowy,car,mAP50,0.74501,769,7486,True,2026-09-12T10:24:16.975555+00:00
base_10,snowy,car,mAP75,0.43605,769,7486,True,2026-09-12T10:24:16.975555+00:00
base_10,snowy,truck,mAP50-95,0.32772,769,371,False,2026-09-12T10:24:16.975555+00:00
base_10,snowy,truck,mAP50,0.46937,769,371,False,2026-09-12T10:24:16.975555+00:00
base_10,snowy,truck,mAP75,0.37323,769,371,False,2026-09-12T10:24:16.975555+00:00
base_10,snowy,bus,mAP50-95,0.26547,769,133,False,2026-09-12T10:24:16.975555+00:00
base_10,snowy,bus,mAP50,0.36575,769,133,False,2026-09-12T10:24:16.975555+00:00
base_10,snowy,bus,mAP75,0.28527,769,133,False,2026-09-12T10:24:16.975555+00:00
base_10,snowy,motor,mAP50-95,0.083,769,9,False,2026-09-12T10:24:16.975555+00:00
base_10,snowy,motor,mAP50,0.16334,769,9,False,2026-09-12T10:24:16.975555+00:00
base_10,snowy,motor,mAP75,0.11881,769,9,False,2026-09-12T10:24:16.975555+00:00
base_10,snowy,bike,mAP50-95,0.08044,769,81,False,2026-09-12T10:24:16.975555+00:00
base_10,snowy,bike,mAP50,0.19945,769,81,False,2026-09-12T10:24:16.975555+00:00
base_10,snowy,bike,mAP75,0.02505,769,81,False,2026-09-12T10:24:16.975555+00:00
t1_10_best,overall,all,mAP50-95,0.24316,8841,97193,True,2026-09-12T10:24:16.975555+00:00
t1_10_best,overall,all,mAP50,0.40326,8841,97193,True,2026-09-12T10:24:16.975555+00:00
t1_10_best,overall,all,mAP75,0.23871,8841,97193,True,2026-09-12T10:24:16.975555+00:00
t1_10_best,overall,car,mAP50-95,0.42846,8841,91118,True,2026-09-12T10:24:16.975555+00:00
t1_10_best,overall,car,mAP50,0.73299,8841,91118,True,2026-09-12T10:24:16.975555+00:00
t1_10_best,overall,car,mAP75,0.41844,8841,91118,True,2026-09-12T10:24:16.975555+00:00
t1_10_best,overall,truck,mAP50-95,0.29583,8841,3608,True,2026-09-12T10:24:16.975555+00:00
t1_10_best,overall,truck,mAP50,0.42422,8841,3608,True,2026-09-12T10:24:16.975555+00:00
t1_10_best,overall,truck,mAP75,0.32397,8841,3608,True,2026-09-12T10:24:16.975555+00:00
t1_10_best,overall,bus,mAP50-95,0.29743,8841,1351,True,2026-09-12T10:24:16.975555+00:00
t1_10_best,overall,bus,mAP50,0.40467,8841,1351,True,2026-09-12T10:24:16.975555+00:00
t1_10_best,overall,bus,mAP75,0.32642,8841,1351,True,2026-09-12T10:24:16.975555+00:00
t1_10_best,overall,motor,mAP50-95,0.09713,8841,377,False,2026-09-12T10:24:16.975555+00:00
t1_10_best,overall,motor,mAP50,0.21742,8841,377,False,2026-09-12T10:24:16.975555+00:00
t1_10_best,overall,motor,mAP75,0.06286,8841,377,False,2026-09-12T10:24:16.975555+00:00
t1_10_best,overall,bike,mAP50-95,0.09695,8841,739,False,2026-09-12T10:24:16.975555+00:00
t1_10_best,overall,bike,mAP50,0.23701,8841,739,False,2026-09-12T10:24:16.975555+00:00
t1_10_best,overall,bike,mAP75,0.06188,8841,739,False,2026-09-12T10:24:16.975555+00:00
t1_10_best,adverse,all,mAP50-95,0.22976,1519,15765,True,2026-09-12T10:24:16.975555+00:00
t1_10_best,adverse,all,mAP50,0.38157,1519,15765,True,2026-09-12T10:24:16.975555+00:00
t1_10_best,adverse,all,mAP75,0.22015,1519,15765,True,2026-09-12T10:24:16.975555+00:00
t1_10_best,adverse,car,mAP50-95,0.43448,1519,14568,True,2026-09-12T10:24:16.975555+00:00
t1_10_best,adverse,car,mAP50,0.73197,1519,14568,True,2026-09-12T10:24:16.975555+00:00
t1_10_best,adverse,car,mAP75,0.43102,1519,14568,True,2026-09-12T10:24:16.975555+00:00
t1_10_best,adverse,truck,mAP50-95,0.29632,1519,754,False,2026-09-12T10:24:16.975555+00:00
t1_10_best,adverse,truck,mAP50,0.42677,1519,754,False,2026-09-12T10:24:16.975555+00:00
t1_10_best,adverse,truck,mAP75,0.33046,1519,754,False,2026-09-12T10:24:16.975555+00:00
t1_10_best,adverse,bus,mAP50-95,0.25057,1519,265,False,2026-09-12T10:24:16.975555+00:00
t1_10_best,adverse,bus,mAP50,0.35235,1519,265,False,2026-09-12T10:24:16.975555+00:00
t1_10_best,adverse,bus,mAP75,0.26324,1519,265,False,2026-09-12T10:24:16.975555+00:00
t1_10_best,adverse,motor,mAP50-95,0.08035,1519,40,False,2026-09-12T10:24:16.975555+00:00
t1_10_best,adverse,motor,mAP50,0.19387,1519,40,False,2026-09-12T10:24:16.975555+00:00
t1_10_best,adverse,motor,mAP75,0.02684,1519,40,False,2026-09-12T10:24:16.975555+00:00
t1_10_best,adverse,bike,mAP50-95,0.08705,1519,138,False,2026-09-12T10:24:16.975555+00:00
t1_10_best,adverse,bike,mAP50,0.20287,1519,138,False,2026-09-12T10:24:16.975555+00:00
t1_10_best,adverse,bike,mAP75,0.0492,1519,138,False,2026-09-12T10:24:16.975555+00:00
t1_10_best,benign,all,mAP50-95,0.24738,7322,81428,True,2026-09-12T10:24:16.975555+00:00
t1_10_best,benign,all,mAP50,0.40966,7322,81428,True,2026-09-12T10:24:16.975555+00:00
t1_10_best,benign,all,mAP75,0.24445,7322,81428,True,2026-09-12T10:24:16.975555+00:00
t1_10_best,benign,car,mAP50-95,0.42748,7322,76550,True,2026-09-12T10:24:16.975555+00:00
t1_10_best,benign,car,mAP50,0.73346,7322,76550,True,2026-09-12T10:24:16.975555+00:00
t1_10_best,benign,car,mAP75,0.41569,7322,76550,True,2026-09-12T10:24:16.975555+00:00
t1_10_best,benign,truck,mAP50-95,0.29616,7322,2854,True,2026-09-12T10:24:16.975555+00:00
t1_10_best,benign,truck,mAP50,0.42461,7322,2854,True,2026-09-12T10:24:16.975555+00:00
t1_10_best,benign,truck,mAP75,0.32254,7322,2854,True,2026-09-12T10:24:16.975555+00:00
t1_10_best,benign,bus,mAP50-95,0.31062,7322,1086,True,2026-09-12T10:24:16.975555+00:00
t1_10_best,benign,bus,mAP50,0.41946,7322,1086,True,2026-09-12T10:24:16.975555+00:00
t1_10_best,benign,bus,mAP75,0.34381,7322,1086,True,2026-09-12T10:24:16.975555+00:00
t1_10_best,benign,motor,mAP50-95,0.10224,7322,337,False,2026-09-12T10:24:16.975555+00:00
t1_10_best,benign,motor,mAP50,0.22394,7322,337,False,2026-09-12T10:24:16.975555+00:00
t1_10_best,benign,motor,mAP75,0.07339,7322,337,False,2026-09-12T10:24:16.975555+00:00
t1_10_best,benign,bike,mAP50-95,0.10042,7322,601,False,2026-09-12T10:24:16.975555+00:00
t1_10_best,benign,bike,mAP50,0.24684,7322,601,False,2026-09-12T10:24:16.975555+00:00
t1_10_best,benign,bike,mAP75,0.06681,7322,601,False,2026-09-12T10:24:16.975555+00:00
t1_10_best,clear,all,mAP50-95,0.24643,5345,56667,True,2026-09-12T10:24:16.975555+00:00
t1_10_best,clear,all,mAP50,0.40788,5345,56667,True,2026-09-12T10:24:16.975555+00:00
t1_10_best,clear,all,mAP75,0.24792,5345,56667,True,2026-09-12T10:24:16.975555+00:00
t1_10_best,clear,car,mAP50-95,0.41584,5345,53654,True,2026-09-12T10:24:16.975555+00:00
t1_10_best,clear,car,mAP50,0.72679,5345,53654,True,2026-09-12T10:24:16.975555+00:00
t1_10_best,clear,car,mAP75,0.39924,5345,53654,True,2026-09-12T10:24:16.975555+00:00
t1_10_best,clear,truck,mAP50-95,0.29039,5345,1740,True,2026-09-12T10:24:16.975555+00:00
t1_10_best,clear,truck,mAP50,0.4095,5345,1740,True,2026-09-12T10:24:16.975555+00:00
t1_10_best,clear,truck,mAP75,0.32503,5345,1740,True,2026-09-12T10:24:16.975555+00:00
t1_10_best,clear,bus,mAP50-95,0.3229,5345,682,False,2026-09-12T10:24:16.975555+00:00
t1_10_best,clear,bus,mAP50,0.43751,5345,682,False,2026-09-12T10:24:16.975555+00:00
t1_10_best,clear,bus,mAP75,0.36279,5345,682,False,2026-09-12T10:24:16.975555+00:00
t1_10_best,clear,motor,mAP50-95,0.11114,5345,200,False,2026-09-12T10:24:16.975555+00:00
t1_10_best,clear,motor,mAP50,0.23814,5345,200,False,2026-09-12T10:24:16.975555+00:00
t1_10_best,clear,motor,mAP75,0.08301,5345,200,False,2026-09-12T10:24:16.975555+00:00
t1_10_best,clear,bike,mAP50-95,0.0919,5345,391,False,2026-09-12T10:24:16.975555+00:00
t1_10_best,clear,bike,mAP50,0.22744,5345,391,False,2026-09-12T10:24:16.975555+00:00
t1_10_best,clear,bike,mAP75,0.06953,5345,391,False,2026-09-12T10:24:16.975555+00:00
t1_10_best,dawndusk,all,mAP50-95,0.24601,714,8512,True,2026-09-12T10:24:16.975555+00:00
t1_10_best,dawndusk,all,mAP50,0.40389,714,8512,True,2026-09-12T10:24:16.975555+00:00
t1_10_best,dawndusk,all,mAP75,0.24571,714,8512,True,2026-09-12T10:24:16.975555+00:00
t1_10_best,dawndusk,car,mAP50-95,0.44292,714,7964,True,2026-09-12T10:24:16.975555+00:00
t1_10_best,dawndusk,car,mAP50,0.73198,714,7964,True,2026-09-12T10:24:16.975555+00:00
t1_10_best,dawndusk,car,mAP75,0.44625,714,7964,True,2026-09-12T10:24:16.975555+00:00
t1_10_best,dawndusk,truck,mAP50-95,0.29901,714,340,False,2026-09-12T10:24:16.975555+00:00
t1_10_best,dawndusk,truck,mAP50,0.42127,714,340,False,2026-09-12T10:24:16.975555+00:00
t1_10_best,dawndusk,truck,mAP75,0.33825,714,340,False,2026-09-12T10:24:16.975555+00:00
t1_10_best,dawndusk,bus,mAP50-95,0.31769,714,127,False,2026-09-12T10:24:16.975555+00:00
t1_10_best,dawndusk,bus,mAP50,0.4255,714,127,False,2026-09-12T10:24:16.975555+00:00
t1_10_best,dawndusk,bus,mAP75,0.35831,714,127,False,2026-09-12T10:24:16.975555+00:00
t1_10_best,dawndusk,motor,mAP50-95,0.04965,714,22,False,2026-09-12T10:24:16.975555+00:00
t1_10_best,dawndusk,motor,mAP50,0.14552,714,22,False,2026-09-12T10:24:16.975555+00:00
t1_10_best,dawndusk,motor,mAP75,0.0165,714,22,False,2026-09-12T10:24:16.975555+00:00
t1_10_best,dawndusk,bike,mAP50-95,0.12078,714,59,False,2026-09-12T10:24:16.975555+00:00
t1_10_best,dawndusk,bike,mAP50,0.29517,714,59,False,2026-09-12T10:24:16.975555+00:00
t1_10_best,dawndusk,bike,mAP75,0.06926,714,59,False,2026-09-12T10:24:16.975555+00:00
t1_10_best,day,all,mAP50-95,0.24908,4264,51930,True,2026-09-12T10:24:16.975555+00:00
t1_10_best,day,all,mAP50,0.40718,4264,51930,True,2026-09-12T10:24:16.975555+00:00
t1_10_best,day,all,mAP75,0.24224,4264,51930,True,2026-09-12T10:24:16.975555+00:00
t1_10_best,day,car,mAP50-95,0.45078,4264,47715,True,2026-09-12T10:24:16.975555+00:00
t1_10_best,day,car,mAP50,0.74095,4264,47715,True,2026-09-12T10:24:16.975555+00:00
t1_10_best,day,car,mAP75,0.44985,4264,47715,True,2026-09-12T10:24:16.975555+00:00
t1_10_best,day,truck,mAP50-95,0.29583,4264,2532,True,2026-09-12T10:24:16.975555+00:00
t1_10_best,day,truck,mAP50,0.42726,4264,2532,True,2026-09-12T10:24:16.975555+00:00
t1_10_best,day,truck,mAP75,0.32029,4264,2532,True,2026-09-12T10:24:16.975555+00:00
t1_10_best,day,bus,mAP50-95,0.29196,4264,927,True,2026-09-12T10:24:16.975555+00:00
t1_10_best,day,bus,mAP50,0.40087,4264,927,True,2026-09-12T10:24:16.975555+00:00
t1_10_best,day,bus,mAP75,0.31314,4264,927,True,2026-09-12T10:24:16.975555+00:00
t1_10_best,day,motor,mAP50-95,0.10691,4264,262,False,2026-09-12T10:24:16.975555+00:00
t1_10_best,day,motor,mAP50,0.22936,4264,262,False,2026-09-12T10:24:16.975555+00:00
t1_10_best,day,motor,mAP75,0.06484,4264,262,False,2026-09-12T10:24:16.975555+00:00
t1_10_best,day,bike,mAP50-95,0.09994,4264,494,False,2026-09-12T10:24:16.975555+00:00
t1_10_best,day,bike,mAP50,0.23745,4264,494,False,2026-09-12T10:24:16.975555+00:00
t1_10_best,day,bike,mAP75,0.06307,4264,494,False,2026-09-12T10:24:16.975555+00:00
t1_10_best,day_adverse,all,mAP50-95,0.24942,823,9252,True,2026-09-12T10:24:16.975555+00:00
t1_10_best,day_adverse,all,mAP50,0.42422,823,9252,True,2026-09-12T10:24:16.975555+00:00
t1_10_best,day_adverse,all,mAP75,0.23119,823,9252,True,2026-09-12T10:24:16.975555+00:00
t1_10_best,day_adverse,car,mAP50-95,0.45272,823,8401,True,2026-09-12T10:24:16.975555+00:00
t1_10_best,day_adverse,car,mAP50,0.74426,823,8401,True,2026-09-12T10:24:16.975555+00:00
t1_10_best,day_adverse,car,mAP75,0.45349,823,8401,True,2026-09-12T10:24:16.975555+00:00
t1_10_best,day_adverse,truck,mAP50-95,0.31242,823,540,False,2026-09-12T10:24:16.975555+00:00
t1_10_best,day_adverse,truck,mAP50,0.44711,823,540,False,2026-09-12T10:24:16.975555+00:00
t1_10_best,day_adverse,truck,mAP75,0.3453,823,540,False,2026-09-12T10:24:16.975555+00:00
t1_10_best,day_adverse,bus,mAP50-95,0.24036,823,194,False,2026-09-12T10:24:16.975555+00:00
t1_10_best,day_adverse,bus,mAP50,0.34859,823,194,False,2026-09-12T10:24:16.975555+00:00
t1_10_best,day_adverse,bus,mAP75,0.24578,823,194,False,2026-09-12T10:24:16.975555+00:00
t1_10_best,day_adverse,motor,mAP50-95,0.14732,823,23,False,2026-09-12T10:24:16.975555+00:00
t1_10_best,day_adverse,motor,mAP50,0.36319,823,23,False,2026-09-12T10:24:16.975555+00:00
t1_10_best,day_adverse,motor,mAP75,0.05784,823,23,False,2026-09-12T10:24:16.975555+00:00
t1_10_best,day_adverse,bike,mAP50-95,0.09428,823,94,False,2026-09-12T10:24:16.975555+00:00
t1_10_best,day_adverse,bike,mAP50,0.21794,823,94,False,2026-09-12T10:24:16.975555+00:00
t1_10_best,day_adverse,bike,mAP75,0.05354,823,94,False,2026-09-12T10:24:16.975555+00:00
t1_10_best,day_clear,all,mAP50-95,0.25311,1764,21352,True,2026-09-12T10:24:16.975555+00:00
t1_10_best,day_clear,all,mAP50,0.40319,1764,21352,True,2026-09-12T10:24:16.975555+00:00
t1_10_best,day_clear,all,mAP75,0.25268,1764,21352,True,2026-09-12T10:24:16.975555+00:00
t1_10_best,day_clear,car,mAP50-95,0.44574,1764,19633,True,2026-09-12T10:24:16.975555+00:00
t1_10_best,day_clear,car,mAP50,0.73158,1764,19633,True,2026-09-12T10:24:16.975555+00:00
t1_10_best,day_clear,car,mAP75,0.44414,1764,19633,True,2026-09-12T10:24:16.975555+00:00
t1_10_best,day_clear,truck,mAP50-95,0.28836,1764,1021,True,2026-09-12T10:24:16.975555+00:00
t1_10_best,day_clear,truck,mAP50,0.40564,1764,1021,True,2026-09-12T10:24:16.975555+00:00
t1_10_best,day_clear,truck,mAP75,0.31949,1764,1021,True,2026-09-12T10:24:16.975555+00:00
t1_10_best,day_clear,bus,mAP50-95,0.33039,1764,380,False,2026-09-12T10:24:16.975555+00:00
t1_10_best,day_clear,bus,mAP50,0.44647,1764,380,False,2026-09-12T10:24:16.975555+00:00
t1_10_best,day_clear,bus,mAP75,0.36272,1764,380,False,2026-09-12T10:24:16.975555+00:00
t1_10_best,day_clear,motor,mAP50-95,0.11726,1764,111,False,2026-09-12T10:24:16.975555+00:00
t1_10_best,day_clear,motor,mAP50,0.23228,1764,111,False,2026-09-12T10:24:16.975555+00:00
t1_10_best,day_clear,motor,mAP75,0.07331,1764,111,False,2026-09-12T10:24:16.975555+00:00
t1_10_best,day_clear,bike,mAP50-95,0.08382,1764,207,False,2026-09-12T10:24:16.975555+00:00
t1_10_best,day_clear,bike,mAP50,0.19998,1764,207,False,2026-09-12T10:24:16.975555+00:00
t1_10_best,day_clear,bike,mAP75,0.06373,1764,207,False,2026-09-12T10:24:16.975555+00:00
t1_10_best,day_rainy,all,mAP50-95,0.26552,396,4356,True,2026-09-12T10:24:16.975555+00:00
t1_10_best,day_rainy,all,mAP50,0.44912,396,4356,True,2026-09-12T10:24:16.975555+00:00
t1_10_best,day_rainy,all,mAP75,0.25649,396,4356,True,2026-09-12T10:24:16.975555+00:00
t1_10_best,day_rainy,car,mAP50-95,0.46121,396,3930,True,2026-09-12T10:24:16.975555+00:00
t1_10_best,day_rainy,car,mAP50,0.75628,396,3930,True,2026-09-12T10:24:16.975555+00:00
t1_10_best,day_rainy,car,mAP75,0.46243,396,3930,True,2026-09-12T10:24:16.975555+00:00
t1_10_best,day_rainy,truck,mAP50-95,0.34082,396,272,False,2026-09-12T10:24:16.975555+00:00
t1_10_best,day_rainy,truck,mAP50,0.48185,396,272,False,2026-09-12T10:24:16.975555+00:00
t1_10_best,day_rainy,truck,mAP75,0.37978,396,272,False,2026-09-12T10:24:16.975555+00:00
t1_10_best,day_rainy,bus,mAP50-95,0.25108,396,97,False,2026-09-12T10:24:16.975555+00:00
t1_10_best,day_rainy,bus,mAP50,0.37031,396,97,False,2026-09-12T10:24:16.975555+00:00
t1_10_best,day_rainy,bus,mAP75,0.25477,396,97,False,2026-09-12T10:24:16.975555+00:00
t1_10_best,day_rainy,motor,mAP50-95,0.18604,396,16,False,2026-09-12T10:24:16.975555+00:00
t1_10_best,day_rainy,motor,mAP50,0.42429,396,16,False,2026-09-12T10:24:16.975555+00:00
t1_10_best,day_rainy,motor,mAP75,0.11691,396,16,False,2026-09-12T10:24:16.975555+00:00
t1_10_best,day_rainy,bike,mAP50-95,0.08842,396,41,False,2026-09-12T10:24:16.975555+00:00
t1_10_best,day_rainy,bike,mAP50,0.21286,396,41,False,2026-09-12T10:24:16.975555+00:00
t1_10_best,day_rainy,bike,mAP75,0.06855,396,41,False,2026-09-12T10:24:16.975555+00:00
t1_10_best,day_snowy,all,mAP50-95,0.23464,422,4842,True,2026-09-12T10:24:16.975555+00:00
t1_10_best,day_snowy,all,mAP50,0.40135,422,4842,True,2026-09-12T10:24:16.975555+00:00
t1_10_best,day_snowy,all,mAP75,0.21086,422,4842,True,2026-09-12T10:24:16.975555+00:00
t1_10_best,day_snowy,car,mAP50-95,0.44565,422,4421,True,2026-09-12T10:24:16.975555+00:00
t1_10_best,day_snowy,car,mAP50,0.73487,422,4421,True,2026-09-12T10:24:16.975555+00:00
t1_10_best,day_snowy,car,mAP75,0.44724,422,4421,True,2026-09-12T10:24:16.975555+00:00
t1_10_best,day_snowy,truck,mAP50-95,0.28639,422,264,False,2026-09-12T10:24:16.975555+00:00
t1_10_best,day_snowy,truck,mAP50,0.41535,422,264,False,2026-09-12T10:24:16.975555+00:00
t1_10_best,day_snowy,truck,mAP75,0.3126,422,264,False,2026-09-12T10:24:16.975555+00:00
t1_10_best,day_snowy,bus,mAP50-95,0.23528,422,97,False,2026-09-12T10:24:16.975555+00:00
t1_10_best,day_snowy,bus,mAP50,0.3284,422,97,False,2026-09-12T10:24:16.975555+00:00
t1_10_best,day_snowy,bus,mAP75,0.2446,422,97,False,2026-09-12T10:24:16.975555+00:00
t1_10_best,day_snowy,motor,mAP50-95,0.1056,422,7,False,2026-09-12T10:24:16.975555+00:00
t1_10_best,day_snowy,motor,mAP50,0.29545,422,7,False,2026-09-12T10:24:16.975555+00:00
t1_10_best,day_snowy,motor,mAP75,0.00297,422,7,False,2026-09-12T10:24:16.975555+00:00
t1_10_best,day_snowy,bike,mAP50-95,0.10027,422,53,False,2026-09-12T10:24:16.975555+00:00
t1_10_best,day_snowy,bike,mAP50,0.23267,422,53,False,2026-09-12T10:24:16.975555+00:00
t1_10_best,day_snowy,bike,mAP75,0.04689,422,53,False,2026-09-12T10:24:16.975555+00:00
t1_10_best,foggy,all,mAP50-95,0.18334,13,144,False,2026-09-12T10:24:16.975555+00:00
t1_10_best,foggy,all,mAP50,0.28961,13,144,False,2026-09-12T10:24:16.975555+00:00
t1_10_best,foggy,all,mAP75,0.19568,13,144,False,2026-09-12T10:24:16.975555+00:00
t1_10_best,foggy,car,mAP50-95,0.40447,13,138,False,2026-09-12T10:24:16.975555+00:00
t1_10_best,foggy,car,mAP50,0.66092,13,138,False,2026-09-12T10:24:16.975555+00:00
t1_10_best,foggy,car,mAP75,0.37912,13,138,False,2026-09-12T10:24:16.975555+00:00
t1_10_best,foggy,truck,mAP50-95,0.14554,13,5,False,2026-09-12T10:24:16.975555+00:00
t1_10_best,foggy,truck,mAP50,0.20792,13,5,False,2026-09-12T10:24:16.975555+00:00
t1_10_best,foggy,truck,mAP75,0.20792,13,5,False,2026-09-12T10:24:16.975555+00:00
t1_10_best,foggy,bus,mAP50-95,,13,0,False,2026-09-12T10:24:16.975555+00:00
t1_10_best,foggy,bus,mAP50,,13,0,False,2026-09-12T10:24:16.975555+00:00
t1_10_best,foggy,bus,mAP75,,13,0,False,2026-09-12T10:24:16.975555+00:00
t1_10_best,foggy,motor,mAP50-95,0.0,13,1,False,2026-09-12T10:24:16.975555+00:00
t1_10_best,foggy,motor,mAP50,0.0,13,1,False,2026-09-12T10:24:16.975555+00:00
t1_10_best,foggy,motor,mAP75,0.0,13,1,False,2026-09-12T10:24:16.975555+00:00
t1_10_best,foggy,bike,mAP50-95,,13,0,False,2026-09-12T10:24:16.975555+00:00
t1_10_best,foggy,bike,mAP50,,13,0,False,2026-09-12T10:24:16.975555+00:00
t1_10_best,foggy,bike,mAP75,,13,0,False,2026-09-12T10:24:16.975555+00:00
t1_10_best,night,all,mAP50-95,0.23593,3863,36751,True,2026-09-12T10:24:16.975555+00:00
t1_10_best,night,all,mAP50,0.39826,3863,36751,True,2026-09-12T10:24:16.975555+00:00
t1_10_best,night,all,mAP75,0.23923,3863,36751,True,2026-09-12T10:24:16.975555+00:00
t1_10_best,night,car,mAP50-95,0.39473,3863,35439,True,2026-09-12T10:24:16.975555+00:00
t1_10_best,night,car,mAP50,0.72054,3863,35439,True,2026-09-12T10:24:16.975555+00:00
t1_10_best,night,car,mAP75,0.36869,3863,35439,True,2026-09-12T10:24:16.975555+00:00
t1_10_best,night,truck,mAP50-95,0.29455,3863,736,False,2026-09-12T10:24:16.975555+00:00
t1_10_best,night,truck,mAP50,0.41977,3863,736,False,2026-09-12T10:24:16.975555+00:00
t1_10_best,night,truck,mAP75,0.33011,3863,736,False,2026-09-12T10:24:16.975555+00:00
t1_10_best,night,bus,mAP50-95,0.30856,3863,297,False,2026-09-12T10:24:16.975555+00:00
t1_10_best,night,bus,mAP50,0.41274,3863,297,False,2026-09-12T10:24:16.975555+00:00
t1_10_best,night,bus,mAP75,0.35197,3863,297,False,2026-09-12T10:24:16.975555+00:00
t1_10_best,night,motor,mAP50-95,0.09555,3863,93,False,2026-09-12T10:24:16.975555+00:00
t1_10_best,night,motor,mAP50,0.21947,3863,93,False,2026-09-12T10:24:16.975555+00:00
t1_10_best,night,motor,mAP75,0.08223,3863,93,False,2026-09-12T10:24:16.975555+00:00
t1_10_best,night,bike,mAP50-95,0.08626,3863,186,False,2026-09-12T10:24:16.975555+00:00
t1_10_best,night,bike,mAP50,0.21876,3863,186,False,2026-09-12T10:24:16.975555+00:00
t1_10_best,night,bike,mAP75,0.06313,3863,186,False,2026-09-12T10:24:16.975555+00:00
t1_10_best,night_adverse,all,mAP50-95,0.22415,566,4986,True,2026-09-12T10:24:16.975555+00:00
t1_10_best,night_adverse,all,mAP50,0.35276,566,4986,True,2026-09-12T10:24:16.975555+00:00
t1_10_best,night_adverse,all,mAP75,0.23185,566,4986,True,2026-09-12T10:24:16.975555+00:00
t1_10_best,night_adverse,car,mAP50-95,0.40075,566,4743,True,2026-09-12T10:24:16.975555+00:00
t1_10_best,night_adverse,car,mAP50,0.71251,566,4743,True,2026-09-12T10:24:16.975555+00:00
t1_10_best,night_adverse,car,mAP75,0.38624,566,4743,True,2026-09-12T10:24:16.975555+00:00
t1_10_best,night_adverse,truck,mAP50-95,0.25763,566,156,False,2026-09-12T10:24:16.975555+00:00
t1_10_best,night_adverse,truck,mAP50,0.36483,566,156,False,2026-09-12T10:24:16.975555+00:00
t1_10_best,night_adverse,truck,mAP75,0.28303,566,156,False,2026-09-12T10:24:16.975555+00:00
t1_10_best,night_adverse,bus,mAP50-95,0.36769,566,41,False,2026-09-12T10:24:16.975555+00:00
t1_10_best,night_adverse,bus,mAP50,0.47775,566,41,False,2026-09-12T10:24:16.975555+00:00
t1_10_best,night_adverse,bus,mAP75,0.41259,566,41,False,2026-09-12T10:24:16.975555+00:00
t1_10_best,night_adverse,motor,mAP50-95,0.03019,566,12,False,2026-09-12T10:24:16.975555+00:00
t1_10_best,night_adverse,motor,mAP50,0.06666,566,12,False,2026-09-12T10:24:16.975555+00:00
t1_10_best,night_adverse,motor,mAP75,0.01086,566,12,False,2026-09-12T10:24:16.975555+00:00
t1_10_best,night_adverse,bike,mAP50-95,0.06449,566,34,False,2026-09-12T10:24:16.975555+00:00
t1_10_best,night_adverse,bike,mAP50,0.14205,566,34,False,2026-09-12T10:24:16.975555+00:00
t1_10_best,night_adverse,bike,mAP75,0.06655,566,34,False,2026-09-12T10:24:16.975555+00:00
t1_10_best,night_clear,all,mAP50-95,0.24075,3274,31550,True,2026-09-12T10:24:16.975555+00:00
t1_10_best,night_clear,all,mAP50,0.41313,3274,31550,True,2026-09-12T10:24:16.975555+00:00
t1_10_best,night_clear,all,mAP75,0.24387,3274,31550,True,2026-09-12T10:24:16.975555+00:00
t1_10_best,night_clear,car,mAP50-95,0.39312,3274,30489,True,2026-09-12T10:24:16.975555+00:00
t1_10_best,night_clear,car,mAP50,0.72158,3274,30489,True,2026-09-12T10:24:16.975555+00:00
t1_10_best,night_clear,car,mAP75,0.36553,3274,30489,True,2026-09-12T10:24:16.975555+00:00
t1_10_best,night_clear,truck,mAP50-95,0.30398,3274,577,False,2026-09-12T10:24:16.975555+00:00
t1_10_best,night_clear,truck,mAP50,0.4348,3274,577,False,2026-09-12T10:24:16.975555+00:00
t1_10_best,night_clear,truck,mAP75,0.34108,3274,577,False,2026-09-12T10:24:16.975555+00:00
t1_10_best,night_clear,bus,mAP50-95,0.29861,3274,251,False,2026-09-12T10:24:16.975555+00:00
t1_10_best,night_clear,bus,mAP50,0.40282,3274,251,False,2026-09-12T10:24:16.975555+00:00
t1_10_best,night_clear,bus,mAP75,0.34411,3274,251,False,2026-09-12T10:24:16.975555+00:00
t1_10_best,night_clear,motor,mAP50-95,0.11443,3274,81,False,2026-09-12T10:24:16.975555+00:00
t1_10_best,night_clear,motor,mAP50,0.26297,3274,81,False,2026-09-12T10:24:16.975555+00:00
t1_10_best,night_clear,motor,mAP75,0.10517,3274,81,False,2026-09-12T10:24:16.975555+00:00
t1_10_best,night_clear,bike,mAP50-95,0.09363,3274,152,False,2026-09-12T10:24:16.975555+00:00
t1_10_best,night_clear,bike,mAP50,0.24346,3274,152,False,2026-09-12T10:24:16.975555+00:00
t1_10_best,night_clear,bike,mAP75,0.06344,3274,152,False,2026-09-12T10:24:16.975555+00:00
t1_10_best,night_rainy,all,mAP50-95,0.28144,286,2535,True,2026-09-12T10:24:16.975555+00:00
t1_10_best,night_rainy,all,mAP50,0.42147,286,2535,True,2026-09-12T10:24:16.975555+00:00
t1_10_best,night_rainy,all,mAP75,0.29861,286,2535,True,2026-09-12T10:24:16.975555+00:00
t1_10_best,night_rainy,car,mAP50-95,0.39546,286,2416,True,2026-09-12T10:24:16.975555+00:00
t1_10_best,night_rainy,car,mAP50,0.70161,286,2416,True,2026-09-12T10:24:16.975555+00:00
t1_10_best,night_rainy,car,mAP75,0.38799,286,2416,True,2026-09-12T10:24:16.975555+00:00
t1_10_best,night_rainy,truck,mAP50-95,0.36035,286,72,False,2026-09-12T10:24:16.975555+00:00
t1_10_best,night_rainy,truck,mAP50,0.50508,286,72,False,2026-09-12T10:24:16.975555+00:00
t1_10_best,night_rainy,truck,mAP75,0.40713,286,72,False,2026-09-12T10:24:16.975555+00:00
t1_10_best,night_rainy,bus,mAP50-95,0.46749,286,22,False,2026-09-12T10:24:16.975555+00:00
t1_10_best,night_rainy,bus,mAP50,0.59266,286,22,False,2026-09-12T10:24:16.975555+00:00
t1_10_best,night_rainy,bus,mAP75,0.51488,286,22,False,2026-09-12T10:24:16.975555+00:00
t1_10_best,night_rainy,motor,mAP50-95,0.03576,286,10,False,2026-09-12T10:24:16.975555+00:00
t1_10_best,night_rainy,motor,mAP50,0.07898,286,10,False,2026-09-12T10:24:16.975555+00:00
t1_10_best,night_rainy,motor,mAP75,0.00908,286,10,False,2026-09-12T10:24:16.975555+00:00
t1_10_best,night_rainy,bike,mAP50-95,0.14813,286,15,False,2026-09-12T10:24:16.975555+00:00
t1_10_best,night_rainy,bike,mAP50,0.229,286,15,False,2026-09-12T10:24:16.975555+00:00
t1_10_best,night_rainy,bike,mAP75,0.17397,286,15,False,2026-09-12T10:24:16.975555+00:00
t1_10_best,night_snowy,all,mAP50-95,0.17554,273,2374,True,2026-09-12T10:24:16.975555+00:00
t1_10_best,night_snowy,all,mAP50,0.29091,273,2374,True,2026-09-12T10:24:16.975555+00:00
t1_10_best,night_snowy,all,mAP75,0.18164,273,2374,True,2026-09-12T10:24:16.975555+00:00
t1_10_best,night_snowy,car,mAP50-95,0.40909,273,2251,True,2026-09-12T10:24:16.975555+00:00
t1_10_best,night_snowy,car,mAP50,0.72976,273,2251,True,2026-09-12T10:24:16.975555+00:00
t1_10_best,night_snowy,car,mAP75,0.38705,273,2251,True,2026-09-12T10:24:16.975555+00:00
t1_10_best,night_snowy,truck,mAP50-95,0.17795,273,83,False,2026-09-12T10:24:16.975555+00:00
t1_10_best,night_snowy,truck,mAP50,0.25098,273,83,False,2026-09-12T10:24:16.975555+00:00
t1_10_best,night_snowy,truck,mAP75,0.18418,273,83,False,2026-09-12T10:24:16.975555+00:00
t1_10_best,night_snowy,bus,mAP50-95,0.25209,273,19,False,2026-09-12T10:24:16.975555+00:00
t1_10_best,night_snowy,bus,mAP50,0.34104,273,19,False,2026-09-12T10:24:16.975555+00:00
t1_10_best,night_snowy,bus,mAP75,0.29692,273,19,False,2026-09-12T10:24:16.975555+00:00
t1_10_best,night_snowy,motor,mAP50-95,0.02331,273,2,False,2026-09-12T10:24:16.975555+00:00
t1_10_best,night_snowy,motor,mAP50,0.03884,273,2,False,2026-09-12T10:24:16.975555+00:00
t1_10_best,night_snowy,motor,mAP75,0.03884,273,2,False,2026-09-12T10:24:16.975555+00:00
t1_10_best,night_snowy,bike,mAP50-95,0.01528,273,19,False,2026-09-12T10:24:16.975555+00:00
t1_10_best,night_snowy,bike,mAP50,0.09394,273,19,False,2026-09-12T10:24:16.975555+00:00
t1_10_best,night_snowy,bike,mAP75,0.00121,273,19,False,2026-09-12T10:24:16.975555+00:00
t1_10_best,overcast,all,mAP50-95,0.25956,1239,15505,True,2026-09-12T10:24:16.975555+00:00
t1_10_best,overcast,all,mAP50,0.43097,1239,15505,True,2026-09-12T10:24:16.975555+00:00
t1_10_best,overcast,all,mAP75,0.24803,1239,15505,True,2026-09-12T10:24:16.975555+00:00
t1_10_best,overcast,car,mAP50-95,0.46189,1239,14370,True,2026-09-12T10:24:16.975555+00:00
t1_10_best,overcast,car,mAP50,0.75719,1239,14370,True,2026-09-12T10:24:16.975555+00:00
t1_10_best,overcast,car,mAP75,0.46204,1239,14370,True,2026-09-12T10:24:16.975555+00:00
t1_10_best,overcast,truck,mAP50-95,0.32048,1239,660,False,2026-09-12T10:24:16.975555+00:00
t1_10_best,overcast,truck,mAP50,0.46112,1239,660,False,2026-09-12T10:24:16.975555+00:00
t1_10_best,overcast,truck,mAP75,0.343,1239,660,False,2026-09-12T10:24:16.975555+00:00
t1_10_best,overcast,bus,mAP50-95,0.29167,1239,262,False,2026-09-12T10:24:16.975555+00:00
t1_10_best,overcast,bus,mAP50,0.40193,1239,262,False,2026-09-12T10:24:16.975555+00:00
t1_10_best,overcast,bus,mAP75,0.31126,1239,262,False,2026-09-12T10:24:16.975555+00:00
t1_10_best,overcast,motor,mAP50-95,0.08691,1239,72,False,2026-09-12T10:24:16.975555+00:00
t1_10_best,overcast,motor,mAP50,0.20293,1239,72,False,2026-09-12T10:24:16.975555+00:00
t1_10_best,overcast,motor,mAP75,0.0577,1239,72,False,2026-09-12T10:24:16.975555+00:00
t1_10_best,overcast,bike,mAP50-95,0.13684,1239,141,False,2026-09-12T10:24:16.975555+00:00
t1_10_best,overcast,bike,mAP50,0.33169,1239,141,False,2026-09-12T10:24:16.975555+00:00
t1_10_best,overcast,bike,mAP75,0.06618,1239,141,False,2026-09-12T10:24:16.975555+00:00
t1_10_best,partlycloudy,all,mAP50-95,0.2486,738,9256,True,2026-09-12T10:24:16.975555+00:00
t1_10_best,partlycloudy,all,mAP50,0.39979,738,9256,True,2026-09-12T10:24:16.975555+00:00
t1_10_best,partlycloudy,all,mAP75,0.24346,738,9256,True,2026-09-12T10:24:16.975555+00:00
t1_10_best,partlycloudy,car,mAP50-95,0.44373,738,8526,True,2026-09-12T10:24:16.975555+00:00
t1_10_best,partlycloudy,car,mAP50,0.73144,738,8526,True,2026-09-12T10:24:16.975555+00:00
t1_10_best,partlycloudy,car,mAP75,0.44264,738,8526,True,2026-09-12T10:24:16.975555+00:00
t1_10_best,partlycloudy,truck,mAP50-95,0.28701,738,454,False,2026-09-12T10:24:16.975555+00:00
t1_10_best,partlycloudy,truck,mAP50,0.43394,738,454,False,2026-09-12T10:24:16.975555+00:00
t1_10_best,partlycloudy,truck,mAP75,0.29191,738,454,False,2026-09-12T10:24:16.975555+00:00
t1_10_best,partlycloudy,bus,mAP50-95,0.29769,738,142,False,2026-09-12T10:24:16.975555+00:00
t1_10_best,partlycloudy,bus,mAP50,0.37925,738,142,False,2026-09-12T10:24:16.975555+00:00
t1_10_best,partlycloudy,bus,mAP75,0.32204,738,142,False,2026-09-12T10:24:16.975555+00:00
t1_10_best,partlycloudy,motor,mAP50-95,0.12189,738,65,False,2026-09-12T10:24:16.975555+00:00
t1_10_best,partlycloudy,motor,mAP50,0.2471,738,65,False,2026-09-12T10:24:16.975555+00:00
t1_10_best,partlycloudy,motor,mAP75,0.09202,738,65,False,2026-09-12T10:24:16.975555+00:00
t1_10_best,partlycloudy,bike,mAP50-95,0.09267,738,69,False,2026-09-12T10:24:16.975555+00:00
t1_10_best,partlycloudy,bike,mAP50,0.2072,738,69,False,2026-09-12T10:24:16.975555+00:00
t1_10_best,partlycloudy,bike,mAP75,0.06867,738,69,False,2026-09-12T10:24:16.975555+00:00
t1_10_best,rainy,all,mAP50-95,0.25313,737,7541,True,2026-09-12T10:24:16.975555+00:00
t1_10_best,rainy,all,mAP50,0.41082,737,7541,True,2026-09-12T10:24:16.975555+00:00
t1_10_best,rainy,all,mAP75,0.25298,737,7541,True,2026-09-12T10:24:16.975555+00:00
t1_10_best,rainy,car,mAP50-95,0.43642,737,6944,True,2026-09-12T10:24:16.975555+00:00
t1_10_best,rainy,car,mAP50,0.73413,737,6944,True,2026-09-12T10:24:16.975555+00:00
t1_10_best,rainy,car,mAP75,0.43443,737,6944,True,2026-09-12T10:24:16.975555+00:00
t1_10_best,rainy,truck,mAP50-95,0.34126,737,378,False,2026-09-12T10:24:16.975555+00:00
t1_10_best,rainy,truck,mAP50,0.48758,737,378,False,2026-09-12T10:24:16.975555+00:00
t1_10_best,rainy,truck,mAP75,0.38446,737,378,False,2026-09-12T10:24:16.975555+00:00
t1_10_best,rainy,bus,mAP50-95,0.29579,737,132,False,2026-09-12T10:24:16.975555+00:00
t1_10_best,rainy,bus,mAP50,0.41197,737,132,False,2026-09-12T10:24:16.975555+00:00
t1_10_best,rainy,bus,mAP75,0.30846,737,132,False,2026-09-12T10:24:16.975555+00:00
t1_10_best,rainy,motor,mAP50-95,0.09012,737,30,False,2026-09-12T10:24:16.975555+00:00
t1_10_best,rainy,motor,mAP50,0.20645,737,30,False,2026-09-12T10:24:16.975555+00:00
t1_10_best,rainy,motor,mAP75,0.0449,737,30,False,2026-09-12T10:24:16.975555+00:00
t1_10_best,rainy,bike,mAP50-95,0.10208,737,57,False,2026-09-12T10:24:16.975555+00:00
t1_10_best,rainy,bike,mAP50,0.21395,737,57,False,2026-09-12T10:24:16.975555+00:00
t1_10_best,rainy,bike,mAP75,0.09264,737,57,False,2026-09-12T10:24:16.975555+00:00
t1_10_best,snowy,all,mAP50-95,0.21274,769,8080,True,2026-09-12T10:24:16.975555+00:00
t1_10_best,snowy,all,mAP50,0.36096,769,8080,True,2026-09-12T10:24:16.975555+00:00
t1_10_best,snowy,all,mAP75,0.19634,769,8080,True,2026-09-12T10:24:16.975555+00:00
t1_10_best,snowy,car,mAP50-95,0.43334,769,7486,True,2026-09-12T10:24:16.975555+00:00
t1_10_best,snowy,car,mAP50,0.73023,769,7486,True,2026-09-12T10:24:16.975555+00:00
t1_10_best,snowy,car,mAP75,0.42898,769,7486,True,2026-09-12T10:24:16.975555+00:00
t1_10_best,snowy,truck,mAP50-95,0.2558,769,371,False,2026-09-12T10:24:16.975555+00:00
t1_10_best,snowy,truck,mAP50,0.36994,769,371,False,2026-09-12T10:24:16.975555+00:00
t1_10_best,snowy,truck,mAP75,0.27896,769,371,False,2026-09-12T10:24:16.975555+00:00
t1_10_best,snowy,bus,mAP50-95,0.21029,769,133,False,2026-09-12T10:24:16.975555+00:00
t1_10_best,snowy,bus,mAP50,0.29554,769,133,False,2026-09-12T10:24:16.975555+00:00
t1_10_best,snowy,bus,mAP75,0.22729,769,133,False,2026-09-12T10:24:16.975555+00:00
t1_10_best,snowy,motor,mAP50-95,0.07984,769,9,False,2026-09-12T10:24:16.975555+00:00
t1_10_best,snowy,motor,mAP50,0.20396,769,9,False,2026-09-12T10:24:16.975555+00:00
t1_10_best,snowy,motor,mAP75,0.00641,769,9,False,2026-09-12T10:24:16.975555+00:00
t1_10_best,snowy,bike,mAP50-95,0.08441,769,81,False,2026-09-12T10:24:16.975555+00:00
t1_10_best,snowy,bike,mAP50,0.20514,769,81,False,2026-09-12T10:24:16.975555+00:00
t1_10_best,snowy,bike,mAP75,0.04007,769,81,False,2026-09-12T10:24:16.975555+00:00
t1_10_last,overall,all,mAP50-95,0.23213,8841,97193,True,2026-09-12T10:24:16.975555+00:00
t1_10_last,overall,all,mAP50,0.38887,8841,97193,True,2026-09-12T10:24:16.975555+00:00
t1_10_last,overall,all,mAP75,0.22654,8841,97193,True,2026-09-12T10:24:16.975555+00:00
t1_10_last,overall,car,mAP50-95,0.42355,8841,91118,True,2026-09-12T10:24:16.975555+00:00
t1_10_last,overall,car,mAP50,0.72782,8841,91118,True,2026-09-12T10:24:16.975555+00:00
t1_10_last,overall,car,mAP75,0.41353,8841,91118,True,2026-09-12T10:24:16.975555+00:00
t1_10_last,overall,truck,mAP50-95,0.2832,8841,3608,True,2026-09-12T10:24:16.975555+00:00
t1_10_last,overall,truck,mAP50,0.4133,8841,3608,True,2026-09-12T10:24:16.975555+00:00
t1_10_last,overall,truck,mAP75,0.30531,8841,3608,True,2026-09-12T10:24:16.975555+00:00
t1_10_last,overall,bus,mAP50-95,0.28023,8841,1351,True,2026-09-12T10:24:16.975555+00:00
t1_10_last,overall,bus,mAP50,0.37787,8841,1351,True,2026-09-12T10:24:16.975555+00:00
t1_10_last,overall,bus,mAP75,0.30948,8841,1351,True,2026-09-12T10:24:16.975555+00:00
t1_10_last,overall,motor,mAP50-95,0.08723,8841,377,False,2026-09-12T10:24:16.975555+00:00
t1_10_last,overall,motor,mAP50,0.20691,8841,377,False,2026-09-12T10:24:16.975555+00:00
t1_10_last,overall,motor,mAP75,0.048,8841,377,False,2026-09-12T10:24:16.975555+00:00
t1_10_last,overall,bike,mAP50-95,0.08644,8841,739,False,2026-09-12T10:24:16.975555+00:00
t1_10_last,overall,bike,mAP50,0.21845,8841,739,False,2026-09-12T10:24:16.975555+00:00
t1_10_last,overall,bike,mAP75,0.05641,8841,739,False,2026-09-12T10:24:16.975555+00:00
t1_10_last,adverse,all,mAP50-95,0.2253,1519,15765,True,2026-09-12T10:24:16.975555+00:00
t1_10_last,adverse,all,mAP50,0.3676,1519,15765,True,2026-09-12T10:24:16.975555+00:00
t1_10_last,adverse,all,mAP75,0.22288,1519,15765,True,2026-09-12T10:24:16.975555+00:00
t1_10_last,adverse,car,mAP50-95,0.42927,1519,14568,True,2026-09-12T10:24:16.975555+00:00
t1_10_last,adverse,car,mAP50,0.72577,1519,14568,True,2026-09-12T10:24:16.975555+00:00
t1_10_last,adverse,car,mAP75,0.42401,1519,14568,True,2026-09-12T10:24:16.975555+00:00
t1_10_last,adverse,truck,mAP50-95,0.28353,1519,754,False,2026-09-12T10:24:16.975555+00:00
t1_10_last,adverse,truck,mAP50,0.41743,1519,754,False,2026-09-12T10:24:16.975555+00:00
t1_10_last,adverse,truck,mAP75,0.31276,1519,754,False,2026-09-12T10:24:16.975555+00:00
t1_10_last,adverse,bus,mAP50-95,0.24845,1519,265,False,2026-09-12T10:24:16.975555+00:00
t1_10_last,adverse,bus,mAP50,0.34563,1519,265,False,2026-09-12T10:24:16.975555+00:00
t1_10_last,adverse,bus,mAP75,0.26036,1519,265,False,2026-09-12T10:24:16.975555+00:00
t1_10_last,adverse,motor,mAP50-95,0.07658,1519,40,False,2026-09-12T10:24:16.975555+00:00
t1_10_last,adverse,motor,mAP50,0.15917,1519,40,False,2026-09-12T10:24:16.975555+00:00
t1_10_last,adverse,motor,mAP75,0.04219,1519,40,False,2026-09-12T10:24:16.975555+00:00
t1_10_last,adverse,bike,mAP50-95,0.08868,1519,138,False,2026-09-12T10:24:16.975555+00:00
t1_10_last,adverse,bike,mAP50,0.19001,1519,138,False,2026-09-12T10:24:16.975555+00:00
t1_10_last,adverse,bike,mAP75,0.07507,1519,138,False,2026-09-12T10:24:16.975555+00:00
t1_10_last,benign,all,mAP50-95,0.23461,7322,81428,True,2026-09-12T10:24:16.975555+00:00
t1_10_last,benign,all,mAP50,0.39402,7322,81428,True,2026-09-12T10:24:16.975555+00:00
t1_10_last,benign,all,mAP75,0.22923,7322,81428,True,2026-09-12T10:24:16.975555+00:00
t1_10_last,benign,car,mAP50-95,0.42275,7322,76550,True,2026-09-12T10:24:16.975555+00:00
t1_10_last,benign,car,mAP50,0.72862,7322,76550,True,2026-09-12T10:24:16.975555+00:00
t1_10_last,benign,car,mAP75,0.41187,7322,76550,True,2026-09-12T10:24:16.975555+00:00
t1_10_last,benign,truck,mAP50-95,0.2841,7322,2854,True,2026-09-12T10:24:16.975555+00:00
t1_10_last,benign,truck,mAP50,0.41431,7322,2854,True,2026-09-12T10:24:16.975555+00:00
t1_10_last,benign,truck,mAP75,0.30399,7322,2854,True,2026-09-12T10:24:16.975555+00:00
t1_10_last,benign,bus,mAP50-95,0.28916,7322,1086,True,2026-09-12T10:24:16.975555+00:00
t1_10_last,benign,bus,mAP50,0.38719,7322,1086,True,2026-09-12T10:24:16.975555+00:00
t1_10_last,benign,bus,mAP75,0.32305,7322,1086,True,2026-09-12T10:24:16.975555+00:00
t1_10_last,benign,motor,mAP50-95,0.09018,7322,337,False,2026-09-12T10:24:16.975555+00:00
t1_10_last,benign,motor,mAP50,0.21547,7322,337,False,2026-09-12T10:24:16.975555+00:00
t1_10_last,benign,motor,mAP75,0.05327,7322,337,False,2026-09-12T10:24:16.975555+00:00
t1_10_last,benign,bike,mAP50-95,0.08685,7322,601,False,2026-09-12T10:24:16.975555+00:00
t1_10_last,benign,bike,mAP50,0.2245,7322,601,False,2026-09-12T10:24:16.975555+00:00
t1_10_last,benign,bike,mAP75,0.05397,7322,601,False,2026-09-12T10:24:16.975555+00:00
t1_10_last,clear,all,mAP50-95,0.23207,5345,56667,True,2026-09-12T10:24:16.975555+00:00
t1_10_last,clear,all,mAP50,0.39096,5345,56667,True,2026-09-12T10:24:16.975555+00:00
t1_10_last,clear,all,mAP75,0.22906,5345,56667,True,2026-09-12T10:24:16.975555+00:00
t1_10_last,clear,car,mAP50-95,0.41047,5345,53654,True,2026-09-12T10:24:16.975555+00:00
t1_10_last,clear,car,mAP50,0.72216,5345,53654,True,2026-09-12T10:24:16.975555+00:00
t1_10_last,clear,car,mAP75,0.39458,5345,53654,True,2026-09-12T10:24:16.975555+00:00
t1_10_last,clear,truck,mAP50-95,0.28055,5345,1740,True,2026-09-12T10:24:16.975555+00:00
t1_10_last,clear,truck,mAP50,0.40388,5345,1740,True,2026-09-12T10:24:16.975555+00:00
t1_10_last,clear,truck,mAP75,0.30695,5345,1740,True,2026-09-12T10:24:16.975555+00:00
t1_10_last,clear,bus,mAP50-95,0.29233,5345,682,False,2026-09-12T10:24:16.975555+00:00
t1_10_last,clear,bus,mAP50,0.39461,5345,682,False,2026-09-12T10:24:16.975555+00:00
t1_10_last,clear,bus,mAP75,0.3306,5345,682,False,2026-09-12T10:24:16.975555+00:00
t1_10_last,clear,motor,mAP50-95,0.09497,5345,200,False,2026-09-12T10:24:16.975555+00:00
t1_10_last,clear,motor,mAP50,0.22022,5345,200,False,2026-09-12T10:24:16.975555+00:00
t1_10_last,clear,motor,mAP75,0.06222,5345,200,False,2026-09-12T10:24:16.975555+00:00
t1_10_last,clear,bike,mAP50-95,0.08205,5345,391,False,2026-09-12T10:24:16.975555+00:00
t1_10_last,clear,bike,mAP50,0.21394,5345,391,False,2026-09-12T10:24:16.975555+00:00
t1_10_last,clear,bike,mAP75,0.05095,5345,391,False,2026-09-12T10:24:16.975555+00:00
t1_10_last,dawndusk,all,mAP50-95,0.24337,714,8512,True,2026-09-12T10:24:16.975555+00:00
t1_10_last,dawndusk,all,mAP50,0.40126,714,8512,True,2026-09-12T10:24:16.975555+00:00
t1_10_last,dawndusk,all,mAP75,0.24405,714,8512,True,2026-09-12T10:24:16.975555+00:00
t1_10_last,dawndusk,car,mAP50-95,0.43773,714,7964,True,2026-09-12T10:24:16.975555+00:00
t1_10_last,dawndusk,car,mAP50,0.72429,714,7964,True,2026-09-12T10:24:16.975555+00:00
t1_10_last,dawndusk,car,mAP75,0.43866,714,7964,True,2026-09-12T10:24:16.975555+00:00
t1_10_last,dawndusk,truck,mAP50-95,0.28443,714,340,False,2026-09-12T10:24:16.975555+00:00
t1_10_last,dawndusk,truck,mAP50,0.39617,714,340,False,2026-09-12T10:24:16.975555+00:00
t1_10_last,dawndusk,truck,mAP75,0.32987,714,340,False,2026-09-12T10:24:16.975555+00:00
t1_10_last,dawndusk,bus,mAP50-95,0.28867,714,127,False,2026-09-12T10:24:16.975555+00:00
t1_10_last,dawndusk,bus,mAP50,0.37633,714,127,False,2026-09-12T10:24:16.975555+00:00
t1_10_last,dawndusk,bus,mAP75,0.34149,714,127,False,2026-09-12T10:24:16.975555+00:00
t1_10_last,dawndusk,motor,mAP50-95,0.0707,714,22,False,2026-09-12T10:24:16.975555+00:00
t1_10_last,dawndusk,motor,mAP50,0.16795,714,22,False,2026-09-12T10:24:16.975555+00:00
t1_10_last,dawndusk,motor,mAP75,0.033,714,22,False,2026-09-12T10:24:16.975555+00:00
t1_10_last,dawndusk,bike,mAP50-95,0.13529,714,59,False,2026-09-12T10:24:16.975555+00:00
t1_10_last,dawndusk,bike,mAP50,0.34153,714,59,False,2026-09-12T10:24:16.975555+00:00
t1_10_last,dawndusk,bike,mAP75,0.07724,714,59,False,2026-09-12T10:24:16.975555+00:00
t1_10_last,day,all,mAP50-95,0.23811,4264,51930,True,2026-09-12T10:24:16.975555+00:00
t1_10_last,day,all,mAP50,0.39421,4264,51930,True,2026-09-12T10:24:16.975555+00:00
t1_10_last,day,all,mAP75,0.23194,4264,51930,True,2026-09-12T10:24:16.975555+00:00
t1_10_last,day,car,mAP50-95,0.44711,4264,47715,True,2026-09-12T10:24:16.975555+00:00
t1_10_last,day,car,mAP50,0.73766,4264,47715,True,2026-09-12T10:24:16.975555+00:00
t1_10_last,day,car,mAP75,0.44662,4264,47715,True,2026-09-12T10:24:16.975555+00:00
t1_10_last,day,truck,mAP50-95,0.28405,4264,2532,True,2026-09-12T10:24:16.975555+00:00
t1_10_last,day,truck,mAP50,0.41747,4264,2532,True,2026-09-12T10:24:16.975555+00:00
t1_10_last,day,truck,mAP75,0.30135,4264,2532,True,2026-09-12T10:24:16.975555+00:00
t1_10_last,day,bus,mAP50-95,0.27919,4264,927,True,2026-09-12T10:24:16.975555+00:00
t1_10_last,day,bus,mAP50,0.37853,4264,927,True,2026-09-12T10:24:16.975555+00:00
t1_10_last,day,bus,mAP75,0.30227,4264,927,True,2026-09-12T10:24:16.975555+00:00
t1_10_last,day,motor,mAP50-95,0.09185,4264,262,False,2026-09-12T10:24:16.975555+00:00
t1_10_last,day,motor,mAP50,0.21644,4264,262,False,2026-09-12T10:24:16.975555+00:00
t1_10_last,day,motor,mAP75,0.05071,4264,262,False,2026-09-12T10:24:16.975555+00:00
t1_10_last,day,bike,mAP50-95,0.08837,4264,494,False,2026-09-12T10:24:16.975555+00:00
t1_10_last,day,bike,mAP50,0.22093,4264,494,False,2026-09-12T10:24:16.975555+00:00
t1_10_last,day,bike,mAP75,0.05877,4264,494,False,2026-09-12T10:24:16.975555+00:00
t1_10_last,day_adverse,all,mAP50-95,0.24239,823,9252,True,2026-09-12T10:24:16.975555+00:00
t1_10_last,day_adverse,all,mAP50,0.39421,823,9252,True,2026-09-12T10:24:16.975555+00:00
t1_10_last,day_adverse,all,mAP75,0.23815,823,9252,True,2026-09-12T10:24:16.975555+00:00
t1_10_last,day_adverse,car,mAP50-95,0.44849,823,8401,True,2026-09-12T10:24:16.975555+00:00
t1_10_last,day_adverse,car,mAP50,0.74081,823,8401,True,2026-09-12T10:24:16.975555+00:00
t1_10_last,day_adverse,car,mAP75,0.44853,823,8401,True,2026-09-12T10:24:16.975555+00:00
t1_10_last,day_adverse,truck,mAP50-95,0.29374,823,540,False,2026-09-12T10:24:16.975555+00:00
t1_10_last,day_adverse,truck,mAP50,0.43408,823,540,False,2026-09-12T10:24:16.975555+00:00
t1_10_last,day_adverse,truck,mAP75,0.31896,823,540,False,2026-09-12T10:24:16.975555+00:00
t1_10_last,day_adverse,bus,mAP50-95,0.23849,823,194,False,2026-09-12T10:24:16.975555+00:00
t1_10_last,day_adverse,bus,mAP50,0.33961,823,194,False,2026-09-12T10:24:16.975555+00:00
t1_10_last,day_adverse,bus,mAP75,0.24021,823,194,False,2026-09-12T10:24:16.975555+00:00
t1_10_last,day_adverse,motor,mAP50-95,0.13239,823,23,False,2026-09-12T10:24:16.975555+00:00
t1_10_last,day_adverse,motor,mAP50,0.2637,823,23,False,2026-09-12T10:24:16.975555+00:00
t1_10_last,day_adverse,motor,mAP75,0.08666,823,23,False,2026-09-12T10:24:16.975555+00:00
t1_10_last,day_adverse,bike,mAP50-95,0.09883,823,94,False,2026-09-12T10:24:16.975555+00:00
t1_10_last,day_adverse,bike,mAP50,0.19288,823,94,False,2026-09-12T10:24:16.975555+00:00
t1_10_last,day_adverse,bike,mAP75,0.09637,823,94,False,2026-09-12T10:24:16.975555+00:00
t1_10_last,day_clear,all,mAP50-95,0.23898,1764,21352,True,2026-09-12T10:24:16.975555+00:00
t1_10_last,day_clear,all,mAP50,0.39298,1764,21352,True,2026-09-12T10:24:16.975555+00:00
t1_10_last,day_clear,all,mAP75,0.23537,1764,21352,True,2026-09-12T10:24:16.975555+00:00
t1_10_last,day_clear,car,mAP50-95,0.4422,1764,19633,True,2026-09-12T10:24:16.975555+00:00
t1_10_last,day_clear,car,mAP50,0.72853,1764,19633,True,2026-09-12T10:24:16.975555+00:00
t1_10_last,day_clear,car,mAP75,0.44209,1764,19633,True,2026-09-12T10:24:16.975555+00:00
t1_10_last,day_clear,truck,mAP50-95,0.28106,1764,1021,True,2026-09-12T10:24:16.975555+00:00
t1_10_last,day_clear,truck,mAP50,0.40292,1764,1021,True,2026-09-12T10:24:16.975555+00:00
t1_10_last,day_clear,truck,mAP75,0.30369,1764,1021,True,2026-09-12T10:24:16.975555+00:00
t1_10_last,day_clear,bus,mAP50-95,0.30163,1764,380,False,2026-09-12T10:24:16.975555+00:00
t1_10_last,day_clear,bus,mAP50,0.40425,1764,380,False,2026-09-12T10:24:16.975555+00:00
t1_10_last,day_clear,bus,mAP75,0.33734,1764,380,False,2026-09-12T10:24:16.975555+00:00
t1_10_last,day_clear,motor,mAP50-95,0.09712,1764,111,False,2026-09-12T10:24:16.975555+00:00
t1_10_last,day_clear,motor,mAP50,0.22462,1764,111,False,2026-09-12T10:24:16.975555+00:00
t1_10_last,day_clear,motor,mAP75,0.05574,1764,111,False,2026-09-12T10:24:16.975555+00:00
t1_10_last,day_clear,bike,mAP50-95,0.07287,1764,207,False,2026-09-12T10:24:16.975555+00:00
t1_10_last,day_clear,bike,mAP50,0.2046,1764,207,False,2026-09-12T10:24:16.975555+00:00
t1_10_last,day_clear,bike,mAP75,0.03796,1764,207,False,2026-09-12T10:24:16.975555+00:00
t1_10_last,day_rainy,all,mAP50-95,0.2578,396,4356,True,2026-09-12T10:24:16.975555+00:00
t1_10_last,day_rainy,all,mAP50,0.41251,396,4356,True,2026-09-12T10:24:16.975555+00:00
t1_10_last,day_rainy,all,mAP75,0.26422,396,4356,True,2026-09-12T10:24:16.975555+00:00
t1_10_last,day_rainy,car,mAP50-95,0.4555,396,3930,True,2026-09-12T10:24:16.975555+00:00
t1_10_last,day_rainy,car,mAP50,0.75141,396,3930,True,2026-09-12T10:24:16.975555+00:00
t1_10_last,day_rainy,car,mAP75,0.4522,396,3930,True,2026-09-12T10:24:16.975555+00:00
t1_10_last,day_rainy,truck,mAP50-95,0.31797,396,272,False,2026-09-12T10:24:16.975555+00:00
t1_10_last,day_rainy,truck,mAP50,0.47313,396,272,False,2026-09-12T10:24:16.975555+00:00
t1_10_last,day_rainy,truck,mAP75,0.34185,396,272,False,2026-09-12T10:24:16.975555+00:00
t1_10_last,day_rainy,bus,mAP50-95,0.26425,396,97,False,2026-09-12T10:24:16.975555+00:00
t1_10_last,day_rainy,bus,mAP50,0.3721,396,97,False,2026-09-12T10:24:16.975555+00:00
t1_10_last,day_rainy,bus,mAP75,0.26496,396,97,False,2026-09-12T10:24:16.975555+00:00
t1_10_last,day_rainy,motor,mAP50-95,0.16223,396,16,False,2026-09-12T10:24:16.975555+00:00
t1_10_last,day_rainy,motor,mAP50,0.29103,396,16,False,2026-09-12T10:24:16.975555+00:00
t1_10_last,day_rainy,motor,mAP75,0.15266,396,16,False,2026-09-12T10:24:16.975555+00:00
t1_10_last,day_rainy,bike,mAP50-95,0.08905,396,41,False,2026-09-12T10:24:16.975555+00:00
t1_10_last,day_rainy,bike,mAP50,0.17487,396,41,False,2026-09-12T10:24:16.975555+00:00
t1_10_last,day_rainy,bike,mAP75,0.10941,396,41,False,2026-09-12T10:24:16.975555+00:00
t1_10_last,day_snowy,all,mAP50-95,0.2233,422,4842,True,2026-09-12T10:24:16.975555+00:00
t1_10_last,day_snowy,all,mAP50,0.36671,422,4842,True,2026-09-12T10:24:16.975555+00:00
t1_10_last,day_snowy,all,mAP75,0.21071,422,4842,True,2026-09-12T10:24:16.975555+00:00
t1_10_last,day_snowy,car,mAP50-95,0.44237,422,4421,True,2026-09-12T10:24:16.975555+00:00
t1_10_last,day_snowy,car,mAP50,0.73114,422,4421,True,2026-09-12T10:24:16.975555+00:00
t1_10_last,day_snowy,car,mAP75,0.44528,422,4421,True,2026-09-12T10:24:16.975555+00:00
t1_10_last,day_snowy,truck,mAP50-95,0.27559,422,264,False,2026-09-12T10:24:16.975555+00:00
t1_10_last,day_snowy,truck,mAP50,0.40219,422,264,False,2026-09-12T10:24:16.975555+00:00
t1_10_last,day_snowy,truck,mAP75,0.30339,422,264,False,2026-09-12T10:24:16.975555+00:00
t1_10_last,day_snowy,bus,mAP50-95,0.2135,422,97,False,2026-09-12T10:24:16.975555+00:00
t1_10_last,day_snowy,bus,mAP50,0.30972,422,97,False,2026-09-12T10:24:16.975555+00:00
t1_10_last,day_snowy,bus,mAP75,0.21042,422,97,False,2026-09-12T10:24:16.975555+00:00
t1_10_last,day_snowy,motor,mAP50-95,0.08137,422,7,False,2026-09-12T10:24:16.975555+00:00
t1_10_last,day_snowy,motor,mAP50,0.18761,422,7,False,2026-09-12T10:24:16.975555+00:00
t1_10_last,day_snowy,motor,mAP75,0.0,422,7,False,2026-09-12T10:24:16.975555+00:00
t1_10_last,day_snowy,bike,mAP50-95,0.10367,422,53,False,2026-09-12T10:24:16.975555+00:00
t1_10_last,day_snowy,bike,mAP50,0.20289,422,53,False,2026-09-12T10:24:16.975555+00:00
t1_10_last,day_snowy,bike,mAP75,0.09448,422,53,False,2026-09-12T10:24:16.975555+00:00
t1_10_last,foggy,all,mAP50-95,0.15657,13,144,False,2026-09-12T10:24:16.975555+00:00
t1_10_last,foggy,all,mAP50,0.39758,13,144,False,2026-09-12T10:24:16.975555+00:00
t1_10_last,foggy,all,mAP75,0.12954,13,144,False,2026-09-12T10:24:16.975555+00:00
t1_10_last,foggy,car,mAP50-95,0.40671,13,138,False,2026-09-12T10:24:16.975555+00:00
t1_10_last,foggy,car,mAP50,0.66675,13,138,False,2026-09-12T10:24:16.975555+00:00
t1_10_last,foggy,car,mAP75,0.38861,13,138,False,2026-09-12T10:24:16.975555+00:00
t1_10_last,foggy,truck,mAP50-95,0.013,13,5,False,2026-09-12T10:24:16.975555+00:00
t1_10_last,foggy,truck,mAP50,0.02599,13,5,False,2026-09-12T10:24:16.975555+00:00
t1_10_last,foggy,truck,mAP75,0.0,13,5,False,2026-09-12T10:24:16.975555+00:00
t1_10_last,foggy,bus,mAP50-95,,13,0,False,2026-09-12T10:24:16.975555+00:00
t1_10_last,foggy,bus,mAP50,,13,0,False,2026-09-12T10:24:16.975555+00:00
t1_10_last,foggy,bus,mAP75,,13,0,False,2026-09-12T10:24:16.975555+00:00
t1_10_last,foggy,motor,mAP50-95,0.05,13,1,False,2026-09-12T10:24:16.975555+00:00
t1_10_last,foggy,motor,mAP50,0.5,13,1,False,2026-09-12T10:24:16.975555+00:00
t1_10_last,foggy,motor,mAP75,0.0,13,1,False,2026-09-12T10:24:16.975555+00:00
t1_10_last,foggy,bike,mAP50-95,,13,0,False,2026-09-12T10:24:16.975555+00:00
t1_10_last,foggy,bike,mAP50,,13,0,False,2026-09-12T10:24:16.975555+00:00
t1_10_last,foggy,bike,mAP75,,13,0,False,2026-09-12T10:24:16.975555+00:00
t1_10_last,night,all,mAP50-95,0.22383,3863,36751,True,2026-09-12T10:24:16.975555+00:00
t1_10_last,night,all,mAP50,0.3803,3863,36751,True,2026-09-12T10:24:16.975555+00:00
t1_10_last,night,all,mAP75,0.22214,3863,36751,True,2026-09-12T10:24:16.975555+00:00
t1_10_last,night,car,mAP50-95,0.38836,3863,35439,True,2026-09-12T10:24:16.975555+00:00
t1_10_last,night,car,mAP50,0.71543,3863,35439,True,2026-09-12T10:24:16.975555+00:00
t1_10_last,night,car,mAP75,0.36323,3863,35439,True,2026-09-12T10:24:16.975555+00:00
t1_10_last,night,truck,mAP50-95,0.28404,3863,736,False,2026-09-12T10:24:16.975555+00:00
t1_10_last,night,truck,mAP50,0.41277,3863,736,False,2026-09-12T10:24:16.975555+00:00
t1_10_last,night,truck,mAP75,0.31154,3863,736,False,2026-09-12T10:24:16.975555+00:00
t1_10_last,night,bus,mAP50-95,0.28527,3863,297,False,2026-09-12T10:24:16.975555+00:00
t1_10_last,night,bus,mAP50,0.38484,3863,297,False,2026-09-12T10:24:16.975555+00:00
t1_10_last,night,bus,mAP75,0.32541,3863,297,False,2026-09-12T10:24:16.975555+00:00
t1_10_last,night,motor,mAP50-95,0.08887,3863,93,False,2026-09-12T10:24:16.975555+00:00
t1_10_last,night,motor,mAP50,0.20278,3863,93,False,2026-09-12T10:24:16.975555+00:00
t1_10_last,night,motor,mAP75,0.06498,3863,93,False,2026-09-12T10:24:16.975555+00:00
t1_10_last,night,bike,mAP50-95,0.07262,3863,186,False,2026-09-12T10:24:16.975555+00:00
t1_10_last,night,bike,mAP50,0.18568,3863,186,False,2026-09-12T10:24:16.975555+00:00
t1_10_last,night,bike,mAP75,0.04554,3863,186,False,2026-09-12T10:24:16.975555+00:00
t1_10_last,night_adverse,all,mAP50-95,0.22624,566,4986,True,2026-09-12T10:24:16.975555+00:00
t1_10_last,night_adverse,all,mAP50,0.36337,566,4986,True,2026-09-12T10:24:16.975555+00:00
t1_10_last,night_adverse,all,mAP75,0.22721,566,4986,True,2026-09-12T10:24:16.975555+00:00
t1_10_last,night_adverse,car,mAP50-95,0.39549,566,4743,True,2026-09-12T10:24:16.975555+00:00
t1_10_last,night_adverse,car,mAP50,0.7053,566,4743,True,2026-09-12T10:24:16.975555+00:00
t1_10_last,night_adverse,car,mAP75,0.37925,566,4743,True,2026-09-12T10:24:16.975555+00:00
t1_10_last,night_adverse,truck,mAP50-95,0.25423,566,156,False,2026-09-12T10:24:16.975555+00:00
t1_10_last,night_adverse,truck,mAP50,0.37127,566,156,False,2026-09-12T10:24:16.975555+00:00
t1_10_last,night_adverse,truck,mAP75,0.28159,566,156,False,2026-09-12T10:24:16.975555+00:00
t1_10_last,night_adverse,bus,mAP50-95,0.37324,566,41,False,2026-09-12T10:24:16.975555+00:00
t1_10_last,night_adverse,bus,mAP50,0.46731,566,41,False,2026-09-12T10:24:16.975555+00:00
t1_10_last,night_adverse,bus,mAP75,0.43421,566,41,False,2026-09-12T10:24:16.975555+00:00
t1_10_last,night_adverse,motor,mAP50-95,0.05126,566,12,False,2026-09-12T10:24:16.975555+00:00
t1_10_last,night_adverse,motor,mAP50,0.11489,566,12,False,2026-09-12T10:24:16.975555+00:00
t1_10_last,night_adverse,motor,mAP75,0.01371,566,12,False,2026-09-12T10:24:16.975555+00:00
t1_10_last,night_adverse,bike,mAP50-95,0.05696,566,34,False,2026-09-12T10:24:16.975555+00:00
t1_10_last,night_adverse,bike,mAP50,0.15809,566,34,False,2026-09-12T10:24:16.975555+00:00
t1_10_last,night_adverse,bike,mAP75,0.02727,566,34,False,2026-09-12T10:24:16.975555+00:00
t1_10_last,night_clear,all,mAP50-95,0.22531,3274,31550,True,2026-09-12T10:24:16.975555+00:00
t1_10_last,night_clear,all,mAP50,0.38721,3274,31550,True,2026-09-12T10:24:16.975555+00:00
t1_10_last,night_clear,all,mAP75,0.22391,3274,31550,True,2026-09-12T10:24:16.975555+00:00
t1_10_last,night_clear,car,mAP50-95,0.38691,3274,30489,True,2026-09-12T10:24:16.975555+00:00
t1_10_last,night_clear,car,mAP50,0.71674,3274,30489,True,2026-09-12T10:24:16.975555+00:00
t1_10_last,night_clear,car,mAP75,0.36037,3274,30489,True,2026-09-12T10:24:16.975555+00:00
t1_10_last,night_clear,truck,mAP50-95,0.29084,3274,577,False,2026-09-12T10:24:16.975555+00:00
t1_10_last,night_clear,truck,mAP50,0.42242,3274,577,False,2026-09-12T10:24:16.975555+00:00
t1_10_last,night_clear,truck,mAP75,0.31747,3274,577,False,2026-09-12T10:24:16.975555+00:00
t1_10_last,night_clear,bus,mAP50-95,0.26757,3274,251,False,2026-09-12T10:24:16.975555+00:00
t1_10_last,night_clear,bus,mAP50,0.36566,3274,251,False,2026-09-12T10:24:16.975555+00:00
t1_10_last,night_clear,bus,mAP75,0.30362,3274,251,False,2026-09-12T10:24:16.975555+00:00
t1_10_last,night_clear,motor,mAP50-95,0.10294,3274,81,False,2026-09-12T10:24:16.975555+00:00
t1_10_last,night_clear,motor,mAP50,0.2336,3274,81,False,2026-09-12T10:24:16.975555+00:00
t1_10_last,night_clear,motor,mAP75,0.08676,3274,81,False,2026-09-12T10:24:16.975555+00:00
t1_10_last,night_clear,bike,mAP50-95,0.07827,3274,152,False,2026-09-12T10:24:16.975555+00:00
t1_10_last,night_clear,bike,mAP50,0.19763,3274,152,False,2026-09-12T10:24:16.975555+00:00
t1_10_last,night_clear,bike,mAP75,0.05134,3274,152,False,2026-09-12T10:24:16.975555+00:00
t1_10_last,night_rainy,all,mAP50-95,0.27623,286,2535,True,2026-09-12T10:24:16.975555+00:00
t1_10_last,night_rainy,all,mAP50,0.42987,286,2535,True,2026-09-12T10:24:16.975555+00:00
t1_10_last,night_rainy,all,mAP75,0.27386,286,2535,True,2026-09-12T10:24:16.975555+00:00
t1_10_last,night_rainy,car,mAP50-95,0.38689,286,2416,True,2026-09-12T10:24:16.975555+00:00
t1_10_last,night_rainy,car,mAP50,0.69303,286,2416,True,2026-09-12T10:24:16.975555+00:00
t1_10_last,night_rainy,car,mAP75,0.37751,286,2416,True,2026-09-12T10:24:16.975555+00:00
t1_10_last,night_rainy,truck,mAP50-95,0.3302,286,72,False,2026-09-12T10:24:16.975555+00:00
t1_10_last,night_rainy,truck,mAP50,0.49167,286,72,False,2026-09-12T10:24:16.975555+00:00
t1_10_last,night_rainy,truck,mAP75,0.36935,286,72,False,2026-09-12T10:24:16.975555+00:00
t1_10_last,night_rainy,bus,mAP50-95,0.48073,286,22,False,2026-09-12T10:24:16.975555+00:00
t1_10_last,night_rainy,bus,mAP50,0.58785,286,22,False,2026-09-12T10:24:16.975555+00:00
t1_10_last,night_rainy,bus,mAP75,0.53689,286,22,False,2026-09-12T10:24:16.975555+00:00
t1_10_last,night_rainy,motor,mAP50-95,0.06199,286,10,False,2026-09-12T10:24:16.975555+00:00
t1_10_last,night_rainy,motor,mAP50,0.14014,286,10,False,2026-09-12T10:24:16.975555+00:00
t1_10_last,night_rainy,motor,mAP75,0.01556,286,10,False,2026-09-12T10:24:16.975555+00:00
t1_10_last,night_rainy,bike,mAP50-95,0.12136,286,15,False,2026-09-12T10:24:16.975555+00:00
t1_10_last,night_rainy,bike,mAP50,0.23667,286,15,False,2026-09-12T10:24:16.975555+00:00
t1_10_last,night_rainy,bike,mAP75,0.06999,286,15,False,2026-09-12T10:24:16.975555+00:00
t1_10_last,night_snowy,all,mAP50-95,0.18612,273,2374,True,2026-09-12T10:24:16.975555+00:00
t1_10_last,night_snowy,all,mAP50,0.30122,273,2374,True,2026-09-12T10:24:16.975555+00:00
t1_10_last,night_snowy,all,mAP75,0.19437,273,2374,True,2026-09-12T10:24:16.975555+00:00
t1_10_last,night_snowy,car,mAP50-95,0.40745,273,2251,True,2026-09-12T10:24:16.975555+00:00
t1_10_last,night_snowy,car,mAP50,0.72494,273,2251,True,2026-09-12T10:24:16.975555+00:00
t1_10_last,night_snowy,car,mAP75,0.38422,273,2251,True,2026-09-12T10:24:16.975555+00:00
t1_10_last,night_snowy,truck,mAP50-95,0.19669,273,83,False,2026-09-12T10:24:16.975555+00:00
t1_10_last,night_snowy,truck,mAP50,0.27655,273,83,False,2026-09-12T10:24:16.975555+00:00
t1_10_last,night_snowy,truck,mAP75,0.20988,273,83,False,2026-09-12T10:24:16.975555+00:00
t1_10_last,night_snowy,bus,mAP50-95,0.2836,273,19,False,2026-09-12T10:24:16.975555+00:00
t1_10_last,night_snowy,bus,mAP50,0.36133,273,19,False,2026-09-12T10:24:16.975555+00:00
t1_10_last,night_snowy,bus,mAP75,0.34126,273,19,False,2026-09-12T10:24:16.975555+00:00
t1_10_last,night_snowy,motor,mAP50-95,0.02885,273,2,False,2026-09-12T10:24:16.975555+00:00
t1_10_last,night_snowy,motor,mAP50,0.03607,273,2,False,2026-09-12T10:24:16.975555+00:00
t1_10_last,night_snowy,motor,mAP75,0.03607,273,2,False,2026-09-12T10:24:16.975555+00:00
t1_10_last,night_snowy,bike,mAP50-95,0.01398,273,19,False,2026-09-12T10:24:16.975555+00:00
t1_10_last,night_snowy,bike,mAP50,0.10723,273,19,False,2026-09-12T10:24:16.975555+00:00
t1_10_last,night_snowy,bike,mAP75,0.0004,273,19,False,2026-09-12T10:24:16.975555+00:00
t1_10_last,overcast,all,mAP50-95,0.24631,1239,15505,True,2026-09-12T10:24:16.975555+00:00
t1_10_last,overcast,all,mAP50,0.40801,1239,15505,True,2026-09-12T10:24:16.975555+00:00
t1_10_last,overcast,all,mAP75,0.23815,1239,15505,True,2026-09-12T10:24:16.975555+00:00
t1_10_last,overcast,car,mAP50-95,0.45795,1239,14370,True,2026-09-12T10:24:16.975555+00:00
t1_10_last,overcast,car,mAP50,0.75125,1239,14370,True,2026-09-12T10:24:16.975555+00:00
t1_10_last,overcast,car,mAP75,0.45796,1239,14370,True,2026-09-12T10:24:16.975555+00:00
t1_10_last,overcast,truck,mAP50-95,0.29734,1239,660,False,2026-09-12T10:24:16.975555+00:00
t1_10_last,overcast,truck,mAP50,0.43713,1239,660,False,2026-09-12T10:24:16.975555+00:00
t1_10_last,overcast,truck,mAP75,0.31527,1239,660,False,2026-09-12T10:24:16.975555+00:00
t1_10_last,overcast,bus,mAP50-95,0.28477,1239,262,False,2026-09-12T10:24:16.975555+00:00
t1_10_last,overcast,bus,mAP50,0.38353,1239,262,False,2026-09-12T10:24:16.975555+00:00
t1_10_last,overcast,bus,mAP75,0.30551,1239,262,False,2026-09-12T10:24:16.975555+00:00
t1_10_last,overcast,motor,mAP50-95,0.07592,1239,72,False,2026-09-12T10:24:16.975555+00:00
t1_10_last,overcast,motor,mAP50,0.18654,1239,72,False,2026-09-12T10:24:16.975555+00:00
t1_10_last,overcast,motor,mAP75,0.03895,1239,72,False,2026-09-12T10:24:16.975555+00:00
t1_10_last,overcast,bike,mAP50-95,0.11555,1239,141,False,2026-09-12T10:24:16.975555+00:00
t1_10_last,overcast,bike,mAP50,0.28161,1239,141,False,2026-09-12T10:24:16.975555+00:00
t1_10_last,overcast,bike,mAP75,0.07306,1239,141,False,2026-09-12T10:24:16.975555+00:00
t1_10_last,partlycloudy,all,mAP50-95,0.24167,738,9256,True,2026-09-12T10:24:16.975555+00:00
t1_10_last,partlycloudy,all,mAP50,0.39819,738,9256,True,2026-09-12T10:24:16.975555+00:00
t1_10_last,partlycloudy,all,mAP75,0.23618,738,9256,True,2026-09-12T10:24:16.975555+00:00
t1_10_last,partlycloudy,car,mAP50-95,0.4397,738,8526,True,2026-09-12T10:24:16.975555+00:00
t1_10_last,partlycloudy,car,mAP50,0.72825,738,8526,True,2026-09-12T10:24:16.975555+00:00
t1_10_last,partlycloudy,car,mAP75,0.43856,738,8526,True,2026-09-12T10:24:16.975555+00:00
t1_10_last,partlycloudy,truck,mAP50-95,0.28865,738,454,False,2026-09-12T10:24:16.975555+00:00
t1_10_last,partlycloudy,truck,mAP50,0.43197,738,454,False,2026-09-12T10:24:16.975555+00:00
t1_10_last,partlycloudy,truck,mAP75,0.28791,738,454,False,2026-09-12T10:24:16.975555+00:00
t1_10_last,partlycloudy,bus,mAP50-95,0.29158,738,142,False,2026-09-12T10:24:16.975555+00:00
t1_10_last,partlycloudy,bus,mAP50,0.37511,738,142,False,2026-09-12T10:24:16.975555+00:00
t1_10_last,partlycloudy,bus,mAP75,0.33073,738,142,False,2026-09-12T10:24:16.975555+00:00
t1_10_last,partlycloudy,motor,mAP50-95,0.11607,738,65,False,2026-09-12T10:24:16.975555+00:00
t1_10_last,partlycloudy,motor,mAP50,0.26184,738,65,False,2026-09-12T10:24:16.975555+00:00
t1_10_last,partlycloudy,motor,mAP75,0.07931,738,65,False,2026-09-12T10:24:16.975555+00:00
t1_10_last,partlycloudy,bike,mAP50-95,0.07237,738,69,False,2026-09-12T10:24:16.975555+00:00
t1_10_last,partlycloudy,bike,mAP50,0.1938,738,69,False,2026-09-12T10:24:16.975555+00:00
t1_10_last,partlycloudy,bike,mAP75,0.04441,738,69,False,2026-09-12T10:24:16.975555+00:00
t1_10_last,rainy,all,mAP50-95,0.25,737,7541,True,2026-09-12T10:24:16.975555+00:00
t1_10_last,rainy,all,mAP50,0.39889,737,7541,True,2026-09-12T10:24:16.975555+00:00
t1_10_last,rainy,all,mAP75,0.25353,737,7541,True,2026-09-12T10:24:16.975555+00:00
t1_10_last,rainy,car,mAP50-95,0.42922,737,6944,True,2026-09-12T10:24:16.975555+00:00
t1_10_last,rainy,car,mAP50,0.72713,737,6944,True,2026-09-12T10:24:16.975555+00:00
t1_10_last,rainy,car,mAP75,0.42283,737,6944,True,2026-09-12T10:24:16.975555+00:00
t1_10_last,rainy,truck,mAP50-95,0.32254,737,378,False,2026-09-12T10:24:16.975555+00:00
t1_10_last,rainy,truck,mAP50,0.47999,737,378,False,2026-09-12T10:24:16.975555+00:00
t1_10_last,rainy,truck,mAP75,0.35608,737,378,False,2026-09-12T10:24:16.975555+00:00
t1_10_last,rainy,bus,mAP50-95,0.30618,737,132,False,2026-09-12T10:24:16.975555+00:00
t1_10_last,rainy,bus,mAP50,0.41346,737,132,False,2026-09-12T10:24:16.975555+00:00
t1_10_last,rainy,bus,mAP75,0.31885,737,132,False,2026-09-12T10:24:16.975555+00:00
t1_10_last,rainy,motor,mAP50-95,0.09067,737,30,False,2026-09-12T10:24:16.975555+00:00
t1_10_last,rainy,motor,mAP50,0.17588,737,30,False,2026-09-12T10:24:16.975555+00:00
t1_10_last,rainy,motor,mAP75,0.06717,737,30,False,2026-09-12T10:24:16.975555+00:00
t1_10_last,rainy,bike,mAP50-95,0.10139,737,57,False,2026-09-12T10:24:16.975555+00:00
t1_10_last,rainy,bike,mAP50,0.19797,737,57,False,2026-09-12T10:24:16.975555+00:00
t1_10_last,rainy,bike,mAP75,0.10272,737,57,False,2026-09-12T10:24:16.975555+00:00
t1_10_last,snowy,all,mAP50-95,0.20559,769,8080,True,2026-09-12T10:24:16.975555+00:00
t1_10_last,snowy,all,mAP50,0.34028,769,8080,True,2026-09-12T10:24:16.975555+00:00
t1_10_last,snowy,all,mAP75,0.19517,769,8080,True,2026-09-12T10:24:16.975555+00:00
t1_10_last,snowy,car,mAP50-95,0.42978,769,7486,True,2026-09-12T10:24:16.975555+00:00
t1_10_last,snowy,car,mAP50,0.72558,769,7486,True,2026-09-12T10:24:16.975555+00:00
t1_10_last,snowy,car,mAP75,0.42556,769,7486,True,2026-09-12T10:24:16.975555+00:00
t1_10_last,snowy,truck,mAP50-95,0.25044,769,371,False,2026-09-12T10:24:16.975555+00:00
t1_10_last,snowy,truck,mAP50,0.36159,769,371,False,2026-09-12T10:24:16.975555+00:00
t1_10_last,snowy,truck,mAP75,0.27688,769,371,False,2026-09-12T10:24:16.975555+00:00
t1_10_last,snowy,bus,mAP50-95,0.19574,769,133,False,2026-09-12T10:24:16.975555+00:00
t1_10_last,snowy,bus,mAP50,0.27967,769,133,False,2026-09-12T10:24:16.975555+00:00
t1_10_last,snowy,bus,mAP75,0.20563,769,133,False,2026-09-12T10:24:16.975555+00:00
t1_10_last,snowy,motor,mAP50-95,0.06746,769,9,False,2026-09-12T10:24:16.975555+00:00
t1_10_last,snowy,motor,mAP50,0.14604,769,9,False,2026-09-12T10:24:16.975555+00:00
t1_10_last,snowy,motor,mAP75,0.00258,769,9,False,2026-09-12T10:24:16.975555+00:00
t1_10_last,snowy,bike,mAP50-95,0.08452,769,81,False,2026-09-12T10:24:16.975555+00:00
t1_10_last,snowy,bike,mAP50,0.18849,769,81,False,2026-09-12T10:24:16.975555+00:00
t1_10_last,snowy,bike,mAP75,0.06517,769,81,False,2026-09-12T10:24:16.975555+00:00
t1_10_e90,overall,all,mAP50-95,0.23234,8841,97193,True,2026-09-12T10:24:16.975555+00:00
t1_10_e90,overall,all,mAP50,0.38784,8841,97193,True,2026-09-12T10:24:16.975555+00:00
t1_10_e90,overall,all,mAP75,0.22715,8841,97193,True,2026-09-12T10:24:16.975555+00:00
t1_10_e90,overall,car,mAP50-95,0.42477,8841,91118,True,2026-09-12T10:24:16.975555+00:00
t1_10_e90,overall,car,mAP50,0.72902,8841,91118,True,2026-09-12T10:24:16.975555+00:00
t1_10_e90,overall,car,mAP75,0.41484,8841,91118,True,2026-09-12T10:24:16.975555+00:00
t1_10_e90,overall,truck,mAP50-95,0.28026,8841,3608,True,2026-09-12T10:24:16.975555+00:00
t1_10_e90,overall,truck,mAP50,0.40933,8841,3608,True,2026-09-12T10:24:16.975555+00:00
t1_10_e90,overall,truck,mAP75,0.30344,8841,3608,True,2026-09-12T10:24:16.975555+00:00
t1_10_e90,overall,bus,mAP50-95,0.27613,8841,1351,True,2026-09-12T10:24:16.975555+00:00
t1_10_e90,overall,bus,mAP50,0.37722,8841,1351,True,2026-09-12T10:24:16.975555+00:00
t1_10_e90,overall,bus,mAP75,0.30405,8841,1351,True,2026-09-12T10:24:16.975555+00:00
t1_10_e90,overall,motor,mAP50-95,0.09372,8841,377,False,2026-09-12T10:24:16.975555+00:00
t1_10_e90,overall,motor,mAP50,0.20867,8841,377,False,2026-09-12T10:24:16.975555+00:00
t1_10_e90,overall,motor,mAP75,0.06353,8841,377,False,2026-09-12T10:24:16.975555+00:00
t1_10_e90,overall,bike,mAP50-95,0.08681,8841,739,False,2026-09-12T10:24:16.975555+00:00
t1_10_e90,overall,bike,mAP50,0.21495,8841,739,False,2026-09-12T10:24:16.975555+00:00
t1_10_e90,overall,bike,mAP75,0.0499,8841,739,False,2026-09-12T10:24:16.975555+00:00
t1_10_e90,adverse,all,mAP50-95,0.22707,1519,15765,True,2026-09-12T10:24:16.975555+00:00
t1_10_e90,adverse,all,mAP50,0.37004,1519,15765,True,2026-09-12T10:24:16.975555+00:00
t1_10_e90,adverse,all,mAP75,0.22089,1519,15765,True,2026-09-12T10:24:16.975555+00:00
t1_10_e90,adverse,car,mAP50-95,0.43083,1519,14568,True,2026-09-12T10:24:16.975555+00:00
t1_10_e90,adverse,car,mAP50,0.72685,1519,14568,True,2026-09-12T10:24:16.975555+00:00
t1_10_e90,adverse,car,mAP75,0.42686,1519,14568,True,2026-09-12T10:24:16.975555+00:00
t1_10_e90,adverse,truck,mAP50-95,0.28711,1519,754,False,2026-09-12T10:24:16.975555+00:00
t1_10_e90,adverse,truck,mAP50,0.4196,1519,754,False,2026-09-12T10:24:16.975555+00:00
t1_10_e90,adverse,truck,mAP75,0.32072,1519,754,False,2026-09-12T10:24:16.975555+00:00
t1_10_e90,adverse,bus,mAP50-95,0.24048,1519,265,False,2026-09-12T10:24:16.975555+00:00
t1_10_e90,adverse,bus,mAP50,0.33458,1519,265,False,2026-09-12T10:24:16.975555+00:00
t1_10_e90,adverse,bus,mAP75,0.25139,1519,265,False,2026-09-12T10:24:16.975555+00:00
t1_10_e90,adverse,motor,mAP50-95,0.08605,1519,40,False,2026-09-12T10:24:16.975555+00:00
t1_10_e90,adverse,motor,mAP50,0.17751,1519,40,False,2026-09-12T10:24:16.975555+00:00
t1_10_e90,adverse,motor,mAP75,0.03614,1519,40,False,2026-09-12T10:24:16.975555+00:00
t1_10_e90,adverse,bike,mAP50-95,0.09088,1519,138,False,2026-09-12T10:24:16.975555+00:00
t1_10_e90,adverse,bike,mAP50,0.19168,1519,138,False,2026-09-12T10:24:16.975555+00:00
t1_10_e90,adverse,bike,mAP75,0.06931,1519,138,False,2026-09-12T10:24:16.975555+00:00
t1_10_e90,benign,all,mAP50-95,0.23435,7322,81428,True,2026-09-12T10:24:16.975555+00:00
t1_10_e90,benign,all,mAP50,0.39241,7322,81428,True,2026-09-12T10:24:16.975555+00:00
t1_10_e90,benign,all,mAP75,0.22905,7322,81428,True,2026-09-12T10:24:16.975555+00:00
t1_10_e90,benign,car,mAP50-95,0.4239,7322,76550,True,2026-09-12T10:24:16.975555+00:00
t1_10_e90,benign,car,mAP50,0.7299,7322,76550,True,2026-09-12T10:24:16.975555+00:00
t1_10_e90,benign,car,mAP75,0.41301,7322,76550,True,2026-09-12T10:24:16.975555+00:00
t1_10_e90,benign,truck,mAP50-95,0.27913,7322,2854,True,2026-09-12T10:24:16.975555+00:00
t1_10_e90,benign,truck,mAP50,0.40757,7322,2854,True,2026-09-12T10:24:16.975555+00:00
t1_10_e90,benign,truck,mAP75,0.29955,7322,2854,True,2026-09-12T10:24:16.975555+00:00
t1_10_e90,benign,bus,mAP50-95,0.28607,7322,1086,True,2026-09-12T10:24:16.975555+00:00
t1_10_e90,benign,bus,mAP50,0.38894,7322,1086,True,2026-09-12T10:24:16.975555+00:00
t1_10_e90,benign,bus,mAP75,0.31771,7322,1086,True,2026-09-12T10:24:16.975555+00:00
t1_10_e90,benign,motor,mAP50-95,0.09598,7322,337,False,2026-09-12T10:24:16.975555+00:00
t1_10_e90,benign,motor,mAP50,0.21459,7322,337,False,2026-09-12T10:24:16.975555+00:00
t1_10_e90,benign,motor,mAP75,0.06988,7322,337,False,2026-09-12T10:24:16.975555+00:00
t1_10_e90,benign,bike,mAP50-95,0.08666,7322,601,False,2026-09-12T10:24:16.975555+00:00
t1_10_e90,benign,bike,mAP50,0.22106,7322,601,False,2026-09-12T10:24:16.975555+00:00
t1_10_e90,benign,bike,mAP75,0.0451,7322,601,False,2026-09-12T10:24:16.975555+00:00
t1_10_e90,clear,all,mAP50-95,0.23296,5345,56667,True,2026-09-12T10:24:16.975555+00:00
t1_10_e90,clear,all,mAP50,0.39159,5345,56667,True,2026-09-12T10:24:16.975555+00:00
t1_10_e90,clear,all,mAP75,0.22848,5345,56667,True,2026-09-12T10:24:16.975555+00:00
t1_10_e90,clear,car,mAP50-95,0.4122,5345,53654,True,2026-09-12T10:24:16.975555+00:00
t1_10_e90,clear,car,mAP50,0.7247,5345,53654,True,2026-09-12T10:24:16.975555+00:00
t1_10_e90,clear,car,mAP75,0.39679,5345,53654,True,2026-09-12T10:24:16.975555+00:00
t1_10_e90,clear,truck,mAP50-95,0.27696,5345,1740,True,2026-09-12T10:24:16.975555+00:00
t1_10_e90,clear,truck,mAP50,0.39941,5345,1740,True,2026-09-12T10:24:16.975555+00:00
t1_10_e90,clear,truck,mAP75,0.30583,5345,1740,True,2026-09-12T10:24:16.975555+00:00
t1_10_e90,clear,bus,mAP50-95,0.29201,5345,682,False,2026-09-12T10:24:16.975555+00:00
t1_10_e90,clear,bus,mAP50,0.40086,5345,682,False,2026-09-12T10:24:16.975555+00:00
t1_10_e90,clear,bus,mAP75,0.33039,5345,682,False,2026-09-12T10:24:16.975555+00:00
t1_10_e90,clear,motor,mAP50-95,0.10049,5345,200,False,2026-09-12T10:24:16.975555+00:00
t1_10_e90,clear,motor,mAP50,0.22325,5345,200,False,2026-09-12T10:24:16.975555+00:00
t1_10_e90,clear,motor,mAP75,0.0683,5345,200,False,2026-09-12T10:24:16.975555+00:00
t1_10_e90,clear,bike,mAP50-95,0.08315,5345,391,False,2026-09-12T10:24:16.975555+00:00
t1_10_e90,clear,bike,mAP50,0.20971,5345,391,False,2026-09-12T10:24:16.975555+00:00
t1_10_e90,clear,bike,mAP75,0.04109,5345,391,False,2026-09-12T10:24:16.975555+00:00
t1_10_e90,dawndusk,all,mAP50-95,0.24317,714,8512,True,2026-09-12T10:24:16.975555+00:00
t1_10_e90,dawndusk,all,mAP50,0.39165,714,8512,True,2026-09-12T10:24:16.975555+00:00
t1_10_e90,dawndusk,all,mAP75,0.2417,714,8512,True,2026-09-12T10:24:16.975555+00:00
t1_10_e90,dawndusk,car,mAP50-95,0.43974,714,7964,True,2026-09-12T10:24:16.975555+00:00
t1_10_e90,dawndusk,car,mAP50,0.72762,714,7964,True,2026-09-12T10:24:16.975555+00:00
t1_10_e90,dawndusk,car,mAP75,0.44105,714,7964,True,2026-09-12T10:24:16.975555+00:00
t1_10_e90,dawndusk,truck,mAP50-95,0.28471,714,340,False,2026-09-12T10:24:16.975555+00:00
t1_10_e90,dawndusk,truck,mAP50,0.39972,714,340,False,2026-09-12T10:24:16.975555+00:00
t1_10_e90,dawndusk,truck,mAP75,0.32019,714,340,False,2026-09-12T10:24:16.975555+00:00
t1_10_e90,dawndusk,bus,mAP50-95,0.30086,714,127,False,2026-09-12T10:24:16.975555+00:00
t1_10_e90,dawndusk,bus,mAP50,0.39147,714,127,False,2026-09-12T10:24:16.975555+00:00
t1_10_e90,dawndusk,bus,mAP75,0.34546,714,127,False,2026-09-12T10:24:16.975555+00:00
t1_10_e90,dawndusk,motor,mAP50-95,0.05453,714,22,False,2026-09-12T10:24:16.975555+00:00
t1_10_e90,dawndusk,motor,mAP50,0.14494,714,22,False,2026-09-12T10:24:16.975555+00:00
t1_10_e90,dawndusk,motor,mAP75,0.018,714,22,False,2026-09-12T10:24:16.975555+00:00
t1_10_e90,dawndusk,bike,mAP50-95,0.136,714,59,False,2026-09-12T10:24:16.975555+00:00
t1_10_e90,dawndusk,bike,mAP50,0.29452,714,59,False,2026-09-12T10:24:16.975555+00:00
t1_10_e90,dawndusk,bike,mAP75,0.08378,714,59,False,2026-09-12T10:24:16.975555+00:00
t1_10_e90,day,all,mAP50-95,0.23817,4264,51930,True,2026-09-12T10:24:16.975555+00:00
t1_10_e90,day,all,mAP50,0.39369,4264,51930,True,2026-09-12T10:24:16.975555+00:00
t1_10_e90,day,all,mAP75,0.23258,4264,51930,True,2026-09-12T10:24:16.975555+00:00
t1_10_e90,day,car,mAP50-95,0.44817,4264,47715,True,2026-09-12T10:24:16.975555+00:00
t1_10_e90,day,car,mAP50,0.7391,4264,47715,True,2026-09-12T10:24:16.975555+00:00
t1_10_e90,day,car,mAP75,0.44764,4264,47715,True,2026-09-12T10:24:16.975555+00:00
t1_10_e90,day,truck,mAP50-95,0.28132,4264,2532,True,2026-09-12T10:24:16.975555+00:00
t1_10_e90,day,truck,mAP50,0.41385,4264,2532,True,2026-09-12T10:24:16.975555+00:00
t1_10_e90,day,truck,mAP75,0.3002,4264,2532,True,2026-09-12T10:24:16.975555+00:00
t1_10_e90,day,bus,mAP50-95,0.27366,4264,927,True,2026-09-12T10:24:16.975555+00:00
t1_10_e90,day,bus,mAP50,0.37708,4264,927,True,2026-09-12T10:24:16.975555+00:00
t1_10_e90,day,bus,mAP75,0.29364,4264,927,True,2026-09-12T10:24:16.975555+00:00
t1_10_e90,day,motor,mAP50-95,0.09825,4264,262,False,2026-09-12T10:24:16.975555+00:00
t1_10_e90,day,motor,mAP50,0.21638,4264,262,False,2026-09-12T10:24:16.975555+00:00
t1_10_e90,day,motor,mAP75,0.06593,4264,262,False,2026-09-12T10:24:16.975555+00:00
t1_10_e90,day,bike,mAP50-95,0.08944,4264,494,False,2026-09-12T10:24:16.975555+00:00
t1_10_e90,day,bike,mAP50,0.22202,4264,494,False,2026-09-12T10:24:16.975555+00:00
t1_10_e90,day,bike,mAP75,0.05546,4264,494,False,2026-09-12T10:24:16.975555+00:00
t1_10_e90,day_adverse,all,mAP50-95,0.24428,823,9252,True,2026-09-12T10:24:16.975555+00:00
t1_10_e90,day_adverse,all,mAP50,0.39653,823,9252,True,2026-09-12T10:24:16.975555+00:00
t1_10_e90,day_adverse,all,mAP75,0.23666,823,9252,True,2026-09-12T10:24:16.975555+00:00
t1_10_e90,day_adverse,car,mAP50-95,0.44952,823,8401,True,2026-09-12T10:24:16.975555+00:00
t1_10_e90,day_adverse,car,mAP50,0.74097,823,8401,True,2026-09-12T10:24:16.975555+00:00
t1_10_e90,day_adverse,car,mAP75,0.45194,823,8401,True,2026-09-12T10:24:16.975555+00:00
t1_10_e90,day_adverse,truck,mAP50-95,0.30409,823,540,False,2026-09-12T10:24:16.975555+00:00
t1_10_e90,day_adverse,truck,mAP50,0.44477,823,540,False,2026-09-12T10:24:16.975555+00:00
t1_10_e90,day_adverse,truck,mAP75,0.338,823,540,False,2026-09-12T10:24:16.975555+00:00
t1_10_e90,day_adverse,bus,mAP50-95,0.23651,823,194,False,2026-09-12T10:24:16.975555+00:00
t1_10_e90,day_adverse,bus,mAP50,0.33724,823,194,False,2026-09-12T10:24:16.975555+00:00
t1_10_e90,day_adverse,bus,mAP75,0.24051,823,194,False,2026-09-12T10:24:16.975555+00:00
t1_10_e90,day_adverse,motor,mAP50-95,0.13307,823,23,False,2026-09-12T10:24:16.975555+00:00
t1_10_e90,day_adverse,motor,mAP50,0.25711,823,23,False,2026-09-12T10:24:16.975555+00:00
t1_10_e90,day_adverse,motor,mAP75,0.07014,823,23,False,2026-09-12T10:24:16.975555+00:00
t1_10_e90,day_adverse,bike,mAP50-95,0.0982,823,94,False,2026-09-12T10:24:16.975555+00:00
t1_10_e90,day_adverse,bike,mAP50,0.20257,823,94,False,2026-09-12T10:24:16.975555+00:00
t1_10_e90,day_adverse,bike,mAP75,0.08269,823,94,False,2026-09-12T10:24:16.975555+00:00
t1_10_e90,day_clear,all,mAP50-95,0.23877,1764,21352,True,2026-09-12T10:24:16.975555+00:00
t1_10_e90,day_clear,all,mAP50,0.39209,1764,21352,True,2026-09-12T10:24:16.975555+00:00
t1_10_e90,day_clear,all,mAP75,0.23211,1764,21352,True,2026-09-12T10:24:16.975555+00:00
t1_10_e90,day_clear,car,mAP50-95,0.44316,1764,19633,True,2026-09-12T10:24:16.975555+00:00
t1_10_e90,day_clear,car,mAP50,0.72999,1764,19633,True,2026-09-12T10:24:16.975555+00:00
t1_10_e90,day_clear,car,mAP75,0.44239,1764,19633,True,2026-09-12T10:24:16.975555+00:00
t1_10_e90,day_clear,truck,mAP50-95,0.27524,1764,1021,True,2026-09-12T10:24:16.975555+00:00
t1_10_e90,day_clear,truck,mAP50,0.39758,1764,1021,True,2026-09-12T10:24:16.975555+00:00
t1_10_e90,day_clear,truck,mAP75,0.29913,1764,1021,True,2026-09-12T10:24:16.975555+00:00
t1_10_e90,day_clear,bus,mAP50-95,0.30051,1764,380,False,2026-09-12T10:24:16.975555+00:00
t1_10_e90,day_clear,bus,mAP50,0.41241,1764,380,False,2026-09-12T10:24:16.975555+00:00
t1_10_e90,day_clear,bus,mAP75,0.33047,1764,380,False,2026-09-12T10:24:16.975555+00:00
t1_10_e90,day_clear,motor,mAP50-95,0.09981,1764,111,False,2026-09-12T10:24:16.975555+00:00
t1_10_e90,day_clear,motor,mAP50,0.22219,1764,111,False,2026-09-12T10:24:16.975555+00:00
t1_10_e90,day_clear,motor,mAP75,0.05588,1764,111,False,2026-09-12T10:24:16.975555+00:00
t1_10_e90,day_clear,bike,mAP50-95,0.07513,1764,207,False,2026-09-12T10:24:16.975555+00:00
t1_10_e90,day_clear,bike,mAP50,0.19829,1764,207,False,2026-09-12T10:24:16.975555+00:00
t1_10_e90,day_clear,bike,mAP75,0.03269,1764,207,False,2026-09-12T10:24:16.975555+00:00
t1_10_e90,day_rainy,all,mAP50-95,0.25771,396,4356,True,2026-09-12T10:24:16.975555+00:00
t1_10_e90,day_rainy,all,mAP50,0.41755,396,4356,True,2026-09-12T10:24:16.975555+00:00
t1_10_e90,day_rainy,all,mAP75,0.2525,396,4356,True,2026-09-12T10:24:16.975555+00:00
t1_10_e90,day_rainy,car,mAP50-95,0.45608,396,3930,True,2026-09-12T10:24:16.975555+00:00
t1_10_e90,day_rainy,car,mAP50,0.75085,396,3930,True,2026-09-12T10:24:16.975555+00:00
t1_10_e90,day_rainy,car,mAP75,0.45773,396,3930,True,2026-09-12T10:24:16.975555+00:00
t1_10_e90,day_rainy,truck,mAP50-95,0.32538,396,272,False,2026-09-12T10:24:16.975555+00:00
t1_10_e90,day_rainy,truck,mAP50,0.47725,396,272,False,2026-09-12T10:24:16.975555+00:00
t1_10_e90,day_rainy,truck,mAP75,0.35591,396,272,False,2026-09-12T10:24:16.975555+00:00
t1_10_e90,day_rainy,bus,mAP50-95,0.26128,396,97,False,2026-09-12T10:24:16.975555+00:00
t1_10_e90,day_rainy,bus,mAP50,0.37344,396,97,False,2026-09-12T10:24:16.975555+00:00
t1_10_e90,day_rainy,bus,mAP75,0.26373,396,97,False,2026-09-12T10:24:16.975555+00:00
t1_10_e90,day_rainy,motor,mAP50-95,0.15197,396,16,False,2026-09-12T10:24:16.975555+00:00
t1_10_e90,day_rainy,motor,mAP50,0.29006,396,16,False,2026-09-12T10:24:16.975555+00:00
t1_10_e90,day_rainy,motor,mAP75,0.10985,396,16,False,2026-09-12T10:24:16.975555+00:00
t1_10_e90,day_rainy,bike,mAP50-95,0.09384,396,41,False,2026-09-12T10:24:16.975555+00:00
t1_10_e90,day_rainy,bike,mAP50,0.19613,396,41,False,2026-09-12T10:24:16.975555+00:00
t1_10_e90,day_rainy,bike,mAP75,0.07529,396,41,False,2026-09-12T10:24:16.975555+00:00
t1_10_e90,day_snowy,all,mAP50-95,0.22792,422,4842,True,2026-09-12T10:24:16.975555+00:00
t1_10_e90,day_snowy,all,mAP50,0.3703,422,4842,True,2026-09-12T10:24:16.975555+00:00
t1_10_e90,day_snowy,all,mAP75,0.21742,422,4842,True,2026-09-12T10:24:16.975555+00:00
t1_10_e90,day_snowy,car,mAP50-95,0.44397,422,4421,True,2026-09-12T10:24:16.975555+00:00
t1_10_e90,day_snowy,car,mAP50,0.7329,422,4421,True,2026-09-12T10:24:16.975555+00:00
t1_10_e90,day_snowy,car,mAP75,0.4471,422,4421,True,2026-09-12T10:24:16.975555+00:00
t1_10_e90,day_snowy,truck,mAP50-95,0.28797,422,264,False,2026-09-12T10:24:16.975555+00:00
t1_10_e90,day_snowy,truck,mAP50,0.41957,422,264,False,2026-09-12T10:24:16.975555+00:00
t1_10_e90,day_snowy,truck,mAP75,0.32598,422,264,False,2026-09-12T10:24:16.975555+00:00
t1_10_e90,day_snowy,bus,mAP50-95,0.21199,422,97,False,2026-09-12T10:24:16.975555+00:00
t1_10_e90,day_snowy,bus,mAP50,0.30224,422,97,False,2026-09-12T10:24:16.975555+00:00
t1_10_e90,day_snowy,bus,mAP75,0.21198,422,97,False,2026-09-12T10:24:16.975555+00:00
t1_10_e90,day_snowy,motor,mAP50-95,0.09554,422,7,False,2026-09-12T10:24:16.975555+00:00
t1_10_e90,day_snowy,motor,mAP50,0.18812,422,7,False,2026-09-12T10:24:16.975555+00:00
t1_10_e90,day_snowy,motor,mAP75,0.01485,422,7,False,2026-09-12T10:24:16.975555+00:00
t1_10_e90,day_snowy,bike,mAP50-95,0.10012,422,53,False,2026-09-12T10:24:16.975555+00:00
t1_10_e90,day_snowy,bike,mAP50,0.20869,422,53,False,2026-09-12T10:24:16.975555+00:00
t1_10_e90,day_snowy,bike,mAP75,0.08719,422,53,False,2026-09-12T10:24:16.975555+00:00
t1_10_e90,foggy,all,mAP50-95,0.18265,13,144,False,2026-09-12T10:24:16.975555+00:00
t1_10_e90,foggy,all,mAP50,0.29679,13,144,False,2026-09-12T10:24:16.975555+00:00
t1_10_e90,foggy,all,mAP75,0.20222,13,144,False,2026-09-12T10:24:16.975555+00:00
t1_10_e90,foggy,car,mAP50-95,0.40239,13,138,False,2026-09-12T10:24:16.975555+00:00
t1_10_e90,foggy,car,mAP50,0.68246,13,138,False,2026-09-12T10:24:16.975555+00:00
t1_10_e90,foggy,car,mAP75,0.39874,13,138,False,2026-09-12T10:24:16.975555+00:00
t1_10_e90,foggy,truck,mAP50-95,0.14554,13,5,False,2026-09-12T10:24:16.975555+00:00
t1_10_e90,foggy,truck,mAP50,0.20792,13,5,False,2026-09-12T10:24:16.975555+00:00
t1_10_e90,foggy,truck,mAP75,0.20792,13,5,False,2026-09-12T10:24:16.975555+00:00
t1_10_e90,foggy,bus,mAP50-95,,13,0,False,2026-09-12T10:24:16.975555+00:00
t1_10_e90,foggy,bus,mAP50,,13,0,False,2026-09-12T10:24:16.975555+00:00
t1_10_e90,foggy,bus,mAP75,,13,0,False,2026-09-12T10:24:16.975555+00:00
t1_10_e90,foggy,motor,mAP50-95,0.0,13,1,False,2026-09-12T10:24:16.975555+00:00
t1_10_e90,foggy,motor,mAP50,0.0,13,1,False,2026-09-12T10:24:16.975555+00:00
t1_10_e90,foggy,motor,mAP75,0.0,13,1,False,2026-09-12T10:24:16.975555+00:00
t1_10_e90,foggy,bike,mAP50-95,,13,0,False,2026-09-12T10:24:16.975555+00:00
t1_10_e90,foggy,bike,mAP50,,13,0,False,2026-09-12T10:24:16.975555+00:00
t1_10_e90,foggy,bike,mAP75,,13,0,False,2026-09-12T10:24:16.975555+00:00
t1_10_e90,night,all,mAP50-95,0.2244,3863,36751,True,2026-09-12T10:24:16.975555+00:00
t1_10_e90,night,all,mAP50,0.38088,3863,36751,True,2026-09-12T10:24:16.975555+00:00
t1_10_e90,night,all,mAP75,0.22223,3863,36751,True,2026-09-12T10:24:16.975555+00:00
t1_10_e90,night,car,mAP50-95,0.39021,3863,35439,True,2026-09-12T10:24:16.975555+00:00
t1_10_e90,night,car,mAP50,0.71606,3863,35439,True,2026-09-12T10:24:16.975555+00:00
t1_10_e90,night,car,mAP75,0.36483,3863,35439,True,2026-09-12T10:24:16.975555+00:00
t1_10_e90,night,truck,mAP50-95,0.27925,3863,736,False,2026-09-12T10:24:16.975555+00:00
t1_10_e90,night,truck,mAP50,0.40454,3863,736,False,2026-09-12T10:24:16.975555+00:00
t1_10_e90,night,truck,mAP75,0.31276,3863,736,False,2026-09-12T10:24:16.975555+00:00
t1_10_e90,night,bus,mAP50-95,0.28155,3863,297,False,2026-09-12T10:24:16.975555+00:00
t1_10_e90,night,bus,mAP50,0.38411,3863,297,False,2026-09-12T10:24:16.975555+00:00
t1_10_e90,night,bus,mAP75,0.32155,3863,297,False,2026-09-12T10:24:16.975555+00:00
t1_10_e90,night,motor,mAP50-95,0.09891,3863,93,False,2026-09-12T10:24:16.975555+00:00
t1_10_e90,night,motor,mAP50,0.2146,3863,93,False,2026-09-12T10:24:16.975555+00:00
t1_10_e90,night,motor,mAP75,0.08075,3863,93,False,2026-09-12T10:24:16.975555+00:00
t1_10_e90,night,bike,mAP50-95,0.07206,3863,186,False,2026-09-12T10:24:16.975555+00:00
t1_10_e90,night,bike,mAP50,0.1851,3863,186,False,2026-09-12T10:24:16.975555+00:00
t1_10_e90,night,bike,mAP75,0.03127,3863,186,False,2026-09-12T10:24:16.975555+00:00
t1_10_e90,night_adverse,all,mAP50-95,0.2154,566,4986,True,2026-09-12T10:24:16.975555+00:00
t1_10_e90,night_adverse,all,mAP50,0.34813,566,4986,True,2026-09-12T10:24:16.975555+00:00
t1_10_e90,night_adverse,all,mAP75,0.21207,566,4986,True,2026-09-12T10:24:16.975555+00:00
t1_10_e90,night_adverse,car,mAP50-95,0.39714,566,4743,True,2026-09-12T10:24:16.975555+00:00
t1_10_e90,night_adverse,car,mAP50,0.7065,566,4743,True,2026-09-12T10:24:16.975555+00:00
t1_10_e90,night_adverse,car,mAP75,0.38045,566,4743,True,2026-09-12T10:24:16.975555+00:00
t1_10_e90,night_adverse,truck,mAP50-95,0.23843,566,156,False,2026-09-12T10:24:16.975555+00:00
t1_10_e90,night_adverse,truck,mAP50,0.35514,566,156,False,2026-09-12T10:24:16.975555+00:00
t1_10_e90,night_adverse,truck,mAP75,0.26113,566,156,False,2026-09-12T10:24:16.975555+00:00
t1_10_e90,night_adverse,bus,mAP50-95,0.31551,566,41,False,2026-09-12T10:24:16.975555+00:00
t1_10_e90,night_adverse,bus,mAP50,0.40075,566,41,False,2026-09-12T10:24:16.975555+00:00
t1_10_e90,night_adverse,bus,mAP75,0.35864,566,41,False,2026-09-12T10:24:16.975555+00:00
t1_10_e90,night_adverse,motor,mAP50-95,0.05658,566,12,False,2026-09-12T10:24:16.975555+00:00
t1_10_e90,night_adverse,motor,mAP50,0.12773,566,12,False,2026-09-12T10:24:16.975555+00:00
t1_10_e90,night_adverse,motor,mAP75,0.01691,566,12,False,2026-09-12T10:24:16.975555+00:00
t1_10_e90,night_adverse,bike,mAP50-95,0.06935,566,34,False,2026-09-12T10:24:16.975555+00:00
t1_10_e90,night_adverse,bike,mAP50,0.15052,566,34,False,2026-09-12T10:24:16.975555+00:00
t1_10_e90,night_adverse,bike,mAP75,0.04323,566,34,False,2026-09-12T10:24:16.975555+00:00
t1_10_e90,night_clear,all,mAP50-95,0.22654,3274,31550,True,2026-09-12T10:24:16.975555+00:00
t1_10_e90,night_clear,all,mAP50,0.38847,3274,31550,True,2026-09-12T10:24:16.975555+00:00
t1_10_e90,night_clear,all,mAP75,0.22561,3274,31550,True,2026-09-12T10:24:16.975555+00:00
t1_10_e90,night_clear,car,mAP50-95,0.38877,3274,30489,True,2026-09-12T10:24:16.975555+00:00
t1_10_e90,night_clear,car,mAP50,0.71728,3274,30489,True,2026-09-12T10:24:16.975555+00:00
t1_10_e90,night_clear,car,mAP75,0.36211,3274,30489,True,2026-09-12T10:24:16.975555+00:00
t1_10_e90,night_clear,truck,mAP50-95,0.28812,3274,577,False,2026-09-12T10:24:16.975555+00:00
t1_10_e90,night_clear,truck,mAP50,0.41505,3274,577,False,2026-09-12T10:24:16.975555+00:00
t1_10_e90,night_clear,truck,mAP75,0.32495,3274,577,False,2026-09-12T10:24:16.975555+00:00
t1_10_e90,night_clear,bus,mAP50-95,0.27371,3274,251,False,2026-09-12T10:24:16.975555+00:00
t1_10_e90,night_clear,bus,mAP50,0.37811,3274,251,False,2026-09-12T10:24:16.975555+00:00
t1_10_e90,night_clear,bus,mAP75,0.31601,3274,251,False,2026-09-12T10:24:16.975555+00:00
t1_10_e90,night_clear,motor,mAP50-95,0.10697,3274,81,False,2026-09-12T10:24:16.975555+00:00
t1_10_e90,night_clear,motor,mAP50,0.23264,3274,81,False,2026-09-12T10:24:16.975555+00:00
t1_10_e90,night_clear,motor,mAP75,0.09382,3274,81,False,2026-09-12T10:24:16.975555+00:00
t1_10_e90,night_clear,bike,mAP50-95,0.07515,3274,152,False,2026-09-12T10:24:16.975555+00:00
t1_10_e90,night_clear,bike,mAP50,0.19927,3274,152,False,2026-09-12T10:24:16.975555+00:00
t1_10_e90,night_clear,bike,mAP75,0.03117,3274,152,False,2026-09-12T10:24:16.975555+00:00
t1_10_e90,night_rainy,all,mAP50-95,0.27346,286,2535,True,2026-09-12T10:24:16.975555+00:00
t1_10_e90,night_rainy,all,mAP50,0.42514,286,2535,True,2026-09-12T10:24:16.975555+00:00
t1_10_e90,night_rainy,all,mAP75,0.26374,286,2535,True,2026-09-12T10:24:16.975555+00:00
t1_10_e90,night_rainy,car,mAP50-95,0.38911,286,2416,True,2026-09-12T10:24:16.975555+00:00
t1_10_e90,night_rainy,car,mAP50,0.69526,286,2416,True,2026-09-12T10:24:16.975555+00:00
t1_10_e90,night_rainy,car,mAP75,0.38198,286,2416,True,2026-09-12T10:24:16.975555+00:00
t1_10_e90,night_rainy,truck,mAP50-95,0.31355,286,72,False,2026-09-12T10:24:16.975555+00:00
t1_10_e90,night_rainy,truck,mAP50,0.46959,286,72,False,2026-09-12T10:24:16.975555+00:00
t1_10_e90,night_rainy,truck,mAP75,0.34627,286,72,False,2026-09-12T10:24:16.975555+00:00
t1_10_e90,night_rainy,bus,mAP50-95,0.44316,286,22,False,2026-09-12T10:24:16.975555+00:00
t1_10_e90,night_rainy,bus,mAP50,0.53654,286,22,False,2026-09-12T10:24:16.975555+00:00
t1_10_e90,night_rainy,bus,mAP75,0.46499,286,22,False,2026-09-12T10:24:16.975555+00:00
t1_10_e90,night_rainy,motor,mAP50-95,0.07969,286,10,False,2026-09-12T10:24:16.975555+00:00
t1_10_e90,night_rainy,motor,mAP50,0.17589,286,10,False,2026-09-12T10:24:16.975555+00:00
t1_10_e90,night_rainy,motor,mAP75,0.02723,286,10,False,2026-09-12T10:24:16.975555+00:00
t1_10_e90,night_rainy,bike,mAP50-95,0.14177,286,15,False,2026-09-12T10:24:16.975555+00:00
t1_10_e90,night_rainy,bike,mAP50,0.2484,286,15,False,2026-09-12T10:24:16.975555+00:00
t1_10_e90,night_rainy,bike,mAP75,0.09824,286,15,False,2026-09-12T10:24:16.975555+00:00
t1_10_e90,night_snowy,all,mAP50-95,0.16792,273,2374,True,2026-09-12T10:24:16.975555+00:00
t1_10_e90,night_snowy,all,mAP50,0.27809,273,2374,True,2026-09-12T10:24:16.975555+00:00
t1_10_e90,night_snowy,all,mAP75,0.17641,273,2374,True,2026-09-12T10:24:16.975555+00:00
t1_10_e90,night_snowy,car,mAP50-95,0.40845,273,2251,True,2026-09-12T10:24:16.975555+00:00
t1_10_e90,night_snowy,car,mAP50,0.72377,273,2251,True,2026-09-12T10:24:16.975555+00:00
t1_10_e90,night_snowy,car,mAP75,0.38201,273,2251,True,2026-09-12T10:24:16.975555+00:00
t1_10_e90,night_snowy,truck,mAP50-95,0.17967,273,83,False,2026-09-12T10:24:16.975555+00:00
t1_10_e90,night_snowy,truck,mAP50,0.26371,273,83,False,2026-09-12T10:24:16.975555+00:00
t1_10_e90,night_snowy,truck,mAP75,0.18929,273,83,False,2026-09-12T10:24:16.975555+00:00
t1_10_e90,night_snowy,bus,mAP50-95,0.22556,273,19,False,2026-09-12T10:24:16.975555+00:00
t1_10_e90,night_snowy,bus,mAP50,0.30855,273,19,False,2026-09-12T10:24:16.975555+00:00
t1_10_e90,night_snowy,bus,mAP75,0.29121,273,19,False,2026-09-12T10:24:16.975555+00:00
t1_10_e90,night_snowy,motor,mAP50-95,0.00797,273,2,False,2026-09-12T10:24:16.975555+00:00
t1_10_e90,night_snowy,motor,mAP50,0.01329,273,2,False,2026-09-12T10:24:16.975555+00:00
t1_10_e90,night_snowy,motor,mAP75,0.01329,273,2,False,2026-09-12T10:24:16.975555+00:00
t1_10_e90,night_snowy,bike,mAP50-95,0.01792,273,19,False,2026-09-12T10:24:16.975555+00:00
t1_10_e90,night_snowy,bike,mAP50,0.08112,273,19,False,2026-09-12T10:24:16.975555+00:00
t1_10_e90,night_snowy,bike,mAP75,0.00627,273,19,False,2026-09-12T10:24:16.975555+00:00
t1_10_e90,overcast,all,mAP50-95,0.24647,1239,15505,True,2026-09-12T10:24:16.975555+00:00
t1_10_e90,overcast,all,mAP50,0.40644,1239,15505,True,2026-09-12T10:24:16.975555+00:00
t1_10_e90,overcast,all,mAP75,0.23546,1239,15505,True,2026-09-12T10:24:16.975555+00:00
t1_10_e90,overcast,car,mAP50-95,0.45857,1239,14370,True,2026-09-12T10:24:16.975555+00:00
t1_10_e90,overcast,car,mAP50,0.75403,1239,14370,True,2026-09-12T10:24:16.975555+00:00
t1_10_e90,overcast,car,mAP75,0.45756,1239,14370,True,2026-09-12T10:24:16.975555+00:00
t1_10_e90,overcast,truck,mAP50-95,0.29349,1239,660,False,2026-09-12T10:24:16.975555+00:00
t1_10_e90,overcast,truck,mAP50,0.43318,1239,660,False,2026-09-12T10:24:16.975555+00:00
t1_10_e90,overcast,truck,mAP75,0.30693,1239,660,False,2026-09-12T10:24:16.975555+00:00
t1_10_e90,overcast,bus,mAP50-95,0.27971,1239,262,False,2026-09-12T10:24:16.975555+00:00
t1_10_e90,overcast,bus,mAP50,0.37767,1239,262,False,2026-09-12T10:24:16.975555+00:00
t1_10_e90,overcast,bus,mAP75,0.2903,1239,262,False,2026-09-12T10:24:16.975555+00:00
t1_10_e90,overcast,motor,mAP50-95,0.08669,1239,72,False,2026-09-12T10:24:16.975555+00:00
t1_10_e90,overcast,motor,mAP50,0.18936,1239,72,False,2026-09-12T10:24:16.975555+00:00
t1_10_e90,overcast,motor,mAP75,0.064,1239,72,False,2026-09-12T10:24:16.975555+00:00
t1_10_e90,overcast,bike,mAP50-95,0.11388,1239,141,False,2026-09-12T10:24:16.975555+00:00
t1_10_e90,overcast,bike,mAP50,0.27795,1239,141,False,2026-09-12T10:24:16.975555+00:00
t1_10_e90,overcast,bike,mAP75,0.05849,1239,141,False,2026-09-12T10:24:16.975555+00:00
t1_10_e90,partlycloudy,all,mAP50-95,0.23927,738,9256,True,2026-09-12T10:24:16.975555+00:00
t1_10_e90,partlycloudy,all,mAP50,0.39171,738,9256,True,2026-09-12T10:24:16.975555+00:00
t1_10_e90,partlycloudy,all,mAP75,0.24195,738,9256,True,2026-09-12T10:24:16.975555+00:00
t1_10_e90,partlycloudy,car,mAP50-95,0.44131,738,8526,True,2026-09-12T10:24:16.975555+00:00
t1_10_e90,partlycloudy,car,mAP50,0.73008,738,8526,True,2026-09-12T10:24:16.975555+00:00
t1_10_e90,partlycloudy,car,mAP75,0.44075,738,8526,True,2026-09-12T10:24:16.975555+00:00
t1_10_e90,partlycloudy,truck,mAP50-95,0.27816,738,454,False,2026-09-12T10:24:16.975555+00:00
t1_10_e90,partlycloudy,truck,mAP50,0.41454,738,454,False,2026-09-12T10:24:16.975555+00:00
t1_10_e90,partlycloudy,truck,mAP75,0.28124,738,454,False,2026-09-12T10:24:16.975555+00:00
t1_10_e90,partlycloudy,bus,mAP50-95,0.28622,738,142,False,2026-09-12T10:24:16.975555+00:00
t1_10_e90,partlycloudy,bus,mAP50,0.36924,738,142,False,2026-09-12T10:24:16.975555+00:00
t1_10_e90,partlycloudy,bus,mAP75,0.31982,738,142,False,2026-09-12T10:24:16.975555+00:00
t1_10_e90,partlycloudy,motor,mAP50-95,0.11515,738,65,False,2026-09-12T10:24:16.975555+00:00
t1_10_e90,partlycloudy,motor,mAP50,0.2416,738,65,False,2026-09-12T10:24:16.975555+00:00
t1_10_e90,partlycloudy,motor,mAP75,0.09973,738,65,False,2026-09-12T10:24:16.975555+00:00
t1_10_e90,partlycloudy,bike,mAP50-95,0.07552,738,69,False,2026-09-12T10:24:16.975555+00:00
t1_10_e90,partlycloudy,bike,mAP50,0.20311,738,69,False,2026-09-12T10:24:16.975555+00:00
t1_10_e90,partlycloudy,bike,mAP75,0.06821,738,69,False,2026-09-12T10:24:16.975555+00:00
t1_10_e90,rainy,all,mAP50-95,0.25163,737,7541,True,2026-09-12T10:24:16.975555+00:00
t1_10_e90,rainy,all,mAP50,0.4057,737,7541,True,2026-09-12T10:24:16.975555+00:00
t1_10_e90,rainy,all,mAP75,0.24667,737,7541,True,2026-09-12T10:24:16.975555+00:00
t1_10_e90,rainy,car,mAP50-95,0.4305,737,6944,True,2026-09-12T10:24:16.975555+00:00
t1_10_e90,rainy,car,mAP50,0.7279,737,6944,True,2026-09-12T10:24:16.975555+00:00
t1_10_e90,rainy,car,mAP75,0.42856,737,6944,True,2026-09-12T10:24:16.975555+00:00
t1_10_e90,rainy,truck,mAP50-95,0.32253,737,378,False,2026-09-12T10:24:16.975555+00:00
t1_10_e90,rainy,truck,mAP50,0.47405,737,378,False,2026-09-12T10:24:16.975555+00:00
t1_10_e90,rainy,truck,mAP75,0.35822,737,378,False,2026-09-12T10:24:16.975555+00:00
t1_10_e90,rainy,bus,mAP50-95,0.29775,737,132,False,2026-09-12T10:24:16.975555+00:00
t1_10_e90,rainy,bus,mAP50,0.40359,737,132,False,2026-09-12T10:24:16.975555+00:00
t1_10_e90,rainy,bus,mAP75,0.30524,737,132,False,2026-09-12T10:24:16.975555+00:00
t1_10_e90,rainy,motor,mAP50-95,0.10005,737,30,False,2026-09-12T10:24:16.975555+00:00
t1_10_e90,rainy,motor,mAP50,0.20778,737,30,False,2026-09-12T10:24:16.975555+00:00
t1_10_e90,rainy,motor,mAP75,0.05629,737,30,False,2026-09-12T10:24:16.975555+00:00
t1_10_e90,rainy,bike,mAP50-95,0.10732,737,57,False,2026-09-12T10:24:16.975555+00:00
t1_10_e90,rainy,bike,mAP50,0.21518,737,57,False,2026-09-12T10:24:16.975555+00:00
t1_10_e90,rainy,bike,mAP75,0.08502,737,57,False,2026-09-12T10:24:16.975555+00:00
t1_10_e90,snowy,all,mAP50-95,0.2064,769,8080,True,2026-09-12T10:24:16.975555+00:00
t1_10_e90,snowy,all,mAP50,0.33836,769,8080,True,2026-09-12T10:24:16.975555+00:00
t1_10_e90,snowy,all,mAP75,0.19803,769,8080,True,2026-09-12T10:24:16.975555+00:00
t1_10_e90,snowy,car,mAP50-95,0.4316,769,7486,True,2026-09-12T10:24:16.975555+00:00
t1_10_e90,snowy,car,mAP50,0.72662,769,7486,True,2026-09-12T10:24:16.975555+00:00
t1_10_e90,snowy,car,mAP75,0.42598,769,7486,True,2026-09-12T10:24:16.975555+00:00
t1_10_e90,snowy,truck,mAP50-95,0.25761,769,371,False,2026-09-12T10:24:16.975555+00:00
t1_10_e90,snowy,truck,mAP50,0.37334,769,371,False,2026-09-12T10:24:16.975555+00:00
t1_10_e90,snowy,truck,mAP75,0.2906,769,371,False,2026-09-12T10:24:16.975555+00:00
t1_10_e90,snowy,bus,mAP50-95,0.19038,769,133,False,2026-09-12T10:24:16.975555+00:00
t1_10_e90,snowy,bus,mAP50,0.2719,769,133,False,2026-09-12T10:24:16.975555+00:00
t1_10_e90,snowy,bus,mAP75,0.20458,769,133,False,2026-09-12T10:24:16.975555+00:00
t1_10_e90,snowy,motor,mAP50-95,0.06952,769,9,False,2026-09-12T10:24:16.975555+00:00
t1_10_e90,snowy,motor,mAP50,0.13766,769,9,False,2026-09-12T10:24:16.975555+00:00
t1_10_e90,snowy,motor,mAP75,0.00694,769,9,False,2026-09-12T10:24:16.975555+00:00
t1_10_e90,snowy,bike,mAP50-95,0.08289,769,81,False,2026-09-12T10:24:16.975555+00:00
t1_10_e90,snowy,bike,mAP50,0.18227,769,81,False,2026-09-12T10:24:16.975555+00:00
t1_10_e90,snowy,bike,mAP75,0.06204,769,81,False,2026-09-12T10:24:16.975555+00:00
t1_10_e80,overall,all,mAP50-95,0.23974,8841,97193,True,2026-09-12T10:24:16.975555+00:00
t1_10_e80,overall,all,mAP50,0.39492,8841,97193,True,2026-09-12T10:24:16.975555+00:00
t1_10_e80,overall,all,mAP75,0.23806,8841,97193,True,2026-09-12T10:24:16.975555+00:00
t1_10_e80,overall,car,mAP50-95,0.4257,8841,91118,True,2026-09-12T10:24:16.975555+00:00
t1_10_e80,overall,car,mAP50,0.73123,8841,91118,True,2026-09-12T10:24:16.975555+00:00
t1_10_e80,overall,car,mAP75,0.41457,8841,91118,True,2026-09-12T10:24:16.975555+00:00
t1_10_e80,overall,truck,mAP50-95,0.29386,8841,3608,True,2026-09-12T10:24:16.975555+00:00
t1_10_e80,overall,truck,mAP50,0.42498,8841,3608,True,2026-09-12T10:24:16.975555+00:00
t1_10_e80,overall,truck,mAP75,0.32061,8841,3608,True,2026-09-12T10:24:16.975555+00:00
t1_10_e80,overall,bus,mAP50-95,0.28614,8841,1351,True,2026-09-12T10:24:16.975555+00:00
t1_10_e80,overall,bus,mAP50,0.38461,8841,1351,True,2026-09-12T10:24:16.975555+00:00
t1_10_e80,overall,bus,mAP75,0.32011,8841,1351,True,2026-09-12T10:24:16.975555+00:00
t1_10_e80,overall,motor,mAP50-95,0.09693,8841,377,False,2026-09-12T10:24:16.975555+00:00
t1_10_e80,overall,motor,mAP50,0.21235,8841,377,False,2026-09-12T10:24:16.975555+00:00
t1_10_e80,overall,motor,mAP75,0.0632,8841,377,False,2026-09-12T10:24:16.975555+00:00
t1_10_e80,overall,bike,mAP50-95,0.09605,8841,739,False,2026-09-12T10:24:16.975555+00:00
t1_10_e80,overall,bike,mAP50,0.22141,8841,739,False,2026-09-12T10:24:16.975555+00:00
t1_10_e80,overall,bike,mAP75,0.07183,8841,739,False,2026-09-12T10:24:16.975555+00:00
t1_10_e80,adverse,all,mAP50-95,0.22994,1519,15765,True,2026-09-12T10:24:16.975555+00:00
t1_10_e80,adverse,all,mAP50,0.37632,1519,15765,True,2026-09-12T10:24:16.975555+00:00
t1_10_e80,adverse,all,mAP75,0.22859,1519,15765,True,2026-09-12T10:24:16.975555+00:00
t1_10_e80,adverse,car,mAP50-95,0.43081,1519,14568,True,2026-09-12T10:24:16.975555+00:00
t1_10_e80,adverse,car,mAP50,0.72813,1519,14568,True,2026-09-12T10:24:16.975555+00:00
t1_10_e80,adverse,car,mAP75,0.42714,1519,14568,True,2026-09-12T10:24:16.975555+00:00
t1_10_e80,adverse,truck,mAP50-95,0.29454,1519,754,False,2026-09-12T10:24:16.975555+00:00
t1_10_e80,adverse,truck,mAP50,0.43168,1519,754,False,2026-09-12T10:24:16.975555+00:00
t1_10_e80,adverse,truck,mAP75,0.32724,1519,754,False,2026-09-12T10:24:16.975555+00:00
t1_10_e80,adverse,bus,mAP50-95,0.25101,1519,265,False,2026-09-12T10:24:16.975555+00:00
t1_10_e80,adverse,bus,mAP50,0.34207,1519,265,False,2026-09-12T10:24:16.975555+00:00
t1_10_e80,adverse,bus,mAP75,0.26752,1519,265,False,2026-09-12T10:24:16.975555+00:00
t1_10_e80,adverse,motor,mAP50-95,0.08056,1519,40,False,2026-09-12T10:24:16.975555+00:00
t1_10_e80,adverse,motor,mAP50,0.17306,1519,40,False,2026-09-12T10:24:16.975555+00:00
t1_10_e80,adverse,motor,mAP75,0.04054,1519,40,False,2026-09-12T10:24:16.975555+00:00
t1_10_e80,adverse,bike,mAP50-95,0.09278,1519,138,False,2026-09-12T10:24:16.975555+00:00
t1_10_e80,adverse,bike,mAP50,0.20666,1519,138,False,2026-09-12T10:24:16.975555+00:00
t1_10_e80,adverse,bike,mAP75,0.08049,1519,138,False,2026-09-12T10:24:16.975555+00:00
t1_10_e80,benign,all,mAP50-95,0.24304,7322,81428,True,2026-09-12T10:24:16.975555+00:00
t1_10_e80,benign,all,mAP50,0.39977,7322,81428,True,2026-09-12T10:24:16.975555+00:00
t1_10_e80,benign,all,mAP75,0.24161,7322,81428,True,2026-09-12T10:24:16.975555+00:00
t1_10_e80,benign,car,mAP50-95,0.42473,7322,76550,True,2026-09-12T10:24:16.975555+00:00
t1_10_e80,benign,car,mAP50,0.73066,7322,76550,True,2026-09-12T10:24:16.975555+00:00
t1_10_e80,benign,car,mAP75,0.41257,7322,76550,True,2026-09-12T10:24:16.975555+00:00
t1_10_e80,benign,truck,mAP50-95,0.29485,7322,2854,True,2026-09-12T10:24:16.975555+00:00
t1_10_e80,benign,truck,mAP50,0.42459,7322,2854,True,2026-09-12T10:24:16.975555+00:00
t1_10_e80,benign,truck,mAP75,0.32011,7322,2854,True,2026-09-12T10:24:16.975555+00:00
t1_10_e80,benign,bus,mAP50-95,0.29605,7322,1086,True,2026-09-12T10:24:16.975555+00:00
t1_10_e80,benign,bus,mAP50,0.39576,7322,1086,True,2026-09-12T10:24:16.975555+00:00
t1_10_e80,benign,bus,mAP75,0.33479,7322,1086,True,2026-09-12T10:24:16.975555+00:00
t1_10_e80,benign,motor,mAP50-95,0.10125,7322,337,False,2026-09-12T10:24:16.975555+00:00
t1_10_e80,benign,motor,mAP50,0.22113,7322,337,False,2026-09-12T10:24:16.975555+00:00
t1_10_e80,benign,motor,mAP75,0.06952,7322,337,False,2026-09-12T10:24:16.975555+00:00
t1_10_e80,benign,bike,mAP50-95,0.09833,7322,601,False,2026-09-12T10:24:16.975555+00:00
t1_10_e80,benign,bike,mAP50,0.22672,7322,601,False,2026-09-12T10:24:16.975555+00:00
t1_10_e80,benign,bike,mAP75,0.07106,7322,601,False,2026-09-12T10:24:16.975555+00:00
t1_10_e80,clear,all,mAP50-95,0.24316,5345,56667,True,2026-09-12T10:24:16.975555+00:00
t1_10_e80,clear,all,mAP50,0.39958,5345,56667,True,2026-09-12T10:24:16.975555+00:00
t1_10_e80,clear,all,mAP75,0.24383,5345,56667,True,2026-09-12T10:24:16.975555+00:00
t1_10_e80,clear,car,mAP50-95,0.41295,5345,53654,True,2026-09-12T10:24:16.975555+00:00
t1_10_e80,clear,car,mAP50,0.72567,5345,53654,True,2026-09-12T10:24:16.975555+00:00
t1_10_e80,clear,car,mAP75,0.39591,5345,53654,True,2026-09-12T10:24:16.975555+00:00
t1_10_e80,clear,truck,mAP50-95,0.29374,5345,1740,True,2026-09-12T10:24:16.975555+00:00
t1_10_e80,clear,truck,mAP50,0.41684,5345,1740,True,2026-09-12T10:24:16.975555+00:00
t1_10_e80,clear,truck,mAP75,0.3239,5345,1740,True,2026-09-12T10:24:16.975555+00:00
t1_10_e80,clear,bus,mAP50-95,0.30858,5345,682,False,2026-09-12T10:24:16.975555+00:00
t1_10_e80,clear,bus,mAP50,0.4126,5345,682,False,2026-09-12T10:24:16.975555+00:00
t1_10_e80,clear,bus,mAP75,0.35804,5345,682,False,2026-09-12T10:24:16.975555+00:00
t1_10_e80,clear,motor,mAP50-95,0.10665,5345,200,False,2026-09-12T10:24:16.975555+00:00
t1_10_e80,clear,motor,mAP50,0.22607,5345,200,False,2026-09-12T10:24:16.975555+00:00
t1_10_e80,clear,motor,mAP75,0.07075,5345,200,False,2026-09-12T10:24:16.975555+00:00
t1_10_e80,clear,bike,mAP50-95,0.09389,5345,391,False,2026-09-12T10:24:16.975555+00:00
t1_10_e80,clear,bike,mAP50,0.21673,5345,391,False,2026-09-12T10:24:16.975555+00:00
t1_10_e80,clear,bike,mAP75,0.07056,5345,391,False,2026-09-12T10:24:16.975555+00:00
t1_10_e80,dawndusk,all,mAP50-95,0.25198,714,8512,True,2026-09-12T10:24:16.975555+00:00
t1_10_e80,dawndusk,all,mAP50,0.40512,714,8512,True,2026-09-12T10:24:16.975555+00:00
t1_10_e80,dawndusk,all,mAP75,0.24331,714,8512,True,2026-09-12T10:24:16.975555+00:00
t1_10_e80,dawndusk,car,mAP50-95,0.44142,714,7964,True,2026-09-12T10:24:16.975555+00:00
t1_10_e80,dawndusk,car,mAP50,0.73103,714,7964,True,2026-09-12T10:24:16.975555+00:00
t1_10_e80,dawndusk,car,mAP75,0.44151,714,7964,True,2026-09-12T10:24:16.975555+00:00
t1_10_e80,dawndusk,truck,mAP50-95,0.30337,714,340,False,2026-09-12T10:24:16.975555+00:00
t1_10_e80,dawndusk,truck,mAP50,0.41443,714,340,False,2026-09-12T10:24:16.975555+00:00
t1_10_e80,dawndusk,truck,mAP75,0.34571,714,340,False,2026-09-12T10:24:16.975555+00:00
t1_10_e80,dawndusk,bus,mAP50-95,0.30371,714,127,False,2026-09-12T10:24:16.975555+00:00
t1_10_e80,dawndusk,bus,mAP50,0.41536,714,127,False,2026-09-12T10:24:16.975555+00:00
t1_10_e80,dawndusk,bus,mAP75,0.32802,714,127,False,2026-09-12T10:24:16.975555+00:00
t1_10_e80,dawndusk,motor,mAP50-95,0.05922,714,22,False,2026-09-12T10:24:16.975555+00:00
t1_10_e80,dawndusk,motor,mAP50,0.12841,714,22,False,2026-09-12T10:24:16.975555+00:00
t1_10_e80,dawndusk,motor,mAP75,0.0099,714,22,False,2026-09-12T10:24:16.975555+00:00
t1_10_e80,dawndusk,bike,mAP50-95,0.15218,714,59,False,2026-09-12T10:24:16.975555+00:00
t1_10_e80,dawndusk,bike,mAP50,0.33636,714,59,False,2026-09-12T10:24:16.975555+00:00
t1_10_e80,dawndusk,bike,mAP75,0.0914,714,59,False,2026-09-12T10:24:16.975555+00:00
t1_10_e80,day,all,mAP50-95,0.24531,4264,51930,True,2026-09-12T10:24:16.975555+00:00
t1_10_e80,day,all,mAP50,0.40053,4264,51930,True,2026-09-12T10:24:16.975555+00:00
t1_10_e80,day,all,mAP75,0.24465,4264,51930,True,2026-09-12T10:24:16.975555+00:00
t1_10_e80,day,car,mAP50-95,0.44849,4264,47715,True,2026-09-12T10:24:16.975555+00:00
t1_10_e80,day,car,mAP50,0.73935,4264,47715,True,2026-09-12T10:24:16.975555+00:00
t1_10_e80,day,car,mAP75,0.44797,4264,47715,True,2026-09-12T10:24:16.975555+00:00
t1_10_e80,day,truck,mAP50-95,0.2959,4264,2532,True,2026-09-12T10:24:16.975555+00:00
t1_10_e80,day,truck,mAP50,0.4305,4264,2532,True,2026-09-12T10:24:16.975555+00:00
t1_10_e80,day,truck,mAP75,0.31895,4264,2532,True,2026-09-12T10:24:16.975555+00:00
t1_10_e80,day,bus,mAP50-95,0.28052,4264,927,True,2026-09-12T10:24:16.975555+00:00
t1_10_e80,day,bus,mAP50,0.37703,4264,927,True,2026-09-12T10:24:16.975555+00:00
t1_10_e80,day,bus,mAP75,0.3105,4264,927,True,2026-09-12T10:24:16.975555+00:00
t1_10_e80,day,motor,mAP50-95,0.10638,4264,262,False,2026-09-12T10:24:16.975555+00:00
t1_10_e80,day,motor,mAP50,0.2325,4264,262,False,2026-09-12T10:24:16.975555+00:00
t1_10_e80,day,motor,mAP75,0.07561,4264,262,False,2026-09-12T10:24:16.975555+00:00
t1_10_e80,day,bike,mAP50-95,0.09528,4264,494,False,2026-09-12T10:24:16.975555+00:00
t1_10_e80,day,bike,mAP50,0.22328,4264,494,False,2026-09-12T10:24:16.975555+00:00
t1_10_e80,day,bike,mAP75,0.07023,4264,494,False,2026-09-12T10:24:16.975555+00:00
t1_10_e80,day_adverse,all,mAP50-95,0.24249,823,9252,True,2026-09-12T10:24:16.975555+00:00
t1_10_e80,day_adverse,all,mAP50,0.39609,823,9252,True,2026-09-12T10:24:16.975555+00:00
t1_10_e80,day_adverse,all,mAP75,0.24186,823,9252,True,2026-09-12T10:24:16.975555+00:00
t1_10_e80,day_adverse,car,mAP50-95,0.44967,823,8401,True,2026-09-12T10:24:16.975555+00:00
t1_10_e80,day_adverse,car,mAP50,0.74049,823,8401,True,2026-09-12T10:24:16.975555+00:00
t1_10_e80,day_adverse,car,mAP75,0.45352,823,8401,True,2026-09-12T10:24:16.975555+00:00
t1_10_e80,day_adverse,truck,mAP50-95,0.30448,823,540,False,2026-09-12T10:24:16.975555+00:00
t1_10_e80,day_adverse,truck,mAP50,0.4495,823,540,False,2026-09-12T10:24:16.975555+00:00
t1_10_e80,day_adverse,truck,mAP75,0.33862,823,540,False,2026-09-12T10:24:16.975555+00:00
t1_10_e80,day_adverse,bus,mAP50-95,0.24036,823,194,False,2026-09-12T10:24:16.975555+00:00
t1_10_e80,day_adverse,bus,mAP50,0.33238,823,194,False,2026-09-12T10:24:16.975555+00:00
t1_10_e80,day_adverse,bus,mAP75,0.24933,823,194,False,2026-09-12T10:24:16.975555+00:00
t1_10_e80,day_adverse,motor,mAP50-95,0.11338,823,23,False,2026-09-12T10:24:16.975555+00:00
t1_10_e80,day_adverse,motor,mAP50,0.23042,823,23,False,2026-09-12T10:24:16.975555+00:00
t1_10_e80,day_adverse,motor,mAP75,0.07082,823,23,False,2026-09-12T10:24:16.975555+00:00
t1_10_e80,day_adverse,bike,mAP50-95,0.10459,823,94,False,2026-09-12T10:24:16.975555+00:00
t1_10_e80,day_adverse,bike,mAP50,0.22763,823,94,False,2026-09-12T10:24:16.975555+00:00
t1_10_e80,day_adverse,bike,mAP75,0.097,823,94,False,2026-09-12T10:24:16.975555+00:00
t1_10_e80,day_clear,all,mAP50-95,0.25059,1764,21352,True,2026-09-12T10:24:16.975555+00:00
t1_10_e80,day_clear,all,mAP50,0.40291,1764,21352,True,2026-09-12T10:24:16.975555+00:00
t1_10_e80,day_clear,all,mAP75,0.25258,1764,21352,True,2026-09-12T10:24:16.975555+00:00
t1_10_e80,day_clear,car,mAP50-95,0.44372,1764,19633,True,2026-09-12T10:24:16.975555+00:00
t1_10_e80,day_clear,car,mAP50,0.73133,1764,19633,True,2026-09-12T10:24:16.975555+00:00
t1_10_e80,day_clear,car,mAP75,0.44219,1764,19633,True,2026-09-12T10:24:16.975555+00:00
t1_10_e80,day_clear,truck,mAP50-95,0.29567,1764,1021,True,2026-09-12T10:24:16.975555+00:00
t1_10_e80,day_clear,truck,mAP50,0.41638,1764,1021,True,2026-09-12T10:24:16.975555+00:00
t1_10_e80,day_clear,truck,mAP75,0.32319,1764,1021,True,2026-09-12T10:24:16.975555+00:00
t1_10_e80,day_clear,bus,mAP50-95,0.31443,1764,380,False,2026-09-12T10:24:16.975555+00:00
t1_10_e80,day_clear,bus,mAP50,0.41738,1764,380,False,2026-09-12T10:24:16.975555+00:00
t1_10_e80,day_clear,bus,mAP75,0.36348,1764,380,False,2026-09-12T10:24:16.975555+00:00
t1_10_e80,day_clear,motor,mAP50-95,0.12022,1764,111,False,2026-09-12T10:24:16.975555+00:00
t1_10_e80,day_clear,motor,mAP50,0.25058,1764,111,False,2026-09-12T10:24:16.975555+00:00
t1_10_e80,day_clear,motor,mAP75,0.08058,1764,111,False,2026-09-12T10:24:16.975555+00:00
t1_10_e80,day_clear,bike,mAP50-95,0.07892,1764,207,False,2026-09-12T10:24:16.975555+00:00
t1_10_e80,day_clear,bike,mAP50,0.19889,1764,207,False,2026-09-12T10:24:16.975555+00:00
t1_10_e80,day_clear,bike,mAP75,0.05348,1764,207,False,2026-09-12T10:24:16.975555+00:00
t1_10_e80,day_rainy,all,mAP50-95,0.26664,396,4356,True,2026-09-12T10:24:16.975555+00:00
t1_10_e80,day_rainy,all,mAP50,0.43667,396,4356,True,2026-09-12T10:24:16.975555+00:00
t1_10_e80,day_rainy,all,mAP75,0.27055,396,4356,True,2026-09-12T10:24:16.975555+00:00
t1_10_e80,day_rainy,car,mAP50-95,0.45783,396,3930,True,2026-09-12T10:24:16.975555+00:00
t1_10_e80,day_rainy,car,mAP50,0.75048,396,3930,True,2026-09-12T10:24:16.975555+00:00
t1_10_e80,day_rainy,car,mAP75,0.46249,396,3930,True,2026-09-12T10:24:16.975555+00:00
t1_10_e80,day_rainy,truck,mAP50-95,0.33496,396,272,False,2026-09-12T10:24:16.975555+00:00
t1_10_e80,day_rainy,truck,mAP50,0.49275,396,272,False,2026-09-12T10:24:16.975555+00:00
t1_10_e80,day_rainy,truck,mAP75,0.37012,396,272,False,2026-09-12T10:24:16.975555+00:00
t1_10_e80,day_rainy,bus,mAP50-95,0.26128,396,97,False,2026-09-12T10:24:16.975555+00:00
t1_10_e80,day_rainy,bus,mAP50,0.36341,396,97,False,2026-09-12T10:24:16.975555+00:00
t1_10_e80,day_rainy,bus,mAP75,0.26664,396,97,False,2026-09-12T10:24:16.975555+00:00
t1_10_e80,day_rainy,motor,mAP50-95,0.18346,396,16,False,2026-09-12T10:24:16.975555+00:00
t1_10_e80,day_rainy,motor,mAP50,0.3545,396,16,False,2026-09-12T10:24:16.975555+00:00
t1_10_e80,day_rainy,motor,mAP75,0.169,396,16,False,2026-09-12T10:24:16.975555+00:00
t1_10_e80,day_rainy,bike,mAP50-95,0.09567,396,41,False,2026-09-12T10:24:16.975555+00:00
t1_10_e80,day_rainy,bike,mAP50,0.2222,396,41,False,2026-09-12T10:24:16.975555+00:00
t1_10_e80,day_rainy,bike,mAP75,0.08448,396,41,False,2026-09-12T10:24:16.975555+00:00
t1_10_e80,day_snowy,all,mAP50-95,0.21921,422,4842,True,2026-09-12T10:24:16.975555+00:00
t1_10_e80,day_snowy,all,mAP50,0.35294,422,4842,True,2026-09-12T10:24:16.975555+00:00
t1_10_e80,day_snowy,all,mAP75,0.21944,422,4842,True,2026-09-12T10:24:16.975555+00:00
t1_10_e80,day_snowy,car,mAP50-95,0.44312,422,4421,True,2026-09-12T10:24:16.975555+00:00
t1_10_e80,day_snowy,car,mAP50,0.73271,422,4421,True,2026-09-12T10:24:16.975555+00:00
t1_10_e80,day_snowy,car,mAP75,0.44591,422,4421,True,2026-09-12T10:24:16.975555+00:00
t1_10_e80,day_snowy,truck,mAP50-95,0.27809,422,264,False,2026-09-12T10:24:16.975555+00:00
t1_10_e80,day_snowy,truck,mAP50,0.4132,422,264,False,2026-09-12T10:24:16.975555+00:00
t1_10_e80,day_snowy,truck,mAP75,0.3097,422,264,False,2026-09-12T10:24:16.975555+00:00
t1_10_e80,day_snowy,bus,mAP50-95,0.22283,422,97,False,2026-09-12T10:24:16.975555+00:00
t1_10_e80,day_snowy,bus,mAP50,0.30617,422,97,False,2026-09-12T10:24:16.975555+00:00
t1_10_e80,day_snowy,bus,mAP75,0.23265,422,97,False,2026-09-12T10:24:16.975555+00:00
t1_10_e80,day_snowy,motor,mAP50-95,0.04046,422,7,False,2026-09-12T10:24:16.975555+00:00
t1_10_e80,day_snowy,motor,mAP50,0.08535,422,7,False,2026-09-12T10:24:16.975555+00:00
t1_10_e80,day_snowy,motor,mAP75,0.0,422,7,False,2026-09-12T10:24:16.975555+00:00
t1_10_e80,day_snowy,bike,mAP50-95,0.11153,422,53,False,2026-09-12T10:24:16.975555+00:00
t1_10_e80,day_snowy,bike,mAP50,0.22727,422,53,False,2026-09-12T10:24:16.975555+00:00
t1_10_e80,day_snowy,bike,mAP75,0.10892,422,53,False,2026-09-12T10:24:16.975555+00:00
t1_10_e80,foggy,all,mAP50-95,0.18813,13,144,False,2026-09-12T10:24:16.975555+00:00
t1_10_e80,foggy,all,mAP50,0.29811,13,144,False,2026-09-12T10:24:16.975555+00:00
t1_10_e80,foggy,all,mAP75,0.20249,13,144,False,2026-09-12T10:24:16.975555+00:00
t1_10_e80,foggy,car,mAP50-95,0.39804,13,138,False,2026-09-12T10:24:16.975555+00:00
t1_10_e80,foggy,car,mAP50,0.6864,13,138,False,2026-09-12T10:24:16.975555+00:00
t1_10_e80,foggy,car,mAP75,0.39956,13,138,False,2026-09-12T10:24:16.975555+00:00
t1_10_e80,foggy,truck,mAP50-95,0.16634,13,5,False,2026-09-12T10:24:16.975555+00:00
t1_10_e80,foggy,truck,mAP50,0.20792,13,5,False,2026-09-12T10:24:16.975555+00:00
t1_10_e80,foggy,truck,mAP75,0.20792,13,5,False,2026-09-12T10:24:16.975555+00:00
t1_10_e80,foggy,bus,mAP50-95,,13,0,False,2026-09-12T10:24:16.975555+00:00
t1_10_e80,foggy,bus,mAP50,,13,0,False,2026-09-12T10:24:16.975555+00:00
t1_10_e80,foggy,bus,mAP75,,13,0,False,2026-09-12T10:24:16.975555+00:00
t1_10_e80,foggy,motor,mAP50-95,0.0,13,1,False,2026-09-12T10:24:16.975555+00:00
t1_10_e80,foggy,motor,mAP50,0.0,13,1,False,2026-09-12T10:24:16.975555+00:00
t1_10_e80,foggy,motor,mAP75,0.0,13,1,False,2026-09-12T10:24:16.975555+00:00
t1_10_e80,foggy,bike,mAP50-95,,13,0,False,2026-09-12T10:24:16.975555+00:00
t1_10_e80,foggy,bike,mAP50,,13,0,False,2026-09-12T10:24:16.975555+00:00
t1_10_e80,foggy,bike,mAP75,,13,0,False,2026-09-12T10:24:16.975555+00:00
t1_10_e80,night,all,mAP50-95,0.23281,3863,36751,True,2026-09-12T10:24:16.975555+00:00
t1_10_e80,night,all,mAP50,0.38761,3863,36751,True,2026-09-12T10:24:16.975555+00:00
t1_10_e80,night,all,mAP75,0.23497,3863,36751,True,2026-09-12T10:24:16.975555+00:00
t1_10_e80,night,car,mAP50-95,0.39097,3863,35439,True,2026-09-12T10:24:16.975555+00:00
t1_10_e80,night,car,mAP50,0.71869,3863,35439,True,2026-09-12T10:24:16.975555+00:00
t1_10_e80,night,car,mAP75,0.36345,3863,35439,True,2026-09-12T10:24:16.975555+00:00
t1_10_e80,night,truck,mAP50-95,0.28817,3863,736,False,2026-09-12T10:24:16.975555+00:00
t1_10_e80,night,truck,mAP50,0.41728,3863,736,False,2026-09-12T10:24:16.975555+00:00
t1_10_e80,night,truck,mAP75,0.31957,3863,736,False,2026-09-12T10:24:16.975555+00:00
t1_10_e80,night,bus,mAP50-95,0.30486,3863,297,False,2026-09-12T10:24:16.975555+00:00
t1_10_e80,night,bus,mAP50,0.40576,3863,297,False,2026-09-12T10:24:16.975555+00:00
t1_10_e80,night,bus,mAP75,0.35385,3863,297,False,2026-09-12T10:24:16.975555+00:00
t1_10_e80,night,motor,mAP50-95,0.09334,3863,93,False,2026-09-12T10:24:16.975555+00:00
t1_10_e80,night,motor,mAP50,0.20158,3863,93,False,2026-09-12T10:24:16.975555+00:00
t1_10_e80,night,motor,mAP75,0.06107,3863,93,False,2026-09-12T10:24:16.975555+00:00
t1_10_e80,night,bike,mAP50-95,0.0867,3863,186,False,2026-09-12T10:24:16.975555+00:00
t1_10_e80,night,bike,mAP50,0.19472,3863,186,False,2026-09-12T10:24:16.975555+00:00
t1_10_e80,night,bike,mAP75,0.07693,3863,186,False,2026-09-12T10:24:16.975555+00:00
t1_10_e80,night_adverse,all,mAP50-95,0.23157,566,4986,True,2026-09-12T10:24:16.975555+00:00
t1_10_e80,night_adverse,all,mAP50,0.37766,566,4986,True,2026-09-12T10:24:16.975555+00:00
t1_10_e80,night_adverse,all,mAP75,0.22937,566,4986,True,2026-09-12T10:24:16.975555+00:00
t1_10_e80,night_adverse,car,mAP50-95,0.39777,566,4743,True,2026-09-12T10:24:16.975555+00:00
t1_10_e80,night_adverse,car,mAP50,0.71056,566,4743,True,2026-09-12T10:24:16.975555+00:00
t1_10_e80,night_adverse,car,mAP75,0.37861,566,4743,True,2026-09-12T10:24:16.975555+00:00
t1_10_e80,night_adverse,truck,mAP50-95,0.25174,566,156,False,2026-09-12T10:24:16.975555+00:00
t1_10_e80,night_adverse,truck,mAP50,0.36449,566,156,False,2026-09-12T10:24:16.975555+00:00
t1_10_e80,night_adverse,truck,mAP75,0.27419,566,156,False,2026-09-12T10:24:16.975555+00:00
t1_10_e80,night_adverse,bus,mAP50-95,0.36905,566,41,False,2026-09-12T10:24:16.975555+00:00
t1_10_e80,night_adverse,bus,mAP50,0.47173,566,41,False,2026-09-12T10:24:16.975555+00:00
t1_10_e80,night_adverse,bus,mAP75,0.42601,566,41,False,2026-09-12T10:24:16.975555+00:00
t1_10_e80,night_adverse,motor,mAP50-95,0.09109,566,12,False,2026-09-12T10:24:16.975555+00:00
t1_10_e80,night_adverse,motor,mAP50,0.19664,566,12,False,2026-09-12T10:24:16.975555+00:00
t1_10_e80,night_adverse,motor,mAP75,0.0374,566,12,False,2026-09-12T10:24:16.975555+00:00
t1_10_e80,night_adverse,bike,mAP50-95,0.04821,566,34,False,2026-09-12T10:24:16.975555+00:00
t1_10_e80,night_adverse,bike,mAP50,0.1449,566,34,False,2026-09-12T10:24:16.975555+00:00
t1_10_e80,night_adverse,bike,mAP75,0.03064,566,34,False,2026-09-12T10:24:16.975555+00:00
t1_10_e80,night_clear,all,mAP50-95,0.23529,3274,31550,True,2026-09-12T10:24:16.975555+00:00
t1_10_e80,night_clear,all,mAP50,0.39351,3274,31550,True,2026-09-12T10:24:16.975555+00:00
t1_10_e80,night_clear,all,mAP75,0.23794,3274,31550,True,2026-09-12T10:24:16.975555+00:00
t1_10_e80,night_clear,car,mAP50-95,0.3895,3274,30489,True,2026-09-12T10:24:16.975555+00:00
t1_10_e80,night_clear,car,mAP50,0.7197,3274,30489,True,2026-09-12T10:24:16.975555+00:00
t1_10_e80,night_clear,car,mAP75,0.36075,3274,30489,True,2026-09-12T10:24:16.975555+00:00
t1_10_e80,night_clear,truck,mAP50-95,0.29675,3274,577,False,2026-09-12T10:24:16.975555+00:00
t1_10_e80,night_clear,truck,mAP50,0.43025,3274,577,False,2026-09-12T10:24:16.975555+00:00
t1_10_e80,night_clear,truck,mAP75,0.33022,3274,577,False,2026-09-12T10:24:16.975555+00:00
t1_10_e80,night_clear,bus,mAP50-95,0.2921,3274,251,False,2026-09-12T10:24:16.975555+00:00
t1_10_e80,night_clear,bus,mAP50,0.39029,3274,251,False,2026-09-12T10:24:16.975555+00:00
t1_10_e80,night_clear,bus,mAP75,0.34127,3274,251,False,2026-09-12T10:24:16.975555+00:00
t1_10_e80,night_clear,motor,mAP50-95,0.0997,3274,81,False,2026-09-12T10:24:16.975555+00:00
t1_10_e80,night_clear,motor,mAP50,0.21398,3274,81,False,2026-09-12T10:24:16.975555+00:00
t1_10_e80,night_clear,motor,mAP75,0.0712,3274,81,False,2026-09-12T10:24:16.975555+00:00
t1_10_e80,night_clear,bike,mAP50-95,0.09839,3274,152,False,2026-09-12T10:24:16.975555+00:00
t1_10_e80,night_clear,bike,mAP50,0.21334,3274,152,False,2026-09-12T10:24:16.975555+00:00
t1_10_e80,night_clear,bike,mAP75,0.08624,3274,152,False,2026-09-12T10:24:16.975555+00:00
t1_10_e80,night_rainy,all,mAP50-95,0.2953,286,2535,True,2026-09-12T10:24:16.975555+00:00
t1_10_e80,night_rainy,all,mAP50,0.46157,286,2535,True,2026-09-12T10:24:16.975555+00:00
t1_10_e80,night_rainy,all,mAP75,0.29757,286,2535,True,2026-09-12T10:24:16.975555+00:00
t1_10_e80,night_rainy,car,mAP50-95,0.38842,286,2416,True,2026-09-12T10:24:16.975555+00:00
t1_10_e80,night_rainy,car,mAP50,0.69036,286,2416,True,2026-09-12T10:24:16.975555+00:00
t1_10_e80,night_rainy,car,mAP75,0.37381,286,2416,True,2026-09-12T10:24:16.975555+00:00
t1_10_e80,night_rainy,truck,mAP50-95,0.34612,286,72,False,2026-09-12T10:24:16.975555+00:00
t1_10_e80,night_rainy,truck,mAP50,0.48799,286,72,False,2026-09-12T10:24:16.975555+00:00
t1_10_e80,night_rainy,truck,mAP75,0.39729,286,72,False,2026-09-12T10:24:16.975555+00:00
t1_10_e80,night_rainy,bus,mAP50-95,0.49686,286,22,False,2026-09-12T10:24:16.975555+00:00
t1_10_e80,night_rainy,bus,mAP50,0.64249,286,22,False,2026-09-12T10:24:16.975555+00:00
t1_10_e80,night_rainy,bus,mAP75,0.55312,286,22,False,2026-09-12T10:24:16.975555+00:00
t1_10_e80,night_rainy,motor,mAP50-95,0.11637,286,10,False,2026-09-12T10:24:16.975555+00:00
t1_10_e80,night_rainy,motor,mAP50,0.24637,286,10,False,2026-09-12T10:24:16.975555+00:00
t1_10_e80,night_rainy,motor,mAP75,0.05941,286,10,False,2026-09-12T10:24:16.975555+00:00
t1_10_e80,night_rainy,bike,mAP50-95,0.12875,286,15,False,2026-09-12T10:24:16.975555+00:00
t1_10_e80,night_rainy,bike,mAP50,0.24065,286,15,False,2026-09-12T10:24:16.975555+00:00
t1_10_e80,night_rainy,bike,mAP75,0.10424,286,15,False,2026-09-12T10:24:16.975555+00:00
t1_10_e80,night_snowy,all,mAP50-95,0.17743,273,2374,True,2026-09-12T10:24:16.975555+00:00
t1_10_e80,night_snowy,all,mAP50,0.2934,273,2374,True,2026-09-12T10:24:16.975555+00:00
t1_10_e80,night_snowy,all,mAP75,0.17685,273,2374,True,2026-09-12T10:24:16.975555+00:00
t1_10_e80,night_snowy,car,mAP50-95,0.41087,273,2251,True,2026-09-12T10:24:16.975555+00:00
t1_10_e80,night_snowy,car,mAP50,0.73687,273,2251,True,2026-09-12T10:24:16.975555+00:00
t1_10_e80,night_snowy,car,mAP75,0.38579,273,2251,True,2026-09-12T10:24:16.975555+00:00
t1_10_e80,night_snowy,truck,mAP50-95,0.18135,273,83,False,2026-09-12T10:24:16.975555+00:00
t1_10_e80,night_snowy,truck,mAP50,0.27025,273,83,False,2026-09-12T10:24:16.975555+00:00
t1_10_e80,night_snowy,truck,mAP75,0.1832,273,83,False,2026-09-12T10:24:16.975555+00:00
t1_10_e80,night_snowy,bus,mAP50-95,0.25235,273,19,False,2026-09-12T10:24:16.975555+00:00
t1_10_e80,night_snowy,bus,mAP50,0.31705,273,19,False,2026-09-12T10:24:16.975555+00:00
t1_10_e80,night_snowy,bus,mAP75,0.31109,273,19,False,2026-09-12T10:24:16.975555+00:00
t1_10_e80,night_snowy,motor,mAP50-95,0.03156,273,2,False,2026-09-12T10:24:16.975555+00:00
t1_10_e80,night_snowy,motor,mAP50,0.06312,273,2,False,2026-09-12T10:24:16.975555+00:00
t1_10_e80,night_snowy,motor,mAP75,0.0,273,2,False,2026-09-12T10:24:16.975555+00:00
t1_10_e80,night_snowy,bike,mAP50-95,0.01102,273,19,False,2026-09-12T10:24:16.975555+00:00
t1_10_e80,night_snowy,bike,mAP50,0.07971,273,19,False,2026-09-12T10:24:16.975555+00:00
t1_10_e80,night_snowy,bike,mAP75,0.00415,273,19,False,2026-09-12T10:24:16.975555+00:00
t1_10_e80,overcast,all,mAP50-95,0.25274,1239,15505,True,2026-09-12T10:24:16.975555+00:00
t1_10_e80,overcast,all,mAP50,0.41826,1239,15505,True,2026-09-12T10:24:16.975555+00:00
t1_10_e80,overcast,all,mAP75,0.24773,1239,15505,True,2026-09-12T10:24:16.975555+00:00
t1_10_e80,overcast,car,mAP50-95,0.45961,1239,14370,True,2026-09-12T10:24:16.975555+00:00
t1_10_e80,overcast,car,mAP50,0.75546,1239,14370,True,2026-09-12T10:24:16.975555+00:00
t1_10_e80,overcast,car,mAP75,0.45784,1239,14370,True,2026-09-12T10:24:16.975555+00:00
t1_10_e80,overcast,truck,mAP50-95,0.30631,1239,660,False,2026-09-12T10:24:16.975555+00:00
t1_10_e80,overcast,truck,mAP50,0.44621,1239,660,False,2026-09-12T10:24:16.975555+00:00
t1_10_e80,overcast,truck,mAP75,0.33273,1239,660,False,2026-09-12T10:24:16.975555+00:00
t1_10_e80,overcast,bus,mAP50-95,0.27766,1239,262,False,2026-09-12T10:24:16.975555+00:00
t1_10_e80,overcast,bus,mAP50,0.37688,1239,262,False,2026-09-12T10:24:16.975555+00:00
t1_10_e80,overcast,bus,mAP75,0.28771,1239,262,False,2026-09-12T10:24:16.975555+00:00
t1_10_e80,overcast,motor,mAP50-95,0.09567,1239,72,False,2026-09-12T10:24:16.975555+00:00
t1_10_e80,overcast,motor,mAP50,0.22805,1239,72,False,2026-09-12T10:24:16.975555+00:00
t1_10_e80,overcast,motor,mAP75,0.06867,1239,72,False,2026-09-12T10:24:16.975555+00:00
t1_10_e80,overcast,bike,mAP50-95,0.12446,1239,141,False,2026-09-12T10:24:16.975555+00:00
t1_10_e80,overcast,bike,mAP50,0.28472,1239,141,False,2026-09-12T10:24:16.975555+00:00
t1_10_e80,overcast,bike,mAP75,0.09168,1239,141,False,2026-09-12T10:24:16.975555+00:00
t1_10_e80,partlycloudy,all,mAP50-95,0.24382,738,9256,True,2026-09-12T10:24:16.975555+00:00
t1_10_e80,partlycloudy,all,mAP50,0.39109,738,9256,True,2026-09-12T10:24:16.975555+00:00
t1_10_e80,partlycloudy,all,mAP75,0.24265,738,9256,True,2026-09-12T10:24:16.975555+00:00
t1_10_e80,partlycloudy,car,mAP50-95,0.44123,738,8526,True,2026-09-12T10:24:16.975555+00:00
t1_10_e80,partlycloudy,car,mAP50,0.72801,738,8526,True,2026-09-12T10:24:16.975555+00:00
t1_10_e80,partlycloudy,car,mAP75,0.44112,738,8526,True,2026-09-12T10:24:16.975555+00:00
t1_10_e80,partlycloudy,truck,mAP50-95,0.28888,738,454,False,2026-09-12T10:24:16.975555+00:00
t1_10_e80,partlycloudy,truck,mAP50,0.43049,738,454,False,2026-09-12T10:24:16.975555+00:00
t1_10_e80,partlycloudy,truck,mAP75,0.29275,738,454,False,2026-09-12T10:24:16.975555+00:00
t1_10_e80,partlycloudy,bus,mAP50-95,0.28826,738,142,False,2026-09-12T10:24:16.975555+00:00
t1_10_e80,partlycloudy,bus,mAP50,0.3733,738,142,False,2026-09-12T10:24:16.975555+00:00
t1_10_e80,partlycloudy,bus,mAP75,0.32665,738,142,False,2026-09-12T10:24:16.975555+00:00
t1_10_e80,partlycloudy,motor,mAP50-95,0.10993,738,65,False,2026-09-12T10:24:16.975555+00:00
t1_10_e80,partlycloudy,motor,mAP50,0.22621,738,65,False,2026-09-12T10:24:16.975555+00:00
t1_10_e80,partlycloudy,motor,mAP75,0.09014,738,65,False,2026-09-12T10:24:16.975555+00:00
t1_10_e80,partlycloudy,bike,mAP50-95,0.09081,738,69,False,2026-09-12T10:24:16.975555+00:00
t1_10_e80,partlycloudy,bike,mAP50,0.19746,738,69,False,2026-09-12T10:24:16.975555+00:00
t1_10_e80,partlycloudy,bike,mAP75,0.06257,738,69,False,2026-09-12T10:24:16.975555+00:00
t1_10_e80,rainy,all,mAP50-95,0.25902,737,7541,True,2026-09-12T10:24:16.975555+00:00
t1_10_e80,rainy,all,mAP50,0.41962,737,7541,True,2026-09-12T10:24:16.975555+00:00
t1_10_e80,rainy,all,mAP75,0.25957,737,7541,True,2026-09-12T10:24:16.975555+00:00
t1_10_e80,rainy,car,mAP50-95,0.43169,737,6944,True,2026-09-12T10:24:16.975555+00:00
t1_10_e80,rainy,car,mAP50,0.72682,737,6944,True,2026-09-12T10:24:16.975555+00:00
t1_10_e80,rainy,car,mAP75,0.42881,737,6944,True,2026-09-12T10:24:16.975555+00:00
t1_10_e80,rainy,truck,mAP50-95,0.33984,737,378,False,2026-09-12T10:24:16.975555+00:00
t1_10_e80,rainy,truck,mAP50,0.49564,737,378,False,2026-09-12T10:24:16.975555+00:00
t1_10_e80,rainy,truck,mAP75,0.38011,737,378,False,2026-09-12T10:24:16.975555+00:00
t1_10_e80,rainy,bus,mAP50-95,0.30468,737,132,False,2026-09-12T10:24:16.975555+00:00
t1_10_e80,rainy,bus,mAP50,0.41484,737,132,False,2026-09-12T10:24:16.975555+00:00
t1_10_e80,rainy,bus,mAP75,0.31934,737,132,False,2026-09-12T10:24:16.975555+00:00
t1_10_e80,rainy,motor,mAP50-95,0.10946,737,30,False,2026-09-12T10:24:16.975555+00:00
t1_10_e80,rainy,motor,mAP50,0.22931,737,30,False,2026-09-12T10:24:16.975555+00:00
t1_10_e80,rainy,motor,mAP75,0.07636,737,30,False,2026-09-12T10:24:16.975555+00:00
t1_10_e80,rainy,bike,mAP50-95,0.10946,737,57,False,2026-09-12T10:24:16.975555+00:00
t1_10_e80,rainy,bike,mAP50,0.23146,737,57,False,2026-09-12T10:24:16.975555+00:00
t1_10_e80,rainy,bike,mAP75,0.09323,737,57,False,2026-09-12T10:24:16.975555+00:00
t1_10_e80,snowy,all,mAP50-95,0.20275,769,8080,True,2026-09-12T10:24:16.975555+00:00
t1_10_e80,snowy,all,mAP50,0.33238,769,8080,True,2026-09-12T10:24:16.975555+00:00
t1_10_e80,snowy,all,mAP75,0.20089,769,8080,True,2026-09-12T10:24:16.975555+00:00
t1_10_e80,snowy,car,mAP50-95,0.43177,769,7486,True,2026-09-12T10:24:16.975555+00:00
t1_10_e80,snowy,car,mAP50,0.73033,769,7486,True,2026-09-12T10:24:16.975555+00:00
t1_10_e80,snowy,car,mAP75,0.42637,769,7486,True,2026-09-12T10:24:16.975555+00:00
t1_10_e80,snowy,truck,mAP50-95,0.25378,769,371,False,2026-09-12T10:24:16.975555+00:00
t1_10_e80,snowy,truck,mAP50,0.374,769,371,False,2026-09-12T10:24:16.975555+00:00
t1_10_e80,snowy,truck,mAP75,0.2805,769,371,False,2026-09-12T10:24:16.975555+00:00
t1_10_e80,snowy,bus,mAP50-95,0.20499,769,133,False,2026-09-12T10:24:16.975555+00:00
t1_10_e80,snowy,bus,mAP50,0.27959,769,133,False,2026-09-12T10:24:16.975555+00:00
t1_10_e80,snowy,bus,mAP75,0.22316,769,133,False,2026-09-12T10:24:16.975555+00:00
t1_10_e80,snowy,motor,mAP50-95,0.03619,769,9,False,2026-09-12T10:24:16.975555+00:00
t1_10_e80,snowy,motor,mAP50,0.07522,769,9,False,2026-09-12T10:24:16.975555+00:00
t1_10_e80,snowy,motor,mAP75,0.0,769,9,False,2026-09-12T10:24:16.975555+00:00
t1_10_e80,snowy,bike,mAP50-95,0.08701,769,81,False,2026-09-12T10:24:16.975555+00:00
t1_10_e80,snowy,bike,mAP50,0.20279,769,81,False,2026-09-12T10:24:16.975555+00:00
t1_10_e80,snowy,bike,mAP75,0.07441,769,81,False,2026-09-12T10:24:16.975555+00:00
