arm,slice,class,metric,value,n_images,n_instances,reportable,timestamp
base_100,overall,all,mAP50-95,0.34383,8841,97193,True,2026-09-14T07:18:08.087224+00:00
base_100,overall,all,mAP50,0.54775,8841,97193,True,2026-09-14T07:18:08.087224+00:00
base_100,overall,all,mAP75,0.34743,8841,97193,True,2026-09-14T07:18:08.087224+00:00
base_100,overall,car,mAP50-95,0.47525,8841,91118,True,2026-09-14T07:18:08.087224+00:00
base_100,overall,car,mAP50,0.78792,8841,91118,True,2026-09-14T07:18:08.087224+00:00
base_100,overall,car,mAP75,0.46953,8841,91118,True,2026-09-14T07:18:08.087224+00:00
base_100,overall,truck,mAP50-95,0.4263,8841,3608,True,2026-09-14T07:18:08.087224+00:00
base_100,overall,truck,mAP50,0.58309,8841,3608,True,2026-09-14T07:18:08.087224+00:00
base_100,overall,truck,mAP75,0.47389,8841,3608,True,2026-09-14T07:18:08.087224+00:00
base_100,overall,bus,mAP50-95,0.41511,8841,1351,True,2026-09-14T07:18:08.087224+00:00
base_100,overall,bus,mAP50,0.5378,8841,1351,True,2026-09-14T07:18:08.087224+00:00
base_100,overall,bus,mAP75,0.46239,8841,1351,True,2026-09-14T07:18:08.087224+00:00
base_100,overall,motor,mAP50-95,0.18363,8841,377,False,2026-09-14T07:18:08.087224+00:00
base_100,overall,motor,mAP50,0.37564,8841,377,False,2026-09-14T07:18:08.087224+00:00
base_100,overall,motor,mAP75,0.15196,8841,377,False,2026-09-14T07:18:08.087224+00:00
base_100,overall,bike,mAP50-95,0.21888,8841,739,False,2026-09-14T07:18:08.087224+00:00
base_100,overall,bike,mAP50,0.45431,8841,739,False,2026-09-14T07:18:08.087224+00:00
base_100,overall,bike,mAP75,0.1794,8841,739,False,2026-09-14T07:18:08.087224+00:00
base_100,adverse,all,mAP50-95,0.33675,1519,15765,True,2026-09-14T07:18:08.087224+00:00
base_100,adverse,all,mAP50,0.5175,1519,15765,True,2026-09-14T07:18:08.087224+00:00
base_100,adverse,all,mAP75,0.35437,1519,15765,True,2026-09-14T07:18:08.087224+00:00
base_100,adverse,car,mAP50-95,0.48754,1519,14568,True,2026-09-14T07:18:08.087224+00:00
base_100,adverse,car,mAP50,0.79447,1519,14568,True,2026-09-14T07:18:08.087224+00:00
base_100,adverse,car,mAP75,0.49046,1519,14568,True,2026-09-14T07:18:08.087224+00:00
base_100,adverse,truck,mAP50-95,0.43158,1519,754,False,2026-09-14T07:18:08.087224+00:00
base_100,adverse,truck,mAP50,0.59794,1519,754,False,2026-09-14T07:18:08.087224+00:00
base_100,adverse,truck,mAP75,0.48468,1519,754,False,2026-09-14T07:18:08.087224+00:00
base_100,adverse,bus,mAP50-95,0.38828,1519,265,False,2026-09-14T07:18:08.087224+00:00
base_100,adverse,bus,mAP50,0.4969,1519,265,False,2026-09-14T07:18:08.087224+00:00
base_100,adverse,bus,mAP75,0.42891,1519,265,False,2026-09-14T07:18:08.087224+00:00
base_100,adverse,motor,mAP50-95,0.19407,1519,40,False,2026-09-14T07:18:08.087224+00:00
base_100,adverse,motor,mAP50,0.30442,1519,40,False,2026-09-14T07:18:08.087224+00:00
base_100,adverse,motor,mAP75,0.20613,1519,40,False,2026-09-14T07:18:08.087224+00:00
base_100,adverse,bike,mAP50-95,0.18228,1519,138,False,2026-09-14T07:18:08.087224+00:00
base_100,adverse,bike,mAP50,0.39378,1519,138,False,2026-09-14T07:18:08.087224+00:00
base_100,adverse,bike,mAP75,0.16168,1519,138,False,2026-09-14T07:18:08.087224+00:00
base_100,benign,all,mAP50-95,0.34623,7322,81428,True,2026-09-14T07:18:08.087224+00:00
base_100,benign,all,mAP50,0.55357,7322,81428,True,2026-09-14T07:18:08.087224+00:00
base_100,benign,all,mAP75,0.34786,7322,81428,True,2026-09-14T07:18:08.087224+00:00
base_100,benign,car,mAP50-95,0.47307,7322,76550,True,2026-09-14T07:18:08.087224+00:00
base_100,benign,car,mAP50,0.78703,7322,76550,True,2026-09-14T07:18:08.087224+00:00
base_100,benign,car,mAP75,0.46632,7322,76550,True,2026-09-14T07:18:08.087224+00:00
base_100,benign,truck,mAP50-95,0.42506,7322,2854,True,2026-09-14T07:18:08.087224+00:00
base_100,benign,truck,mAP50,0.57929,7322,2854,True,2026-09-14T07:18:08.087224+00:00
base_100,benign,truck,mAP75,0.47085,7322,2854,True,2026-09-14T07:18:08.087224+00:00
base_100,benign,bus,mAP50-95,0.42246,7322,1086,True,2026-09-14T07:18:08.087224+00:00
base_100,benign,bus,mAP50,0.54814,7322,1086,True,2026-09-14T07:18:08.087224+00:00
base_100,benign,bus,mAP75,0.47119,7322,1086,True,2026-09-14T07:18:08.087224+00:00
base_100,benign,motor,mAP50-95,0.1841,7322,337,False,2026-09-14T07:18:08.087224+00:00
base_100,benign,motor,mAP50,0.38548,7322,337,False,2026-09-14T07:18:08.087224+00:00
base_100,benign,motor,mAP75,0.14815,7322,337,False,2026-09-14T07:18:08.087224+00:00
base_100,benign,bike,mAP50-95,0.22648,7322,601,False,2026-09-14T07:18:08.087224+00:00
base_100,benign,bike,mAP50,0.46791,7322,601,False,2026-09-14T07:18:08.087224+00:00
base_100,benign,bike,mAP75,0.18279,7322,601,False,2026-09-14T07:18:08.087224+00:00
base_100,clear,all,mAP50-95,0.34428,5345,56667,True,2026-09-14T07:18:08.087224+00:00
base_100,clear,all,mAP50,0.55393,5345,56667,True,2026-09-14T07:18:08.087224+00:00
base_100,clear,all,mAP75,0.34691,5345,56667,True,2026-09-14T07:18:08.087224+00:00
base_100,clear,car,mAP50-95,0.45888,5345,53654,True,2026-09-14T07:18:08.087224+00:00
base_100,clear,car,mAP50,0.77882,5345,53654,True,2026-09-14T07:18:08.087224+00:00
base_100,clear,car,mAP75,0.44777,5345,53654,True,2026-09-14T07:18:08.087224+00:00
base_100,clear,truck,mAP50-95,0.41655,5345,1740,True,2026-09-14T07:18:08.087224+00:00
base_100,clear,truck,mAP50,0.56203,5345,1740,True,2026-09-14T07:18:08.087224+00:00
base_100,clear,truck,mAP75,0.46773,5345,1740,True,2026-09-14T07:18:08.087224+00:00
base_100,clear,bus,mAP50-95,0.42098,5345,682,False,2026-09-14T07:18:08.087224+00:00
base_100,clear,bus,mAP50,0.54273,5345,682,False,2026-09-14T07:18:08.087224+00:00
base_100,clear,bus,mAP75,0.48169,5345,682,False,2026-09-14T07:18:08.087224+00:00
base_100,clear,motor,mAP50-95,0.19472,5345,200,False,2026-09-14T07:18:08.087224+00:00
base_100,clear,motor,mAP50,0.41884,5345,200,False,2026-09-14T07:18:08.087224+00:00
base_100,clear,motor,mAP75,0.14403,5345,200,False,2026-09-14T07:18:08.087224+00:00
base_100,clear,bike,mAP50-95,0.23029,5345,391,False,2026-09-14T07:18:08.087224+00:00
base_100,clear,bike,mAP50,0.46726,5345,391,False,2026-09-14T07:18:08.087224+00:00
base_100,clear,bike,mAP75,0.19334,5345,391,False,2026-09-14T07:18:08.087224+00:00
base_100,dawndusk,all,mAP50-95,0.36457,714,8512,True,2026-09-14T07:18:08.087224+00:00
base_100,dawndusk,all,mAP50,0.5739,714,8512,True,2026-09-14T07:18:08.087224+00:00
base_100,dawndusk,all,mAP75,0.37275,714,8512,True,2026-09-14T07:18:08.087224+00:00
base_100,dawndusk,car,mAP50-95,0.49398,714,7964,True,2026-09-14T07:18:08.087224+00:00
base_100,dawndusk,car,mAP50,0.79259,714,7964,True,2026-09-14T07:18:08.087224+00:00
base_100,dawndusk,car,mAP75,0.50068,714,7964,True,2026-09-14T07:18:08.087224+00:00
base_100,dawndusk,truck,mAP50-95,0.45403,714,340,False,2026-09-14T07:18:08.087224+00:00
base_100,dawndusk,truck,mAP50,0.62714,714,340,False,2026-09-14T07:18:08.087224+00:00
base_100,dawndusk,truck,mAP75,0.51703,714,340,False,2026-09-14T07:18:08.087224+00:00
base_100,dawndusk,bus,mAP50-95,0.50701,714,127,False,2026-09-14T07:18:08.087224+00:00
base_100,dawndusk,bus,mAP50,0.641,714,127,False,2026-09-14T07:18:08.087224+00:00
base_100,dawndusk,bus,mAP75,0.56733,714,127,False,2026-09-14T07:18:08.087224+00:00
base_100,dawndusk,motor,mAP50-95,0.10906,714,22,False,2026-09-14T07:18:08.087224+00:00
base_100,dawndusk,motor,mAP50,0.2689,714,22,False,2026-09-14T07:18:08.087224+00:00
base_100,dawndusk,motor,mAP75,0.08275,714,22,False,2026-09-14T07:18:08.087224+00:00
base_100,dawndusk,bike,mAP50-95,0.25876,714,59,False,2026-09-14T07:18:08.087224+00:00
base_100,dawndusk,bike,mAP50,0.53986,714,59,False,2026-09-14T07:18:08.087224+00:00
base_100,dawndusk,bike,mAP75,0.19593,714,59,False,2026-09-14T07:18:08.087224+00:00
base_100,day,all,mAP50-95,0.34463,4264,51930,True,2026-09-14T07:18:08.087224+00:00
base_100,day,all,mAP50,0.54074,4264,51930,True,2026-09-14T07:18:08.087224+00:00
base_100,day,all,mAP75,0.3494,4264,51930,True,2026-09-14T07:18:08.087224+00:00
base_100,day,car,mAP50-95,0.50241,4264,47715,True,2026-09-14T07:18:08.087224+00:00
base_100,day,car,mAP50,0.80178,4264,47715,True,2026-09-14T07:18:08.087224+00:00
base_100,day,car,mAP75,0.50757,4264,47715,True,2026-09-14T07:18:08.087224+00:00
base_100,day,truck,mAP50-95,0.42867,4264,2532,True,2026-09-14T07:18:08.087224+00:00
base_100,day,truck,mAP50,0.58751,4264,2532,True,2026-09-14T07:18:08.087224+00:00
base_100,day,truck,mAP75,0.4713,4264,2532,True,2026-09-14T07:18:08.087224+00:00
base_100,day,bus,mAP50-95,0.40172,4264,927,True,2026-09-14T07:18:08.087224+00:00
base_100,day,bus,mAP50,0.52241,4264,927,True,2026-09-14T07:18:08.087224+00:00
base_100,day,bus,mAP75,0.44214,4264,927,True,2026-09-14T07:18:08.087224+00:00
base_100,day,motor,mAP50-95,0.19057,4264,262,False,2026-09-14T07:18:08.087224+00:00
base_100,day,motor,mAP50,0.37355,4264,262,False,2026-09-14T07:18:08.087224+00:00
base_100,day,motor,mAP75,0.16174,4264,262,False,2026-09-14T07:18:08.087224+00:00
base_100,day,bike,mAP50-95,0.19976,4264,494,False,2026-09-14T07:18:08.087224+00:00
base_100,day,bike,mAP50,0.41847,4264,494,False,2026-09-14T07:18:08.087224+00:00
base_100,day,bike,mAP75,0.16426,4264,494,False,2026-09-14T07:18:08.087224+00:00
base_100,day_adverse,all,mAP50-95,0.34023,823,9252,True,2026-09-14T07:18:08.087224+00:00
base_100,day_adverse,all,mAP50,0.52615,823,9252,True,2026-09-14T07:18:08.087224+00:00
base_100,day_adverse,all,mAP75,0.35173,823,9252,True,2026-09-14T07:18:08.087224+00:00
base_100,day_adverse,car,mAP50-95,0.50909,823,8401,True,2026-09-14T07:18:08.087224+00:00
base_100,day_adverse,car,mAP50,0.80948,823,8401,True,2026-09-14T07:18:08.087224+00:00
base_100,day_adverse,car,mAP75,0.51961,823,8401,True,2026-09-14T07:18:08.087224+00:00
base_100,day_adverse,truck,mAP50-95,0.43541,823,540,False,2026-09-14T07:18:08.087224+00:00
base_100,day_adverse,truck,mAP50,0.60693,823,540,False,2026-09-14T07:18:08.087224+00:00
base_100,day_adverse,truck,mAP75,0.48503,823,540,False,2026-09-14T07:18:08.087224+00:00
base_100,day_adverse,bus,mAP50-95,0.35705,823,194,False,2026-09-14T07:18:08.087224+00:00
base_100,day_adverse,bus,mAP50,0.46096,823,194,False,2026-09-14T07:18:08.087224+00:00
base_100,day_adverse,bus,mAP75,0.38412,823,194,False,2026-09-14T07:18:08.087224+00:00
base_100,day_adverse,motor,mAP50-95,0.22203,823,23,False,2026-09-14T07:18:08.087224+00:00
base_100,day_adverse,motor,mAP50,0.35494,823,23,False,2026-09-14T07:18:08.087224+00:00
base_100,day_adverse,motor,mAP75,0.22183,823,23,False,2026-09-14T07:18:08.087224+00:00
base_100,day_adverse,bike,mAP50-95,0.17758,823,94,False,2026-09-14T07:18:08.087224+00:00
base_100,day_adverse,bike,mAP50,0.39843,823,94,False,2026-09-14T07:18:08.087224+00:00
base_100,day_adverse,bike,mAP75,0.14804,823,94,False,2026-09-14T07:18:08.087224+00:00
base_100,day_clear,all,mAP50-95,0.3486,1764,21352,True,2026-09-14T07:18:08.087224+00:00
base_100,day_clear,all,mAP50,0.54073,1764,21352,True,2026-09-14T07:18:08.087224+00:00
base_100,day_clear,all,mAP75,0.35772,1764,21352,True,2026-09-14T07:18:08.087224+00:00
base_100,day_clear,car,mAP50-95,0.49628,1764,19633,True,2026-09-14T07:18:08.087224+00:00
base_100,day_clear,car,mAP50,0.79349,1764,19633,True,2026-09-14T07:18:08.087224+00:00
base_100,day_clear,car,mAP75,0.50067,1764,19633,True,2026-09-14T07:18:08.087224+00:00
base_100,day_clear,truck,mAP50-95,0.42337,1764,1021,True,2026-09-14T07:18:08.087224+00:00
base_100,day_clear,truck,mAP50,0.56899,1764,1021,True,2026-09-14T07:18:08.087224+00:00
base_100,day_clear,truck,mAP75,0.46783,1764,1021,True,2026-09-14T07:18:08.087224+00:00
base_100,day_clear,bus,mAP50-95,0.42108,1764,380,False,2026-09-14T07:18:08.087224+00:00
base_100,day_clear,bus,mAP50,0.53735,1764,380,False,2026-09-14T07:18:08.087224+00:00
base_100,day_clear,bus,mAP75,0.48205,1764,380,False,2026-09-14T07:18:08.087224+00:00
base_100,day_clear,motor,mAP50-95,0.21087,1764,111,False,2026-09-14T07:18:08.087224+00:00
base_100,day_clear,motor,mAP50,0.4241,1764,111,False,2026-09-14T07:18:08.087224+00:00
base_100,day_clear,motor,mAP75,0.1632,1764,111,False,2026-09-14T07:18:08.087224+00:00
base_100,day_clear,bike,mAP50-95,0.19141,1764,207,False,2026-09-14T07:18:08.087224+00:00
base_100,day_clear,bike,mAP50,0.37972,1764,207,False,2026-09-14T07:18:08.087224+00:00
base_100,day_clear,bike,mAP75,0.17487,1764,207,False,2026-09-14T07:18:08.087224+00:00
base_100,day_rainy,all,mAP50-95,0.3642,396,4356,True,2026-09-14T07:18:08.087224+00:00
base_100,day_rainy,all,mAP50,0.56309,396,4356,True,2026-09-14T07:18:08.087224+00:00
base_100,day_rainy,all,mAP75,0.38318,396,4356,True,2026-09-14T07:18:08.087224+00:00
base_100,day_rainy,car,mAP50-95,0.5156,396,3930,True,2026-09-14T07:18:08.087224+00:00
base_100,day_rainy,car,mAP50,0.82042,396,3930,True,2026-09-14T07:18:08.087224+00:00
base_100,day_rainy,car,mAP75,0.52504,396,3930,True,2026-09-14T07:18:08.087224+00:00
base_100,day_rainy,truck,mAP50-95,0.43299,396,272,False,2026-09-14T07:18:08.087224+00:00
base_100,day_rainy,truck,mAP50,0.60598,396,272,False,2026-09-14T07:18:08.087224+00:00
base_100,day_rainy,truck,mAP75,0.48067,396,272,False,2026-09-14T07:18:08.087224+00:00
base_100,day_rainy,bus,mAP50-95,0.36218,396,97,False,2026-09-14T07:18:08.087224+00:00
base_100,day_rainy,bus,mAP50,0.46786,396,97,False,2026-09-14T07:18:08.087224+00:00
base_100,day_rainy,bus,mAP75,0.38922,396,97,False,2026-09-14T07:18:08.087224+00:00
base_100,day_rainy,motor,mAP50-95,0.30244,396,16,False,2026-09-14T07:18:08.087224+00:00
base_100,day_rainy,motor,mAP50,0.45869,396,16,False,2026-09-14T07:18:08.087224+00:00
base_100,day_rainy,motor,mAP75,0.33303,396,16,False,2026-09-14T07:18:08.087224+00:00
base_100,day_rainy,bike,mAP50-95,0.20777,396,41,False,2026-09-14T07:18:08.087224+00:00
base_100,day_rainy,bike,mAP50,0.46249,396,41,False,2026-09-14T07:18:08.087224+00:00
base_100,day_rainy,bike,mAP75,0.18792,396,41,False,2026-09-14T07:18:08.087224+00:00
base_100,day_snowy,all,mAP50-95,0.30285,422,4842,True,2026-09-14T07:18:08.087224+00:00
base_100,day_snowy,all,mAP50,0.47357,422,4842,True,2026-09-14T07:18:08.087224+00:00
base_100,day_snowy,all,mAP75,0.3041,422,4842,True,2026-09-14T07:18:08.087224+00:00
base_100,day_snowy,car,mAP50-95,0.50377,422,4421,True,2026-09-14T07:18:08.087224+00:00
base_100,day_snowy,car,mAP50,0.80123,422,4421,True,2026-09-14T07:18:08.087224+00:00
base_100,day_snowy,car,mAP75,0.51381,422,4421,True,2026-09-14T07:18:08.087224+00:00
base_100,day_snowy,truck,mAP50-95,0.44226,422,264,False,2026-09-14T07:18:08.087224+00:00
base_100,day_snowy,truck,mAP50,0.61581,422,264,False,2026-09-14T07:18:08.087224+00:00
base_100,day_snowy,truck,mAP75,0.49452,422,264,False,2026-09-14T07:18:08.087224+00:00
base_100,day_snowy,bus,mAP50-95,0.35465,422,97,False,2026-09-14T07:18:08.087224+00:00
base_100,day_snowy,bus,mAP50,0.45309,422,97,False,2026-09-14T07:18:08.087224+00:00
base_100,day_snowy,bus,mAP75,0.38419,422,97,False,2026-09-14T07:18:08.087224+00:00
base_100,day_snowy,motor,mAP50-95,0.05941,422,7,False,2026-09-14T07:18:08.087224+00:00
base_100,day_snowy,motor,mAP50,0.14851,422,7,False,2026-09-14T07:18:08.087224+00:00
base_100,day_snowy,motor,mAP75,0.0,422,7,False,2026-09-14T07:18:08.087224+00:00
base_100,day_snowy,bike,mAP50-95,0.15417,422,53,False,2026-09-14T07:18:08.087224+00:00
base_100,day_snowy,bike,mAP50,0.34919,422,53,False,2026-09-14T07:18:08.087224+00:00
base_100,day_snowy,bike,mAP75,0.12797,422,53,False,2026-09-14T07:18:08.087224+00:00
base_100,foggy,all,mAP50-95,0.27822,13,144,False,2026-09-14T07:18:08.087224+00:00
base_100,foggy,all,mAP50,0.6461,13,144,False,2026-09-14T07:18:08.087224+00:00
base_100,foggy,all,mAP75,0.2242,13,144,False,2026-09-14T07:18:08.087224+00:00
base_100,foggy,car,mAP50-95,0.44752,13,138,False,2026-09-14T07:18:08.087224+00:00
base_100,foggy,car,mAP50,0.73038,13,138,False,2026-09-14T07:18:08.087224+00:00
base_100,foggy,car,mAP75,0.46469,13,138,False,2026-09-14T07:18:08.087224+00:00
base_100,foggy,truck,mAP50-95,0.18713,13,5,False,2026-09-14T07:18:08.087224+00:00
base_100,foggy,truck,mAP50,0.20792,13,5,False,2026-09-14T07:18:08.087224+00:00
base_100,foggy,truck,mAP75,0.20792,13,5,False,2026-09-14T07:18:08.087224+00:00
base_100,foggy,bus,mAP50-95,,13,0,False,2026-09-14T07:18:08.087224+00:00
base_100,foggy,bus,mAP50,,13,0,False,2026-09-14T07:18:08.087224+00:00
base_100,foggy,bus,mAP75,,13,0,False,2026-09-14T07:18:08.087224+00:00
base_100,foggy,motor,mAP50-95,0.2,13,1,False,2026-09-14T07:18:08.087224+00:00
base_100,foggy,motor,mAP50,1.0,13,1,False,2026-09-14T07:18:08.087224+00:00
base_100,foggy,motor,mAP75,0.0,13,1,False,2026-09-14T07:18:08.087224+00:00
base_100,foggy,bike,mAP50-95,,13,0,False,2026-09-14T07:18:08.087224+00:00
base_100,foggy,bike,mAP50,,13,0,False,2026-09-14T07:18:08.087224+00:00
base_100,foggy,bike,mAP75,,13,0,False,2026-09-14T07:18:08.087224+00:00
base_100,night,all,mAP50-95,0.34317,3863,36751,True,2026-09-14T07:18:08.087224+00:00
base_100,night,all,mAP50,0.56255,3863,36751,True,2026-09-14T07:18:08.087224+00:00
base_100,night,all,mAP75,0.34598,3863,36751,True,2026-09-14T07:18:08.087224+00:00
base_100,night,car,mAP50-95,0.4331,3863,35439,True,2026-09-14T07:18:08.087224+00:00
base_100,night,car,mAP50,0.76705,3863,35439,True,2026-09-14T07:18:08.087224+00:00
base_100,night,car,mAP75,0.41051,3863,35439,True,2026-09-14T07:18:08.087224+00:00
base_100,night,truck,mAP50-95,0.40902,3863,736,False,2026-09-14T07:18:08.087224+00:00
base_100,night,truck,mAP50,0.55295,3863,736,False,2026-09-14T07:18:08.087224+00:00
base_100,night,truck,mAP75,0.46724,3863,736,False,2026-09-14T07:18:08.087224+00:00
base_100,night,bus,mAP50-95,0.42128,3863,297,False,2026-09-14T07:18:08.087224+00:00
base_100,night,bus,mAP50,0.54484,3863,297,False,2026-09-14T07:18:08.087224+00:00
base_100,night,bus,mAP75,0.48224,3863,297,False,2026-09-14T07:18:08.087224+00:00
base_100,night,motor,mAP50-95,0.18916,3863,93,False,2026-09-14T07:18:08.087224+00:00
base_100,night,motor,mAP50,0.41824,3863,93,False,2026-09-14T07:18:08.087224+00:00
base_100,night,motor,mAP75,0.14858,3863,93,False,2026-09-14T07:18:08.087224+00:00
base_100,night,bike,mAP50-95,0.26329,3863,186,False,2026-09-14T07:18:08.087224+00:00
base_100,night,bike,mAP50,0.52967,3863,186,False,2026-09-14T07:18:08.087224+00:00
base_100,night,bike,mAP75,0.22135,3863,186,False,2026-09-14T07:18:08.087224+00:00
base_100,night_adverse,all,mAP50-95,0.36742,566,4986,True,2026-09-14T07:18:08.087224+00:00
base_100,night_adverse,all,mAP50,0.54226,566,4986,True,2026-09-14T07:18:08.087224+00:00
base_100,night_adverse,all,mAP75,0.39808,566,4986,True,2026-09-14T07:18:08.087224+00:00
base_100,night_adverse,car,mAP50-95,0.44596,566,4743,True,2026-09-14T07:18:08.087224+00:00
base_100,night_adverse,car,mAP50,0.76663,566,4743,True,2026-09-14T07:18:08.087224+00:00
base_100,night_adverse,car,mAP75,0.43672,566,4743,True,2026-09-14T07:18:08.087224+00:00
base_100,night_adverse,truck,mAP50-95,0.39115,566,156,False,2026-09-14T07:18:08.087224+00:00
base_100,night_adverse,truck,mAP50,0.54201,566,156,False,2026-09-14T07:18:08.087224+00:00
base_100,night_adverse,truck,mAP75,0.4425,566,156,False,2026-09-14T07:18:08.087224+00:00
base_100,night_adverse,bus,mAP50-95,0.54185,566,41,False,2026-09-14T07:18:08.087224+00:00
base_100,night_adverse,bus,mAP50,0.68764,566,41,False,2026-09-14T07:18:08.087224+00:00
base_100,night_adverse,bus,mAP75,0.62603,566,41,False,2026-09-14T07:18:08.087224+00:00
base_100,night_adverse,motor,mAP50-95,0.25193,566,12,False,2026-09-14T07:18:08.087224+00:00
base_100,night_adverse,motor,mAP50,0.30206,566,12,False,2026-09-14T07:18:08.087224+00:00
base_100,night_adverse,motor,mAP75,0.30206,566,12,False,2026-09-14T07:18:08.087224+00:00
base_100,night_adverse,bike,mAP50-95,0.20621,566,34,False,2026-09-14T07:18:08.087224+00:00
base_100,night_adverse,bike,mAP50,0.41297,566,34,False,2026-09-14T07:18:08.087224+00:00
base_100,night_adverse,bike,mAP75,0.1831,566,34,False,2026-09-14T07:18:08.087224+00:00
base_100,night_clear,all,mAP50-95,0.34004,3274,31550,True,2026-09-14T07:18:08.087224+00:00
base_100,night_clear,all,mAP50,0.56546,3274,31550,True,2026-09-14T07:18:08.087224+00:00
base_100,night_clear,all,mAP75,0.33804,3274,31550,True,2026-09-14T07:18:08.087224+00:00
base_100,night_clear,car,mAP50-95,0.4304,3274,30489,True,2026-09-14T07:18:08.087224+00:00
base_100,night_clear,car,mAP50,0.76563,3274,30489,True,2026-09-14T07:18:08.087224+00:00
base_100,night_clear,car,mAP75,0.40626,3274,30489,True,2026-09-14T07:18:08.087224+00:00
base_100,night_clear,truck,mAP50-95,0.41161,3274,577,False,2026-09-14T07:18:08.087224+00:00
base_100,night_clear,truck,mAP50,0.55515,3274,577,False,2026-09-14T07:18:08.087224+00:00
base_100,night_clear,truck,mAP75,0.47067,3274,577,False,2026-09-14T07:18:08.087224+00:00
base_100,night_clear,bus,mAP50-95,0.39602,3274,251,False,2026-09-14T07:18:08.087224+00:00
base_100,night_clear,bus,mAP50,0.51548,3274,251,False,2026-09-14T07:18:08.087224+00:00
base_100,night_clear,bus,mAP75,0.45158,3274,251,False,2026-09-14T07:18:08.087224+00:00
base_100,night_clear,motor,mAP50-95,0.18557,3274,81,False,2026-09-14T07:18:08.087224+00:00
base_100,night_clear,motor,mAP50,0.43535,3274,81,False,2026-09-14T07:18:08.087224+00:00
base_100,night_clear,motor,mAP75,0.13263,3274,81,False,2026-09-14T07:18:08.087224+00:00
base_100,night_clear,bike,mAP50-95,0.27661,3274,152,False,2026-09-14T07:18:08.087224+00:00
base_100,night_clear,bike,mAP50,0.55568,3274,152,False,2026-09-14T07:18:08.087224+00:00
base_100,night_clear,bike,mAP75,0.22905,3274,152,False,2026-09-14T07:18:08.087224+00:00
base_100,night_rainy,all,mAP50-95,0.41754,286,2535,True,2026-09-14T07:18:08.087224+00:00
base_100,night_rainy,all,mAP50,0.59713,286,2535,True,2026-09-14T07:18:08.087224+00:00
base_100,night_rainy,all,mAP75,0.46287,286,2535,True,2026-09-14T07:18:08.087224+00:00
base_100,night_rainy,car,mAP50-95,0.43899,286,2416,True,2026-09-14T07:18:08.087224+00:00
base_100,night_rainy,car,mAP50,0.7506,286,2416,True,2026-09-14T07:18:08.087224+00:00
base_100,night_rainy,car,mAP75,0.43238,286,2416,True,2026-09-14T07:18:08.087224+00:00
base_100,night_rainy,truck,mAP50-95,0.48167,286,72,False,2026-09-14T07:18:08.087224+00:00
base_100,night_rainy,truck,mAP50,0.65818,286,72,False,2026-09-14T07:18:08.087224+00:00
base_100,night_rainy,truck,mAP75,0.56819,286,72,False,2026-09-14T07:18:08.087224+00:00
base_100,night_rainy,bus,mAP50-95,0.61257,286,22,False,2026-09-14T07:18:08.087224+00:00
base_100,night_rainy,bus,mAP50,0.78314,286,22,False,2026-09-14T07:18:08.087224+00:00
base_100,night_rainy,bus,mAP75,0.67681,286,22,False,2026-09-14T07:18:08.087224+00:00
base_100,night_rainy,motor,mAP50-95,0.23317,286,10,False,2026-09-14T07:18:08.087224+00:00
base_100,night_rainy,motor,mAP50,0.28713,286,10,False,2026-09-14T07:18:08.087224+00:00
base_100,night_rainy,motor,mAP75,0.28713,286,10,False,2026-09-14T07:18:08.087224+00:00
base_100,night_rainy,bike,mAP50-95,0.32127,286,15,False,2026-09-14T07:18:08.087224+00:00
base_100,night_rainy,bike,mAP50,0.5066,286,15,False,2026-09-14T07:18:08.087224+00:00
base_100,night_rainy,bike,mAP75,0.34983,286,15,False,2026-09-14T07:18:08.087224+00:00
base_100,night_snowy,all,mAP50-95,0.35919,273,2374,True,2026-09-14T07:18:08.087224+00:00
base_100,night_snowy,all,mAP50,0.53014,273,2374,True,2026-09-14T07:18:08.087224+00:00
base_100,night_snowy,all,mAP75,0.37832,273,2374,True,2026-09-14T07:18:08.087224+00:00
base_100,night_snowy,car,mAP50-95,0.45591,273,2251,True,2026-09-14T07:18:08.087224+00:00
base_100,night_snowy,car,mAP50,0.79001,273,2251,True,2026-09-14T07:18:08.087224+00:00
base_100,night_snowy,car,mAP75,0.44256,273,2251,True,2026-09-14T07:18:08.087224+00:00
base_100,night_snowy,truck,mAP50-95,0.31594,273,83,False,2026-09-14T07:18:08.087224+00:00
base_100,night_snowy,truck,mAP50,0.44409,273,83,False,2026-09-14T07:18:08.087224+00:00
base_100,night_snowy,truck,mAP75,0.33546,273,83,False,2026-09-14T07:18:08.087224+00:00
base_100,night_snowy,bus,mAP50-95,0.45072,273,19,False,2026-09-14T07:18:08.087224+00:00
base_100,night_snowy,bus,mAP50,0.55841,273,19,False,2026-09-14T07:18:08.087224+00:00
base_100,night_snowy,bus,mAP75,0.55841,273,19,False,2026-09-14T07:18:08.087224+00:00
base_100,night_snowy,motor,mAP50-95,0.45446,273,2,False,2026-09-14T07:18:08.087224+00:00
base_100,night_snowy,motor,mAP50,0.50495,273,2,False,2026-09-14T07:18:08.087224+00:00
base_100,night_snowy,motor,mAP75,0.50495,273,2,False,2026-09-14T07:18:08.087224+00:00
base_100,night_snowy,bike,mAP50-95,0.11891,273,19,False,2026-09-14T07:18:08.087224+00:00
base_100,night_snowy,bike,mAP50,0.35322,273,19,False,2026-09-14T07:18:08.087224+00:00
base_100,night_snowy,bike,mAP75,0.05025,273,19,False,2026-09-14T07:18:08.087224+00:00
base_100,overcast,all,mAP50-95,0.35073,1239,15505,True,2026-09-14T07:18:08.087224+00:00
base_100,overcast,all,mAP50,0.56194,1239,15505,True,2026-09-14T07:18:08.087224+00:00
base_100,overcast,all,mAP75,0.3463,1239,15505,True,2026-09-14T07:18:08.087224+00:00
base_100,overcast,car,mAP50-95,0.51197,1239,14370,True,2026-09-14T07:18:08.087224+00:00
base_100,overcast,car,mAP50,0.81383,1239,14370,True,2026-09-14T07:18:08.087224+00:00
base_100,overcast,car,mAP75,0.517,1239,14370,True,2026-09-14T07:18:08.087224+00:00
base_100,overcast,truck,mAP50-95,0.43845,1239,660,False,2026-09-14T07:18:08.087224+00:00
base_100,overcast,truck,mAP50,0.613,1239,660,False,2026-09-14T07:18:08.087224+00:00
base_100,overcast,truck,mAP75,0.48259,1239,660,False,2026-09-14T07:18:08.087224+00:00
base_100,overcast,bus,mAP50-95,0.41185,1239,262,False,2026-09-14T07:18:08.087224+00:00
base_100,overcast,bus,mAP50,0.54155,1239,262,False,2026-09-14T07:18:08.087224+00:00
base_100,overcast,bus,mAP75,0.44194,1239,262,False,2026-09-14T07:18:08.087224+00:00
base_100,overcast,motor,mAP50-95,0.14407,1239,72,False,2026-09-14T07:18:08.087224+00:00
base_100,overcast,motor,mAP50,0.31447,1239,72,False,2026-09-14T07:18:08.087224+00:00
base_100,overcast,motor,mAP75,0.11095,1239,72,False,2026-09-14T07:18:08.087224+00:00
base_100,overcast,bike,mAP50-95,0.2473,1239,141,False,2026-09-14T07:18:08.087224+00:00
base_100,overcast,bike,mAP50,0.52685,1239,141,False,2026-09-14T07:18:08.087224+00:00
base_100,overcast,bike,mAP75,0.17903,1239,141,False,2026-09-14T07:18:08.087224+00:00
base_100,partlycloudy,all,mAP50-95,0.3597,738,9256,True,2026-09-14T07:18:08.087224+00:00
base_100,partlycloudy,all,mAP50,0.54793,738,9256,True,2026-09-14T07:18:08.087224+00:00
base_100,partlycloudy,all,mAP75,0.3678,738,9256,True,2026-09-14T07:18:08.087224+00:00
base_100,partlycloudy,car,mAP50-95,0.49404,738,8526,True,2026-09-14T07:18:08.087224+00:00
base_100,partlycloudy,car,mAP50,0.79174,738,8526,True,2026-09-14T07:18:08.087224+00:00
base_100,partlycloudy,car,mAP75,0.49791,738,8526,True,2026-09-14T07:18:08.087224+00:00
base_100,partlycloudy,truck,mAP50-95,0.44385,738,454,False,2026-09-14T07:18:08.087224+00:00
base_100,partlycloudy,truck,mAP50,0.60369,738,454,False,2026-09-14T07:18:08.087224+00:00
base_100,partlycloudy,truck,mAP75,0.47192,738,454,False,2026-09-14T07:18:08.087224+00:00
base_100,partlycloudy,bus,mAP50-95,0.45287,738,142,False,2026-09-14T07:18:08.087224+00:00
base_100,partlycloudy,bus,mAP50,0.59398,738,142,False,2026-09-14T07:18:08.087224+00:00
base_100,partlycloudy,bus,mAP75,0.47968,738,142,False,2026-09-14T07:18:08.087224+00:00
base_100,partlycloudy,motor,mAP50-95,0.22009,738,65,False,2026-09-14T07:18:08.087224+00:00
base_100,partlycloudy,motor,mAP50,0.37757,738,65,False,2026-09-14T07:18:08.087224+00:00
base_100,partlycloudy,motor,mAP75,0.22396,738,65,False,2026-09-14T07:18:08.087224+00:00
base_100,partlycloudy,bike,mAP50-95,0.18765,738,69,False,2026-09-14T07:18:08.087224+00:00
base_100,partlycloudy,bike,mAP50,0.37268,738,69,False,2026-09-14T07:18:08.087224+00:00
base_100,partlycloudy,bike,mAP75,0.16555,738,69,False,2026-09-14T07:18:08.087224+00:00
base_100,rainy,all,mAP50-95,0.36336,737,7541,True,2026-09-14T07:18:08.087224+00:00
base_100,rainy,all,mAP50,0.55034,737,7541,True,2026-09-14T07:18:08.087224+00:00
base_100,rainy,all,mAP75,0.38705,737,7541,True,2026-09-14T07:18:08.087224+00:00
base_100,rainy,car,mAP50-95,0.48721,737,6944,True,2026-09-14T07:18:08.087224+00:00
base_100,rainy,car,mAP50,0.79385,737,6944,True,2026-09-14T07:18:08.087224+00:00
base_100,rainy,car,mAP75,0.48948,737,6944,True,2026-09-14T07:18:08.087224+00:00
base_100,rainy,truck,mAP50-95,0.44611,737,378,False,2026-09-14T07:18:08.087224+00:00
base_100,rainy,truck,mAP50,0.6224,737,378,False,2026-09-14T07:18:08.087224+00:00
base_100,rainy,truck,mAP75,0.50053,737,378,False,2026-09-14T07:18:08.087224+00:00
base_100,rainy,bus,mAP50-95,0.41188,737,132,False,2026-09-14T07:18:08.087224+00:00
base_100,rainy,bus,mAP50,0.52862,737,132,False,2026-09-14T07:18:08.087224+00:00
base_100,rainy,bus,mAP75,0.44665,737,132,False,2026-09-14T07:18:08.087224+00:00
base_100,rainy,motor,mAP50-95,0.21968,737,30,False,2026-09-14T07:18:08.087224+00:00
base_100,rainy,motor,mAP50,0.31781,737,30,False,2026-09-14T07:18:08.087224+00:00
base_100,rainy,motor,mAP75,0.25472,737,30,False,2026-09-14T07:18:08.087224+00:00
base_100,rainy,bike,mAP50-95,0.25193,737,57,False,2026-09-14T07:18:08.087224+00:00
base_100,rainy,bike,mAP50,0.48904,737,57,False,2026-09-14T07:18:08.087224+00:00
base_100,rainy,bike,mAP75,0.24386,737,57,False,2026-09-14T07:18:08.087224+00:00
base_100,snowy,all,mAP50-95,0.31344,769,8080,True,2026-09-14T07:18:08.087224+00:00
base_100,snowy,all,mAP50,0.48125,769,8080,True,2026-09-14T07:18:08.087224+00:00
base_100,snowy,all,mAP75,0.32193,769,8080,True,2026-09-14T07:18:08.087224+00:00
base_100,snowy,car,mAP50-95,0.48912,769,7486,True,2026-09-14T07:18:08.087224+00:00
base_100,snowy,car,mAP50,0.79754,769,7486,True,2026-09-14T07:18:08.087224+00:00
base_100,snowy,car,mAP75,0.49212,769,7486,True,2026-09-14T07:18:08.087224+00:00
base_100,snowy,truck,mAP50-95,0.4209,769,371,False,2026-09-14T07:18:08.087224+00:00
base_100,snowy,truck,mAP50,0.58118,769,371,False,2026-09-14T07:18:08.087224+00:00
base_100,snowy,truck,mAP75,0.47214,769,371,False,2026-09-14T07:18:08.087224+00:00
base_100,snowy,bus,mAP50-95,0.36745,769,133,False,2026-09-14T07:18:08.087224+00:00
base_100,snowy,bus,mAP50,0.46862,769,133,False,2026-09-14T07:18:08.087224+00:00
base_100,snowy,bus,mAP75,0.41317,769,133,False,2026-09-14T07:18:08.087224+00:00
base_100,snowy,motor,mAP50-95,0.1505,769,9,False,2026-09-14T07:18:08.087224+00:00
base_100,snowy,motor,mAP50,0.22772,769,9,False,2026-09-14T07:18:08.087224+00:00
base_100,snowy,motor,mAP75,0.11881,769,9,False,2026-09-14T07:18:08.087224+00:00
base_100,snowy,bike,mAP50-95,0.13923,769,81,False,2026-09-14T07:18:08.087224+00:00
base_100,snowy,bike,mAP50,0.33119,769,81,False,2026-09-14T07:18:08.087224+00:00
base_100,snowy,bike,mAP75,0.11343,769,81,False,2026-09-14T07:18:08.087224+00:00
m1_lowlight,overall,all,mAP50-95,0.33639,8841,97193,True,2026-09-14T07:18:08.087224+00:00
m1_lowlight,overall,all,mAP50,0.538,8841,97193,True,2026-09-14T07:18:08.087224+00:00
m1_lowlight,overall,all,mAP75,0.34224,8841,97193,True,2026-09-14T07:18:08.087224+00:00
m1_lowlight,overall,car,mAP50-95,0.47261,8841,91118,True,2026-09-14T07:18:08.087224+00:00
m1_lowlight,overall,car,mAP50,0.78523,8841,91118,True,2026-09-14T07:18:08.087224+00:00
m1_lowlight,overall,car,mAP75,0.46736,8841,91118,True,2026-09-14T07:18:08.087224+00:00
m1_lowlight,overall,truck,mAP50-95,0.42121,8841,3608,True,2026-09-14T07:18:08.087224+00:00
m1_lowlight,overall,truck,mAP50,0.57836,8841,3608,True,2026-09-14T07:18:08.087224+00:00
m1_lowlight,overall,truck,mAP75,0.46594,8841,3608,True,2026-09-14T07:18:08.087224+00:00
m1_lowlight,overall,bus,mAP50-95,0.41566,8841,1351,True,2026-09-14T07:18:08.087224+00:00
m1_lowlight,overall,bus,mAP50,0.54255,8841,1351,True,2026-09-14T07:18:08.087224+00:00
m1_lowlight,overall,bus,mAP75,0.47113,8841,1351,True,2026-09-14T07:18:08.087224+00:00
m1_lowlight,overall,motor,mAP50-95,0.16001,8841,377,False,2026-09-14T07:18:08.087224+00:00
m1_lowlight,overall,motor,mAP50,0.34809,8841,377,False,2026-09-14T07:18:08.087224+00:00
m1_lowlight,overall,motor,mAP75,0.1286,8841,377,False,2026-09-14T07:18:08.087224+00:00
m1_lowlight,overall,bike,mAP50-95,0.21247,8841,739,False,2026-09-14T07:18:08.087224+00:00
m1_lowlight,overall,bike,mAP50,0.43577,8841,739,False,2026-09-14T07:18:08.087224+00:00
m1_lowlight,overall,bike,mAP75,0.17818,8841,739,False,2026-09-14T07:18:08.087224+00:00
m1_lowlight,adverse,all,mAP50-95,0.33539,1519,15765,True,2026-09-14T07:18:08.087224+00:00
m1_lowlight,adverse,all,mAP50,0.52798,1519,15765,True,2026-09-14T07:18:08.087224+00:00
m1_lowlight,adverse,all,mAP75,0.34324,1519,15765,True,2026-09-14T07:18:08.087224+00:00
m1_lowlight,adverse,car,mAP50-95,0.48566,1519,14568,True,2026-09-14T07:18:08.087224+00:00
m1_lowlight,adverse,car,mAP50,0.79077,1519,14568,True,2026-09-14T07:18:08.087224+00:00
m1_lowlight,adverse,car,mAP75,0.48809,1519,14568,True,2026-09-14T07:18:08.087224+00:00
m1_lowlight,adverse,truck,mAP50-95,0.43243,1519,754,False,2026-09-14T07:18:08.087224+00:00
m1_lowlight,adverse,truck,mAP50,0.60336,1519,754,False,2026-09-14T07:18:08.087224+00:00
m1_lowlight,adverse,truck,mAP75,0.4751,1519,754,False,2026-09-14T07:18:08.087224+00:00
m1_lowlight,adverse,bus,mAP50-95,0.4053,1519,265,False,2026-09-14T07:18:08.087224+00:00
m1_lowlight,adverse,bus,mAP50,0.52403,1519,265,False,2026-09-14T07:18:08.087224+00:00
m1_lowlight,adverse,bus,mAP75,0.45812,1519,265,False,2026-09-14T07:18:08.087224+00:00
m1_lowlight,adverse,motor,mAP50-95,0.16247,1519,40,False,2026-09-14T07:18:08.087224+00:00
m1_lowlight,adverse,motor,mAP50,0.29343,1519,40,False,2026-09-14T07:18:08.087224+00:00
m1_lowlight,adverse,motor,mAP75,0.15731,1519,40,False,2026-09-14T07:18:08.087224+00:00
m1_lowlight,adverse,bike,mAP50-95,0.1911,1519,138,False,2026-09-14T07:18:08.087224+00:00
m1_lowlight,adverse,bike,mAP50,0.42829,1519,138,False,2026-09-14T07:18:08.087224+00:00
m1_lowlight,adverse,bike,mAP75,0.13759,1519,138,False,2026-09-14T07:18:08.087224+00:00
m1_lowlight,benign,all,mAP50-95,0.3373,7322,81428,True,2026-09-14T07:18:08.087224+00:00
m1_lowlight,benign,all,mAP50,0.53961,7322,81428,True,2026-09-14T07:18:08.087224+00:00
m1_lowlight,benign,all,mAP75,0.34347,7322,81428,True,2026-09-14T07:18:08.087224+00:00
m1_lowlight,benign,car,mAP50-95,0.47006,7322,76550,True,2026-09-14T07:18:08.087224+00:00
m1_lowlight,benign,car,mAP50,0.78442,7322,76550,True,2026-09-14T07:18:08.087224+00:00
m1_lowlight,benign,car,mAP75,0.46397,7322,76550,True,2026-09-14T07:18:08.087224+00:00
m1_lowlight,benign,truck,mAP50-95,0.41834,7322,2854,True,2026-09-14T07:18:08.087224+00:00
m1_lowlight,benign,truck,mAP50,0.57119,7322,2854,True,2026-09-14T07:18:08.087224+00:00
m1_lowlight,benign,truck,mAP75,0.46273,7322,2854,True,2026-09-14T07:18:08.087224+00:00
m1_lowlight,benign,bus,mAP50-95,0.41909,7322,1086,True,2026-09-14T07:18:08.087224+00:00
m1_lowlight,benign,bus,mAP50,0.54759,7322,1086,True,2026-09-14T07:18:08.087224+00:00
m1_lowlight,benign,bus,mAP75,0.47436,7322,1086,True,2026-09-14T07:18:08.087224+00:00
m1_lowlight,benign,motor,mAP50-95,0.16088,7322,337,False,2026-09-14T07:18:08.087224+00:00
m1_lowlight,benign,motor,mAP50,0.35607,7322,337,False,2026-09-14T07:18:08.087224+00:00
m1_lowlight,benign,motor,mAP75,0.12779,7322,337,False,2026-09-14T07:18:08.087224+00:00
m1_lowlight,benign,bike,mAP50-95,0.21811,7322,601,False,2026-09-14T07:18:08.087224+00:00
m1_lowlight,benign,bike,mAP50,0.43877,7322,601,False,2026-09-14T07:18:08.087224+00:00
m1_lowlight,benign,bike,mAP75,0.18849,7322,601,False,2026-09-14T07:18:08.087224+00:00
m1_lowlight,clear,all,mAP50-95,0.33599,5345,56667,True,2026-09-14T07:18:08.087224+00:00
m1_lowlight,clear,all,mAP50,0.53851,5345,56667,True,2026-09-14T07:18:08.087224+00:00
m1_lowlight,clear,all,mAP75,0.34302,5345,56667,True,2026-09-14T07:18:08.087224+00:00
m1_lowlight,clear,car,mAP50-95,0.45663,5345,53654,True,2026-09-14T07:18:08.087224+00:00
m1_lowlight,clear,car,mAP50,0.77723,5345,53654,True,2026-09-14T07:18:08.087224+00:00
m1_lowlight,clear,car,mAP75,0.44466,5345,53654,True,2026-09-14T07:18:08.087224+00:00
m1_lowlight,clear,truck,mAP50-95,0.40917,5345,1740,True,2026-09-14T07:18:08.087224+00:00
m1_lowlight,clear,truck,mAP50,0.55713,5345,1740,True,2026-09-14T07:18:08.087224+00:00
m1_lowlight,clear,truck,mAP75,0.45988,5345,1740,True,2026-09-14T07:18:08.087224+00:00
m1_lowlight,clear,bus,mAP50-95,0.41609,5345,682,False,2026-09-14T07:18:08.087224+00:00
m1_lowlight,clear,bus,mAP50,0.54162,5345,682,False,2026-09-14T07:18:08.087224+00:00
m1_lowlight,clear,bus,mAP75,0.47581,5345,682,False,2026-09-14T07:18:08.087224+00:00
m1_lowlight,clear,motor,mAP50-95,0.1724,5345,200,False,2026-09-14T07:18:08.087224+00:00
m1_lowlight,clear,motor,mAP50,0.37734,5345,200,False,2026-09-14T07:18:08.087224+00:00
m1_lowlight,clear,motor,mAP75,0.13622,5345,200,False,2026-09-14T07:18:08.087224+00:00
m1_lowlight,clear,bike,mAP50-95,0.22568,5345,391,False,2026-09-14T07:18:08.087224+00:00
m1_lowlight,clear,bike,mAP50,0.43923,5345,391,False,2026-09-14T07:18:08.087224+00:00
m1_lowlight,clear,bike,mAP75,0.19852,5345,391,False,2026-09-14T07:18:08.087224+00:00
m1_lowlight,dawndusk,all,mAP50-95,0.34874,714,8512,True,2026-09-14T07:18:08.087224+00:00
m1_lowlight,dawndusk,all,mAP50,0.5611,714,8512,True,2026-09-14T07:18:08.087224+00:00
m1_lowlight,dawndusk,all,mAP75,0.35389,714,8512,True,2026-09-14T07:18:08.087224+00:00
m1_lowlight,dawndusk,car,mAP50-95,0.49311,714,7964,True,2026-09-14T07:18:08.087224+00:00
m1_lowlight,dawndusk,car,mAP50,0.78952,714,7964,True,2026-09-14T07:18:08.087224+00:00
m1_lowlight,dawndusk,car,mAP75,0.5029,714,7964,True,2026-09-14T07:18:08.087224+00:00
m1_lowlight,dawndusk,truck,mAP50-95,0.44597,714,340,False,2026-09-14T07:18:08.087224+00:00
m1_lowlight,dawndusk,truck,mAP50,0.60888,714,340,False,2026-09-14T07:18:08.087224+00:00
m1_lowlight,dawndusk,truck,mAP75,0.49999,714,340,False,2026-09-14T07:18:08.087224+00:00
m1_lowlight,dawndusk,bus,mAP50-95,0.48566,714,127,False,2026-09-14T07:18:08.087224+00:00
m1_lowlight,dawndusk,bus,mAP50,0.61634,714,127,False,2026-09-14T07:18:08.087224+00:00
m1_lowlight,dawndusk,bus,mAP75,0.56486,714,127,False,2026-09-14T07:18:08.087224+00:00
m1_lowlight,dawndusk,motor,mAP50-95,0.07141,714,22,False,2026-09-14T07:18:08.087224+00:00
m1_lowlight,dawndusk,motor,mAP50,0.24984,714,22,False,2026-09-14T07:18:08.087224+00:00
m1_lowlight,dawndusk,motor,mAP75,0.05077,714,22,False,2026-09-14T07:18:08.087224+00:00
m1_lowlight,dawndusk,bike,mAP50-95,0.24753,714,59,False,2026-09-14T07:18:08.087224+00:00
m1_lowlight,dawndusk,bike,mAP50,0.54092,714,59,False,2026-09-14T07:18:08.087224+00:00
m1_lowlight,dawndusk,bike,mAP75,0.15094,714,59,False,2026-09-14T07:18:08.087224+00:00
m1_lowlight,day,all,mAP50-95,0.33886,4264,51930,True,2026-09-14T07:18:08.087224+00:00
m1_lowlight,day,all,mAP50,0.53162,4264,51930,True,2026-09-14T07:18:08.087224+00:00
m1_lowlight,day,all,mAP75,0.34783,4264,51930,True,2026-09-14T07:18:08.087224+00:00
m1_lowlight,day,car,mAP50-95,0.49852,4264,47715,True,2026-09-14T07:18:08.087224+00:00
m1_lowlight,day,car,mAP50,0.79598,4264,47715,True,2026-09-14T07:18:08.087224+00:00
m1_lowlight,day,car,mAP75,0.50494,4264,47715,True,2026-09-14T07:18:08.087224+00:00
m1_lowlight,day,truck,mAP50-95,0.42446,4264,2532,True,2026-09-14T07:18:08.087224+00:00
m1_lowlight,day,truck,mAP50,0.58169,4264,2532,True,2026-09-14T07:18:08.087224+00:00
m1_lowlight,day,truck,mAP75,0.46517,4264,2532,True,2026-09-14T07:18:08.087224+00:00
m1_lowlight,day,bus,mAP50-95,0.40875,4264,927,True,2026-09-14T07:18:08.087224+00:00
m1_lowlight,day,bus,mAP50,0.53783,4264,927,True,2026-09-14T07:18:08.087224+00:00
m1_lowlight,day,bus,mAP75,0.45998,4264,927,True,2026-09-14T07:18:08.087224+00:00
m1_lowlight,day,motor,mAP50-95,0.17067,4264,262,False,2026-09-14T07:18:08.087224+00:00
m1_lowlight,day,motor,mAP50,0.34711,4264,262,False,2026-09-14T07:18:08.087224+00:00
m1_lowlight,day,motor,mAP75,0.14725,4264,262,False,2026-09-14T07:18:08.087224+00:00
m1_lowlight,day,bike,mAP50-95,0.19189,4264,494,False,2026-09-14T07:18:08.087224+00:00
m1_lowlight,day,bike,mAP50,0.39551,4264,494,False,2026-09-14T07:18:08.087224+00:00
m1_lowlight,day,bike,mAP75,0.16183,4264,494,False,2026-09-14T07:18:08.087224+00:00
m1_lowlight,day_adverse,all,mAP50-95,0.34525,823,9252,True,2026-09-14T07:18:08.087224+00:00
m1_lowlight,day_adverse,all,mAP50,0.54207,823,9252,True,2026-09-14T07:18:08.087224+00:00
m1_lowlight,day_adverse,all,mAP75,0.35579,823,9252,True,2026-09-14T07:18:08.087224+00:00
m1_lowlight,day_adverse,car,mAP50-95,0.50618,823,8401,True,2026-09-14T07:18:08.087224+00:00
m1_lowlight,day_adverse,car,mAP50,0.80572,823,8401,True,2026-09-14T07:18:08.087224+00:00
m1_lowlight,day_adverse,car,mAP75,0.51277,823,8401,True,2026-09-14T07:18:08.087224+00:00
m1_lowlight,day_adverse,truck,mAP50-95,0.43827,823,540,False,2026-09-14T07:18:08.087224+00:00
m1_lowlight,day_adverse,truck,mAP50,0.61482,823,540,False,2026-09-14T07:18:08.087224+00:00
m1_lowlight,day_adverse,truck,mAP75,0.48222,823,540,False,2026-09-14T07:18:08.087224+00:00
m1_lowlight,day_adverse,bus,mAP50-95,0.37432,823,194,False,2026-09-14T07:18:08.087224+00:00
m1_lowlight,day_adverse,bus,mAP50,0.4851,823,194,False,2026-09-14T07:18:08.087224+00:00
m1_lowlight,day_adverse,bus,mAP75,0.41327,823,194,False,2026-09-14T07:18:08.087224+00:00
m1_lowlight,day_adverse,motor,mAP50-95,0.2237,823,23,False,2026-09-14T07:18:08.087224+00:00
m1_lowlight,day_adverse,motor,mAP50,0.36832,823,23,False,2026-09-14T07:18:08.087224+00:00
m1_lowlight,day_adverse,motor,mAP75,0.25281,823,23,False,2026-09-14T07:18:08.087224+00:00
m1_lowlight,day_adverse,bike,mAP50-95,0.18379,823,94,False,2026-09-14T07:18:08.087224+00:00
m1_lowlight,day_adverse,bike,mAP50,0.43637,823,94,False,2026-09-14T07:18:08.087224+00:00
m1_lowlight,day_adverse,bike,mAP75,0.11788,823,94,False,2026-09-14T07:18:08.087224+00:00
m1_lowlight,day_clear,all,mAP50-95,0.3412,1764,21352,True,2026-09-14T07:18:08.087224+00:00
m1_lowlight,day_clear,all,mAP50,0.52436,1764,21352,True,2026-09-14T07:18:08.087224+00:00
m1_lowlight,day_clear,all,mAP75,0.35892,1764,21352,True,2026-09-14T07:18:08.087224+00:00
m1_lowlight,day_clear,car,mAP50-95,0.49365,1764,19633,True,2026-09-14T07:18:08.087224+00:00
m1_lowlight,day_clear,car,mAP50,0.79023,1764,19633,True,2026-09-14T07:18:08.087224+00:00
m1_lowlight,day_clear,car,mAP75,0.49915,1764,19633,True,2026-09-14T07:18:08.087224+00:00
m1_lowlight,day_clear,truck,mAP50-95,0.41572,1764,1021,True,2026-09-14T07:18:08.087224+00:00
m1_lowlight,day_clear,truck,mAP50,0.56411,1764,1021,True,2026-09-14T07:18:08.087224+00:00
m1_lowlight,day_clear,truck,mAP75,0.45996,1764,1021,True,2026-09-14T07:18:08.087224+00:00
m1_lowlight,day_clear,bus,mAP50-95,0.4235,1764,380,False,2026-09-14T07:18:08.087224+00:00
m1_lowlight,day_clear,bus,mAP50,0.55377,1764,380,False,2026-09-14T07:18:08.087224+00:00
m1_lowlight,day_clear,bus,mAP75,0.48966,1764,380,False,2026-09-14T07:18:08.087224+00:00
m1_lowlight,day_clear,motor,mAP50-95,0.1862,1764,111,False,2026-09-14T07:18:08.087224+00:00
m1_lowlight,day_clear,motor,mAP50,0.36867,1764,111,False,2026-09-14T07:18:08.087224+00:00
m1_lowlight,day_clear,motor,mAP75,0.16781,1764,111,False,2026-09-14T07:18:08.087224+00:00
m1_lowlight,day_clear,bike,mAP50-95,0.18692,1764,207,False,2026-09-14T07:18:08.087224+00:00
m1_lowlight,day_clear,bike,mAP50,0.34504,1764,207,False,2026-09-14T07:18:08.087224+00:00
m1_lowlight,day_clear,bike,mAP75,0.178,1764,207,False,2026-09-14T07:18:08.087224+00:00
m1_lowlight,day_rainy,all,mAP50-95,0.37044,396,4356,True,2026-09-14T07:18:08.087224+00:00
m1_lowlight,day_rainy,all,mAP50,0.5827,396,4356,True,2026-09-14T07:18:08.087224+00:00
m1_lowlight,day_rainy,all,mAP75,0.39571,396,4356,True,2026-09-14T07:18:08.087224+00:00
m1_lowlight,day_rainy,car,mAP50-95,0.51394,396,3930,True,2026-09-14T07:18:08.087224+00:00
m1_lowlight,day_rainy,car,mAP50,0.81406,396,3930,True,2026-09-14T07:18:08.087224+00:00
m1_lowlight,day_rainy,car,mAP75,0.51948,396,3930,True,2026-09-14T07:18:08.087224+00:00
m1_lowlight,day_rainy,truck,mAP50-95,0.44288,396,272,False,2026-09-14T07:18:08.087224+00:00
m1_lowlight,day_rainy,truck,mAP50,0.61804,396,272,False,2026-09-14T07:18:08.087224+00:00
m1_lowlight,day_rainy,truck,mAP75,0.4921,396,272,False,2026-09-14T07:18:08.087224+00:00
m1_lowlight,day_rainy,bus,mAP50-95,0.37705,396,97,False,2026-09-14T07:18:08.087224+00:00
m1_lowlight,day_rainy,bus,mAP50,0.4973,396,97,False,2026-09-14T07:18:08.087224+00:00
m1_lowlight,day_rainy,bus,mAP75,0.42767,396,97,False,2026-09-14T07:18:08.087224+00:00
m1_lowlight,day_rainy,motor,mAP50-95,0.29323,396,16,False,2026-09-14T07:18:08.087224+00:00
m1_lowlight,day_rainy,motor,mAP50,0.46509,396,16,False,2026-09-14T07:18:08.087224+00:00
m1_lowlight,day_rainy,motor,mAP75,0.38842,396,16,False,2026-09-14T07:18:08.087224+00:00
m1_lowlight,day_rainy,bike,mAP50-95,0.22509,396,41,False,2026-09-14T07:18:08.087224+00:00
m1_lowlight,day_rainy,bike,mAP50,0.51898,396,41,False,2026-09-14T07:18:08.087224+00:00
m1_lowlight,day_rainy,bike,mAP75,0.15088,396,41,False,2026-09-14T07:18:08.087224+00:00
m1_lowlight,day_snowy,all,mAP50-95,0.30695,422,4842,True,2026-09-14T07:18:08.087224+00:00
m1_lowlight,day_snowy,all,mAP50,0.48082,422,4842,True,2026-09-14T07:18:08.087224+00:00
m1_lowlight,day_snowy,all,mAP75,0.29744,422,4842,True,2026-09-14T07:18:08.087224+00:00
m1_lowlight,day_snowy,car,mAP50-95,0.49996,422,4421,True,2026-09-14T07:18:08.087224+00:00
m1_lowlight,day_snowy,car,mAP50,0.79791,422,4421,True,2026-09-14T07:18:08.087224+00:00
m1_lowlight,day_snowy,car,mAP75,0.50846,422,4421,True,2026-09-14T07:18:08.087224+00:00
m1_lowlight,day_snowy,truck,mAP50-95,0.43828,422,264,False,2026-09-14T07:18:08.087224+00:00
m1_lowlight,day_snowy,truck,mAP50,0.61833,422,264,False,2026-09-14T07:18:08.087224+00:00
m1_lowlight,day_snowy,truck,mAP75,0.47708,422,264,False,2026-09-14T07:18:08.087224+00:00
m1_lowlight,day_snowy,bus,mAP50-95,0.37305,422,97,False,2026-09-14T07:18:08.087224+00:00
m1_lowlight,day_snowy,bus,mAP50,0.46969,422,97,False,2026-09-14T07:18:08.087224+00:00
m1_lowlight,day_snowy,bus,mAP75,0.40606,422,97,False,2026-09-14T07:18:08.087224+00:00
m1_lowlight,day_snowy,motor,mAP50-95,0.07426,422,7,False,2026-09-14T07:18:08.087224+00:00
m1_lowlight,day_snowy,motor,mAP50,0.14851,422,7,False,2026-09-14T07:18:08.087224+00:00
m1_lowlight,day_snowy,motor,mAP75,0.0,422,7,False,2026-09-14T07:18:08.087224+00:00
m1_lowlight,day_snowy,bike,mAP50-95,0.14921,422,53,False,2026-09-14T07:18:08.087224+00:00
m1_lowlight,day_snowy,bike,mAP50,0.36964,422,53,False,2026-09-14T07:18:08.087224+00:00
m1_lowlight,day_snowy,bike,mAP75,0.09559,422,53,False,2026-09-14T07:18:08.087224+00:00
m1_lowlight,foggy,all,mAP50-95,0.26632,13,144,False,2026-09-14T07:18:08.087224+00:00
m1_lowlight,foggy,all,mAP50,0.65673,13,144,False,2026-09-14T07:18:08.087224+00:00
m1_lowlight,foggy,all,mAP75,0.21878,13,144,False,2026-09-14T07:18:08.087224+00:00
m1_lowlight,foggy,car,mAP50-95,0.45157,13,138,False,2026-09-14T07:18:08.087224+00:00
m1_lowlight,foggy,car,mAP50,0.71827,13,138,False,2026-09-14T07:18:08.087224+00:00
m1_lowlight,foggy,car,mAP75,0.44841,13,138,False,2026-09-14T07:18:08.087224+00:00
m1_lowlight,foggy,truck,mAP50-95,0.1974,13,5,False,2026-09-14T07:18:08.087224+00:00
m1_lowlight,foggy,truck,mAP50,0.25193,13,5,False,2026-09-14T07:18:08.087224+00:00
m1_lowlight,foggy,truck,mAP75,0.20792,13,5,False,2026-09-14T07:18:08.087224+00:00
m1_lowlight,foggy,bus,mAP50-95,,13,0,False,2026-09-14T07:18:08.087224+00:00
m1_lowlight,foggy,bus,mAP50,,13,0,False,2026-09-14T07:18:08.087224+00:00
m1_lowlight,foggy,bus,mAP75,,13,0,False,2026-09-14T07:18:08.087224+00:00
m1_lowlight,foggy,motor,mAP50-95,0.15,13,1,False,2026-09-14T07:18:08.087224+00:00
m1_lowlight,foggy,motor,mAP50,1.0,13,1,False,2026-09-14T07:18:08.087224+00:00
m1_lowlight,foggy,motor,mAP75,0.0,13,1,False,2026-09-14T07:18:08.087224+00:00
m1_lowlight,foggy,bike,mAP50-95,,13,0,False,2026-09-14T07:18:08.087224+00:00
m1_lowlight,foggy,bike,mAP50,,13,0,False,2026-09-14T07:18:08.087224+00:00
m1_lowlight,foggy,bike,mAP75,,13,0,False,2026-09-14T07:18:08.087224+00:00
m1_lowlight,night,all,mAP50-95,0.3349,3863,36751,True,2026-09-14T07:18:08.087224+00:00
m1_lowlight,night,all,mAP50,0.55059,3863,36751,True,2026-09-14T07:18:08.087224+00:00
m1_lowlight,night,all,mAP75,0.33442,3863,36751,True,2026-09-14T07:18:08.087224+00:00
m1_lowlight,night,car,mAP50-95,0.43093,3863,35439,True,2026-09-14T07:18:08.087224+00:00
m1_lowlight,night,car,mAP50,0.76635,3863,35439,True,2026-09-14T07:18:08.087224+00:00
m1_lowlight,night,car,mAP75,0.40776,3863,35439,True,2026-09-14T07:18:08.087224+00:00
m1_lowlight,night,truck,mAP50-95,0.40016,3863,736,False,2026-09-14T07:18:08.087224+00:00
m1_lowlight,night,truck,mAP50,0.5509,3863,736,False,2026-09-14T07:18:08.087224+00:00
m1_lowlight,night,truck,mAP75,0.45441,3863,736,False,2026-09-14T07:18:08.087224+00:00
m1_lowlight,night,bus,mAP50-95,0.41121,3863,297,False,2026-09-14T07:18:08.087224+00:00
m1_lowlight,night,bus,mAP50,0.52867,3863,297,False,2026-09-14T07:18:08.087224+00:00
m1_lowlight,night,bus,mAP75,0.46499,3863,297,False,2026-09-14T07:18:08.087224+00:00
m1_lowlight,night,motor,mAP50-95,0.16915,3863,93,False,2026-09-14T07:18:08.087224+00:00
m1_lowlight,night,motor,mAP50,0.38957,3863,93,False,2026-09-14T07:18:08.087224+00:00
m1_lowlight,night,motor,mAP75,0.1098,3863,93,False,2026-09-14T07:18:08.087224+00:00
m1_lowlight,night,bike,mAP50-95,0.26306,3863,186,False,2026-09-14T07:18:08.087224+00:00
m1_lowlight,night,bike,mAP50,0.51748,3863,186,False,2026-09-14T07:18:08.087224+00:00
m1_lowlight,night,bike,mAP75,0.23516,3863,186,False,2026-09-14T07:18:08.087224+00:00
m1_lowlight,night_adverse,all,mAP50-95,0.34144,566,4986,True,2026-09-14T07:18:08.087224+00:00
m1_lowlight,night_adverse,all,mAP50,0.52318,566,4986,True,2026-09-14T07:18:08.087224+00:00
m1_lowlight,night_adverse,all,mAP75,0.34627,566,4986,True,2026-09-14T07:18:08.087224+00:00
m1_lowlight,night_adverse,car,mAP50-95,0.44546,566,4743,True,2026-09-14T07:18:08.087224+00:00
m1_lowlight,night_adverse,car,mAP50,0.76527,566,4743,True,2026-09-14T07:18:08.087224+00:00
m1_lowlight,night_adverse,car,mAP75,0.43565,566,4743,True,2026-09-14T07:18:08.087224+00:00
m1_lowlight,night_adverse,truck,mAP50-95,0.38548,566,156,False,2026-09-14T07:18:08.087224+00:00
m1_lowlight,night_adverse,truck,mAP50,0.54769,566,156,False,2026-09-14T07:18:08.087224+00:00
m1_lowlight,night_adverse,truck,mAP75,0.41195,566,156,False,2026-09-14T07:18:08.087224+00:00
m1_lowlight,night_adverse,bus,mAP50-95,0.54193,566,41,False,2026-09-14T07:18:08.087224+00:00
m1_lowlight,night_adverse,bus,mAP50,0.68354,566,41,False,2026-09-14T07:18:08.087224+00:00
m1_lowlight,night_adverse,bus,mAP75,0.6317,566,41,False,2026-09-14T07:18:08.087224+00:00
m1_lowlight,night_adverse,motor,mAP50-95,0.12792,566,12,False,2026-09-14T07:18:08.087224+00:00
m1_lowlight,night_adverse,motor,mAP50,0.22178,566,12,False,2026-09-14T07:18:08.087224+00:00
m1_lowlight,night_adverse,motor,mAP75,0.07624,566,12,False,2026-09-14T07:18:08.087224+00:00
m1_lowlight,night_adverse,bike,mAP50-95,0.20639,566,34,False,2026-09-14T07:18:08.087224+00:00
m1_lowlight,night_adverse,bike,mAP50,0.3976,566,34,False,2026-09-14T07:18:08.087224+00:00
m1_lowlight,night_adverse,bike,mAP75,0.1758,566,34,False,2026-09-14T07:18:08.087224+00:00
m1_lowlight,night_clear,all,mAP50-95,0.33375,3274,31550,True,2026-09-14T07:18:08.087224+00:00
m1_lowlight,night_clear,all,mAP50,0.55592,3274,31550,True,2026-09-14T07:18:08.087224+00:00
m1_lowlight,night_clear,all,mAP75,0.33188,3274,31550,True,2026-09-14T07:18:08.087224+00:00
m1_lowlight,night_clear,car,mAP50-95,0.42838,3274,30489,True,2026-09-14T07:18:08.087224+00:00
m1_lowlight,night_clear,car,mAP50,0.76641,3274,30489,True,2026-09-14T07:18:08.087224+00:00
m1_lowlight,night_clear,car,mAP75,0.40222,3274,30489,True,2026-09-14T07:18:08.087224+00:00
m1_lowlight,night_clear,truck,mAP50-95,0.40238,3274,577,False,2026-09-14T07:18:08.087224+00:00
m1_lowlight,night_clear,truck,mAP50,0.55163,3274,577,False,2026-09-14T07:18:08.087224+00:00
m1_lowlight,night_clear,truck,mAP75,0.46256,3274,577,False,2026-09-14T07:18:08.087224+00:00
m1_lowlight,night_clear,bus,mAP50-95,0.38526,3274,251,False,2026-09-14T07:18:08.087224+00:00
m1_lowlight,night_clear,bus,mAP50,0.49947,3274,251,False,2026-09-14T07:18:08.087224+00:00
m1_lowlight,night_clear,bus,mAP75,0.43049,3274,251,False,2026-09-14T07:18:08.087224+00:00
m1_lowlight,night_clear,motor,mAP50-95,0.17644,3274,81,False,2026-09-14T07:18:08.087224+00:00
m1_lowlight,night_clear,motor,mAP50,0.41709,3274,81,False,2026-09-14T07:18:08.087224+00:00
m1_lowlight,night_clear,motor,mAP75,0.11549,3274,81,False,2026-09-14T07:18:08.087224+00:00
m1_lowlight,night_clear,bike,mAP50-95,0.27628,3274,152,False,2026-09-14T07:18:08.087224+00:00
m1_lowlight,night_clear,bike,mAP50,0.54499,3274,152,False,2026-09-14T07:18:08.087224+00:00
m1_lowlight,night_clear,bike,mAP75,0.24863,3274,152,False,2026-09-14T07:18:08.087224+00:00
m1_lowlight,night_rainy,all,mAP50-95,0.38801,286,2535,True,2026-09-14T07:18:08.087224+00:00
m1_lowlight,night_rainy,all,mAP50,0.5697,286,2535,True,2026-09-14T07:18:08.087224+00:00
m1_lowlight,night_rainy,all,mAP75,0.39573,286,2535,True,2026-09-14T07:18:08.087224+00:00
m1_lowlight,night_rainy,car,mAP50-95,0.43668,286,2416,True,2026-09-14T07:18:08.087224+00:00
m1_lowlight,night_rainy,car,mAP50,0.7534,286,2416,True,2026-09-14T07:18:08.087224+00:00
m1_lowlight,night_rainy,car,mAP75,0.43149,286,2416,True,2026-09-14T07:18:08.087224+00:00
m1_lowlight,night_rainy,truck,mAP50-95,0.47561,286,72,False,2026-09-14T07:18:08.087224+00:00
m1_lowlight,night_rainy,truck,mAP50,0.66936,286,72,False,2026-09-14T07:18:08.087224+00:00
m1_lowlight,night_rainy,truck,mAP75,0.51219,286,72,False,2026-09-14T07:18:08.087224+00:00
m1_lowlight,night_rainy,bus,mAP50-95,0.62346,286,22,False,2026-09-14T07:18:08.087224+00:00
m1_lowlight,night_rainy,bus,mAP50,0.77228,286,22,False,2026-09-14T07:18:08.087224+00:00
m1_lowlight,night_rainy,bus,mAP75,0.70414,286,22,False,2026-09-14T07:18:08.087224+00:00
m1_lowlight,night_rainy,motor,mAP50-95,0.08738,286,10,False,2026-09-14T07:18:08.087224+00:00
m1_lowlight,night_rainy,motor,mAP50,0.15842,286,10,False,2026-09-14T07:18:08.087224+00:00
m1_lowlight,night_rainy,motor,mAP75,0.02723,286,10,False,2026-09-14T07:18:08.087224+00:00
m1_lowlight,night_rainy,bike,mAP50-95,0.31692,286,15,False,2026-09-14T07:18:08.087224+00:00
m1_lowlight,night_rainy,bike,mAP50,0.49505,286,15,False,2026-09-14T07:18:08.087224+00:00
m1_lowlight,night_rainy,bike,mAP75,0.30363,286,15,False,2026-09-14T07:18:08.087224+00:00
m1_lowlight,night_snowy,all,mAP50-95,0.33737,273,2374,True,2026-09-14T07:18:08.087224+00:00
m1_lowlight,night_snowy,all,mAP50,0.52552,273,2374,True,2026-09-14T07:18:08.087224+00:00
m1_lowlight,night_snowy,all,mAP75,0.38229,273,2374,True,2026-09-14T07:18:08.087224+00:00
m1_lowlight,night_snowy,car,mAP50-95,0.45698,273,2251,True,2026-09-14T07:18:08.087224+00:00
m1_lowlight,night_snowy,car,mAP50,0.78368,273,2251,True,2026-09-14T07:18:08.087224+00:00
m1_lowlight,night_snowy,car,mAP75,0.44287,273,2251,True,2026-09-14T07:18:08.087224+00:00
m1_lowlight,night_snowy,truck,mAP50-95,0.31116,273,83,False,2026-09-14T07:18:08.087224+00:00
m1_lowlight,night_snowy,truck,mAP50,0.44536,273,83,False,2026-09-14T07:18:08.087224+00:00
m1_lowlight,night_snowy,truck,mAP75,0.3286,273,83,False,2026-09-14T07:18:08.087224+00:00
m1_lowlight,night_snowy,bus,mAP50-95,0.43392,273,19,False,2026-09-14T07:18:08.087224+00:00
m1_lowlight,night_snowy,bus,mAP50,0.55745,273,19,False,2026-09-14T07:18:08.087224+00:00
m1_lowlight,night_snowy,bus,mAP75,0.54175,273,19,False,2026-09-14T07:18:08.087224+00:00
m1_lowlight,night_snowy,motor,mAP50-95,0.35347,273,2,False,2026-09-14T07:18:08.087224+00:00
m1_lowlight,night_snowy,motor,mAP50,0.50495,273,2,False,2026-09-14T07:18:08.087224+00:00
m1_lowlight,night_snowy,motor,mAP75,0.50495,273,2,False,2026-09-14T07:18:08.087224+00:00
m1_lowlight,night_snowy,bike,mAP50-95,0.13132,273,19,False,2026-09-14T07:18:08.087224+00:00
m1_lowlight,night_snowy,bike,mAP50,0.33615,273,19,False,2026-09-14T07:18:08.087224+00:00
m1_lowlight,night_snowy,bike,mAP75,0.09329,273,19,False,2026-09-14T07:18:08.087224+00:00
m1_lowlight,overcast,all,mAP50-95,0.34057,1239,15505,True,2026-09-14T07:18:08.087224+00:00
m1_lowlight,overcast,all,mAP50,0.54465,1239,15505,True,2026-09-14T07:18:08.087224+00:00
m1_lowlight,overcast,all,mAP75,0.34195,1239,15505,True,2026-09-14T07:18:08.087224+00:00
m1_lowlight,overcast,car,mAP50-95,0.50765,1239,14370,True,2026-09-14T07:18:08.087224+00:00
m1_lowlight,overcast,car,mAP50,0.80838,1239,14370,True,2026-09-14T07:18:08.087224+00:00
m1_lowlight,overcast,car,mAP75,0.515,1239,14370,True,2026-09-14T07:18:08.087224+00:00
m1_lowlight,overcast,truck,mAP50-95,0.43346,1239,660,False,2026-09-14T07:18:08.087224+00:00
m1_lowlight,overcast,truck,mAP50,0.6007,1239,660,False,2026-09-14T07:18:08.087224+00:00
m1_lowlight,overcast,truck,mAP75,0.47468,1239,660,False,2026-09-14T07:18:08.087224+00:00
m1_lowlight,overcast,bus,mAP50-95,0.4191,1239,262,False,2026-09-14T07:18:08.087224+00:00
m1_lowlight,overcast,bus,mAP50,0.54973,1239,262,False,2026-09-14T07:18:08.087224+00:00
m1_lowlight,overcast,bus,mAP75,0.45856,1239,262,False,2026-09-14T07:18:08.087224+00:00
m1_lowlight,overcast,motor,mAP50-95,0.1193,1239,72,False,2026-09-14T07:18:08.087224+00:00
m1_lowlight,overcast,motor,mAP50,0.2788,1239,72,False,2026-09-14T07:18:08.087224+00:00
m1_lowlight,overcast,motor,mAP75,0.08207,1239,72,False,2026-09-14T07:18:08.087224+00:00
m1_lowlight,overcast,bike,mAP50-95,0.22331,1239,141,False,2026-09-14T07:18:08.087224+00:00
m1_lowlight,overcast,bike,mAP50,0.48562,1239,141,False,2026-09-14T07:18:08.087224+00:00
m1_lowlight,overcast,bike,mAP75,0.17943,1239,141,False,2026-09-14T07:18:08.087224+00:00
m1_lowlight,partlycloudy,all,mAP50-95,0.35059,738,9256,True,2026-09-14T07:18:08.087224+00:00
m1_lowlight,partlycloudy,all,mAP50,0.54394,738,9256,True,2026-09-14T07:18:08.087224+00:00
m1_lowlight,partlycloudy,all,mAP75,0.35972,738,9256,True,2026-09-14T07:18:08.087224+00:00
m1_lowlight,partlycloudy,car,mAP50-95,0.48905,738,8526,True,2026-09-14T07:18:08.087224+00:00
m1_lowlight,partlycloudy,car,mAP50,0.78522,738,8526,True,2026-09-14T07:18:08.087224+00:00
m1_lowlight,partlycloudy,car,mAP75,0.49369,738,8526,True,2026-09-14T07:18:08.087224+00:00
m1_lowlight,partlycloudy,truck,mAP50-95,0.43569,738,454,False,2026-09-14T07:18:08.087224+00:00
m1_lowlight,partlycloudy,truck,mAP50,0.59108,738,454,False,2026-09-14T07:18:08.087224+00:00
m1_lowlight,partlycloudy,truck,mAP75,0.46101,738,454,False,2026-09-14T07:18:08.087224+00:00
m1_lowlight,partlycloudy,bus,mAP50-95,0.44041,738,142,False,2026-09-14T07:18:08.087224+00:00
m1_lowlight,partlycloudy,bus,mAP50,0.57474,738,142,False,2026-09-14T07:18:08.087224+00:00
m1_lowlight,partlycloudy,bus,mAP75,0.49562,738,142,False,2026-09-14T07:18:08.087224+00:00
m1_lowlight,partlycloudy,motor,mAP50-95,0.20619,738,65,False,2026-09-14T07:18:08.087224+00:00
m1_lowlight,partlycloudy,motor,mAP50,0.41312,738,65,False,2026-09-14T07:18:08.087224+00:00
m1_lowlight,partlycloudy,motor,mAP75,0.19254,738,65,False,2026-09-14T07:18:08.087224+00:00
m1_lowlight,partlycloudy,bike,mAP50-95,0.18159,738,69,False,2026-09-14T07:18:08.087224+00:00
m1_lowlight,partlycloudy,bike,mAP50,0.35553,738,69,False,2026-09-14T07:18:08.087224+00:00
m1_lowlight,partlycloudy,bike,mAP75,0.15572,738,69,False,2026-09-14T07:18:08.087224+00:00
m1_lowlight,rainy,all,mAP50-95,0.36103,737,7541,True,2026-09-14T07:18:08.087224+00:00
m1_lowlight,rainy,all,mAP50,0.55733,737,7541,True,2026-09-14T07:18:08.087224+00:00
m1_lowlight,rainy,all,mAP75,0.37518,737,7541,True,2026-09-14T07:18:08.087224+00:00
m1_lowlight,rainy,car,mAP50-95,0.48587,737,6944,True,2026-09-14T07:18:08.087224+00:00
m1_lowlight,rainy,car,mAP50,0.79057,737,6944,True,2026-09-14T07:18:08.087224+00:00
m1_lowlight,rainy,car,mAP75,0.48732,737,6944,True,2026-09-14T07:18:08.087224+00:00
m1_lowlight,rainy,truck,mAP50-95,0.45683,737,378,False,2026-09-14T07:18:08.087224+00:00
m1_lowlight,rainy,truck,mAP50,0.63506,737,378,False,2026-09-14T07:18:08.087224+00:00
m1_lowlight,rainy,truck,mAP75,0.50271,737,378,False,2026-09-14T07:18:08.087224+00:00
m1_lowlight,rainy,bus,mAP50-95,0.43377,737,132,False,2026-09-14T07:18:08.087224+00:00
m1_lowlight,rainy,bus,mAP50,0.56179,737,132,False,2026-09-14T07:18:08.087224+00:00
m1_lowlight,rainy,bus,mAP75,0.49297,737,132,False,2026-09-14T07:18:08.087224+00:00
m1_lowlight,rainy,motor,mAP50-95,0.17354,737,30,False,2026-09-14T07:18:08.087224+00:00
m1_lowlight,rainy,motor,mAP50,0.28508,737,30,False,2026-09-14T07:18:08.087224+00:00
m1_lowlight,rainy,motor,mAP75,0.18894,737,30,False,2026-09-14T07:18:08.087224+00:00
m1_lowlight,rainy,bike,mAP50-95,0.25513,737,57,False,2026-09-14T07:18:08.087224+00:00
m1_lowlight,rainy,bike,mAP50,0.51413,737,57,False,2026-09-14T07:18:08.087224+00:00
m1_lowlight,rainy,bike,mAP75,0.20397,737,57,False,2026-09-14T07:18:08.087224+00:00
m1_lowlight,snowy,all,mAP50-95,0.31226,769,8080,True,2026-09-14T07:18:08.087224+00:00
m1_lowlight,snowy,all,mAP50,0.49025,769,8080,True,2026-09-14T07:18:08.087224+00:00
m1_lowlight,snowy,all,mAP75,0.31605,769,8080,True,2026-09-14T07:18:08.087224+00:00
m1_lowlight,snowy,car,mAP50-95,0.48615,769,7486,True,2026-09-14T07:18:08.087224+00:00
m1_lowlight,snowy,car,mAP50,0.79081,769,7486,True,2026-09-14T07:18:08.087224+00:00
m1_lowlight,snowy,car,mAP75,0.48917,769,7486,True,2026-09-14T07:18:08.087224+00:00
m1_lowlight,snowy,truck,mAP50-95,0.41122,769,371,False,2026-09-14T07:18:08.087224+00:00
m1_lowlight,snowy,truck,mAP50,0.57723,769,371,False,2026-09-14T07:18:08.087224+00:00
m1_lowlight,snowy,truck,mAP75,0.45148,769,371,False,2026-09-14T07:18:08.087224+00:00
m1_lowlight,snowy,bus,mAP50-95,0.37808,769,133,False,2026-09-14T07:18:08.087224+00:00
m1_lowlight,snowy,bus,mAP50,0.48621,769,133,False,2026-09-14T07:18:08.087224+00:00
m1_lowlight,snowy,bus,mAP75,0.42541,769,133,False,2026-09-14T07:18:08.087224+00:00
m1_lowlight,snowy,motor,mAP50-95,0.13762,769,9,False,2026-09-14T07:18:08.087224+00:00
m1_lowlight,snowy,motor,mAP50,0.22772,769,9,False,2026-09-14T07:18:08.087224+00:00
m1_lowlight,snowy,motor,mAP75,0.11881,769,9,False,2026-09-14T07:18:08.087224+00:00
m1_lowlight,snowy,bike,mAP50-95,0.14824,769,81,False,2026-09-14T07:18:08.087224+00:00
m1_lowlight,snowy,bike,mAP50,0.36927,769,81,False,2026-09-14T07:18:08.087224+00:00
m1_lowlight,snowy,bike,mAP75,0.0954,769,81,False,2026-09-14T07:18:08.087224+00:00
m2_irfs,overall,all,mAP50-95,0.34645,8841,97193,True,2026-09-14T07:18:08.087224+00:00
m2_irfs,overall,all,mAP50,0.55391,8841,97193,True,2026-09-14T07:18:08.087224+00:00
m2_irfs,overall,all,mAP75,0.35299,8841,97193,True,2026-09-14T07:18:08.087224+00:00
m2_irfs,overall,car,mAP50-95,0.47136,8841,91118,True,2026-09-14T07:18:08.087224+00:00
m2_irfs,overall,car,mAP50,0.7849,8841,91118,True,2026-09-14T07:18:08.087224+00:00
m2_irfs,overall,car,mAP75,0.46482,8841,91118,True,2026-09-14T07:18:08.087224+00:00
m2_irfs,overall,truck,mAP50-95,0.41825,8841,3608,True,2026-09-14T07:18:08.087224+00:00
m2_irfs,overall,truck,mAP50,0.57592,8841,3608,True,2026-09-14T07:18:08.087224+00:00
m2_irfs,overall,truck,mAP75,0.45821,8841,3608,True,2026-09-14T07:18:08.087224+00:00
m2_irfs,overall,bus,mAP50-95,0.40643,8841,1351,True,2026-09-14T07:18:08.087224+00:00
m2_irfs,overall,bus,mAP50,0.5318,8841,1351,True,2026-09-14T07:18:08.087224+00:00
m2_irfs,overall,bus,mAP75,0.45422,8841,1351,True,2026-09-14T07:18:08.087224+00:00
m2_irfs,overall,motor,mAP50-95,0.19893,8841,377,False,2026-09-14T07:18:08.087224+00:00
m2_irfs,overall,motor,mAP50,0.39787,8841,377,False,2026-09-14T07:18:08.087224+00:00
m2_irfs,overall,motor,mAP75,0.17721,8841,377,False,2026-09-14T07:18:08.087224+00:00
m2_irfs,overall,bike,mAP50-95,0.23727,8841,739,False,2026-09-14T07:18:08.087224+00:00
m2_irfs,overall,bike,mAP50,0.47905,8841,739,False,2026-09-14T07:18:08.087224+00:00
m2_irfs,overall,bike,mAP75,0.21046,8841,739,False,2026-09-14T07:18:08.087224+00:00
m2_irfs,adverse,all,mAP50-95,0.33522,1519,15765,True,2026-09-14T07:18:08.087224+00:00
m2_irfs,adverse,all,mAP50,0.53608,1519,15765,True,2026-09-14T07:18:08.087224+00:00
m2_irfs,adverse,all,mAP75,0.35065,1519,15765,True,2026-09-14T07:18:08.087224+00:00
m2_irfs,adverse,car,mAP50-95,0.48303,1519,14568,True,2026-09-14T07:18:08.087224+00:00
m2_irfs,adverse,car,mAP50,0.78963,1519,14568,True,2026-09-14T07:18:08.087224+00:00
m2_irfs,adverse,car,mAP75,0.48451,1519,14568,True,2026-09-14T07:18:08.087224+00:00
m2_irfs,adverse,truck,mAP50-95,0.42575,1519,754,False,2026-09-14T07:18:08.087224+00:00
m2_irfs,adverse,truck,mAP50,0.59478,1519,754,False,2026-09-14T07:18:08.087224+00:00
m2_irfs,adverse,truck,mAP75,0.47473,1519,754,False,2026-09-14T07:18:08.087224+00:00
m2_irfs,adverse,bus,mAP50-95,0.38535,1519,265,False,2026-09-14T07:18:08.087224+00:00
m2_irfs,adverse,bus,mAP50,0.50027,1519,265,False,2026-09-14T07:18:08.087224+00:00
m2_irfs,adverse,bus,mAP75,0.41805,1519,265,False,2026-09-14T07:18:08.087224+00:00
m2_irfs,adverse,motor,mAP50-95,0.18253,1519,40,False,2026-09-14T07:18:08.087224+00:00
m2_irfs,adverse,motor,mAP50,0.33051,1519,40,False,2026-09-14T07:18:08.087224+00:00
m2_irfs,adverse,motor,mAP75,0.21042,1519,40,False,2026-09-14T07:18:08.087224+00:00
m2_irfs,adverse,bike,mAP50-95,0.19945,1519,138,False,2026-09-14T07:18:08.087224+00:00
m2_irfs,adverse,bike,mAP50,0.46521,1519,138,False,2026-09-14T07:18:08.087224+00:00
m2_irfs,adverse,bike,mAP75,0.16554,1519,138,False,2026-09-14T07:18:08.087224+00:00
m2_irfs,benign,all,mAP50-95,0.34898,7322,81428,True,2026-09-14T07:18:08.087224+00:00
m2_irfs,benign,all,mAP50,0.55697,7322,81428,True,2026-09-14T07:18:08.087224+00:00
m2_irfs,benign,all,mAP75,0.35453,7322,81428,True,2026-09-14T07:18:08.087224+00:00
m2_irfs,benign,car,mAP50-95,0.46887,7322,76550,True,2026-09-14T07:18:08.087224+00:00
m2_irfs,benign,car,mAP50,0.78426,7322,76550,True,2026-09-14T07:18:08.087224+00:00
m2_irfs,benign,car,mAP75,0.4613,7322,76550,True,2026-09-14T07:18:08.087224+00:00
m2_irfs,benign,truck,mAP50-95,0.41677,7322,2854,True,2026-09-14T07:18:08.087224+00:00
m2_irfs,benign,truck,mAP50,0.57144,7322,2854,True,2026-09-14T07:18:08.087224+00:00
m2_irfs,benign,truck,mAP75,0.45535,7322,2854,True,2026-09-14T07:18:08.087224+00:00
m2_irfs,benign,bus,mAP50-95,0.41176,7322,1086,True,2026-09-14T07:18:08.087224+00:00
m2_irfs,benign,bus,mAP50,0.53983,7322,1086,True,2026-09-14T07:18:08.087224+00:00
m2_irfs,benign,bus,mAP75,0.46186,7322,1086,True,2026-09-14T07:18:08.087224+00:00
m2_irfs,benign,motor,mAP50-95,0.2018,7322,337,False,2026-09-14T07:18:08.087224+00:00
m2_irfs,benign,motor,mAP50,0.40668,7322,337,False,2026-09-14T07:18:08.087224+00:00
m2_irfs,benign,motor,mAP75,0.17352,7322,337,False,2026-09-14T07:18:08.087224+00:00
m2_irfs,benign,bike,mAP50-95,0.24569,7322,601,False,2026-09-14T07:18:08.087224+00:00
m2_irfs,benign,bike,mAP50,0.48264,7322,601,False,2026-09-14T07:18:08.087224+00:00
m2_irfs,benign,bike,mAP75,0.22061,7322,601,False,2026-09-14T07:18:08.087224+00:00
m2_irfs,clear,all,mAP50-95,0.34617,5345,56667,True,2026-09-14T07:18:08.087224+00:00
m2_irfs,clear,all,mAP50,0.55325,5345,56667,True,2026-09-14T07:18:08.087224+00:00
m2_irfs,clear,all,mAP75,0.35183,5345,56667,True,2026-09-14T07:18:08.087224+00:00
m2_irfs,clear,car,mAP50-95,0.45571,5345,53654,True,2026-09-14T07:18:08.087224+00:00
m2_irfs,clear,car,mAP50,0.77689,5345,53654,True,2026-09-14T07:18:08.087224+00:00
m2_irfs,clear,car,mAP75,0.44256,5345,53654,True,2026-09-14T07:18:08.087224+00:00
m2_irfs,clear,truck,mAP50-95,0.40683,5345,1740,True,2026-09-14T07:18:08.087224+00:00
m2_irfs,clear,truck,mAP50,0.55624,5345,1740,True,2026-09-14T07:18:08.087224+00:00
m2_irfs,clear,truck,mAP75,0.45076,5345,1740,True,2026-09-14T07:18:08.087224+00:00
m2_irfs,clear,bus,mAP50-95,0.40841,5345,682,False,2026-09-14T07:18:08.087224+00:00
m2_irfs,clear,bus,mAP50,0.53008,5345,682,False,2026-09-14T07:18:08.087224+00:00
m2_irfs,clear,bus,mAP75,0.46797,5345,682,False,2026-09-14T07:18:08.087224+00:00
m2_irfs,clear,motor,mAP50-95,0.21099,5345,200,False,2026-09-14T07:18:08.087224+00:00
m2_irfs,clear,motor,mAP50,0.439,5345,200,False,2026-09-14T07:18:08.087224+00:00
m2_irfs,clear,motor,mAP75,0.16543,5345,200,False,2026-09-14T07:18:08.087224+00:00
m2_irfs,clear,bike,mAP50-95,0.24892,5345,391,False,2026-09-14T07:18:08.087224+00:00
m2_irfs,clear,bike,mAP50,0.46405,5345,391,False,2026-09-14T07:18:08.087224+00:00
m2_irfs,clear,bike,mAP75,0.23242,5345,391,False,2026-09-14T07:18:08.087224+00:00
m2_irfs,dawndusk,all,mAP50-95,0.37112,714,8512,True,2026-09-14T07:18:08.087224+00:00
m2_irfs,dawndusk,all,mAP50,0.57949,714,8512,True,2026-09-14T07:18:08.087224+00:00
m2_irfs,dawndusk,all,mAP75,0.3857,714,8512,True,2026-09-14T07:18:08.087224+00:00
m2_irfs,dawndusk,car,mAP50-95,0.48983,714,7964,True,2026-09-14T07:18:08.087224+00:00
m2_irfs,dawndusk,car,mAP50,0.79072,714,7964,True,2026-09-14T07:18:08.087224+00:00
m2_irfs,dawndusk,car,mAP75,0.4962,714,7964,True,2026-09-14T07:18:08.087224+00:00
m2_irfs,dawndusk,truck,mAP50-95,0.44451,714,340,False,2026-09-14T07:18:08.087224+00:00
m2_irfs,dawndusk,truck,mAP50,0.61219,714,340,False,2026-09-14T07:18:08.087224+00:00
m2_irfs,dawndusk,truck,mAP75,0.49767,714,340,False,2026-09-14T07:18:08.087224+00:00
m2_irfs,dawndusk,bus,mAP50-95,0.49726,714,127,False,2026-09-14T07:18:08.087224+00:00
m2_irfs,dawndusk,bus,mAP50,0.63885,714,127,False,2026-09-14T07:18:08.087224+00:00
m2_irfs,dawndusk,bus,mAP75,0.55817,714,127,False,2026-09-14T07:18:08.087224+00:00
m2_irfs,dawndusk,motor,mAP50-95,0.151,714,22,False,2026-09-14T07:18:08.087224+00:00
m2_irfs,dawndusk,motor,mAP50,0.30733,714,22,False,2026-09-14T07:18:08.087224+00:00
m2_irfs,dawndusk,motor,mAP75,0.16969,714,22,False,2026-09-14T07:18:08.087224+00:00
m2_irfs,dawndusk,bike,mAP50-95,0.27299,714,59,False,2026-09-14T07:18:08.087224+00:00
m2_irfs,dawndusk,bike,mAP50,0.54835,714,59,False,2026-09-14T07:18:08.087224+00:00
m2_irfs,dawndusk,bike,mAP75,0.20677,714,59,False,2026-09-14T07:18:08.087224+00:00
m2_irfs,day,all,mAP50-95,0.34788,4264,51930,True,2026-09-14T07:18:08.087224+00:00
m2_irfs,day,all,mAP50,0.55029,4264,51930,True,2026-09-14T07:18:08.087224+00:00
m2_irfs,day,all,mAP75,0.35452,4264,51930,True,2026-09-14T07:18:08.087224+00:00
m2_irfs,day,car,mAP50-95,0.49823,4264,47715,True,2026-09-14T07:18:08.087224+00:00
m2_irfs,day,car,mAP50,0.79856,4264,47715,True,2026-09-14T07:18:08.087224+00:00
m2_irfs,day,car,mAP75,0.50238,4264,47715,True,2026-09-14T07:18:08.087224+00:00
m2_irfs,day,truck,mAP50-95,0.42117,4264,2532,True,2026-09-14T07:18:08.087224+00:00
m2_irfs,day,truck,mAP50,0.57845,4264,2532,True,2026-09-14T07:18:08.087224+00:00
m2_irfs,day,truck,mAP75,0.4594,4264,2532,True,2026-09-14T07:18:08.087224+00:00
m2_irfs,day,bus,mAP50-95,0.39422,4264,927,True,2026-09-14T07:18:08.087224+00:00
m2_irfs,day,bus,mAP50,0.51951,4264,927,True,2026-09-14T07:18:08.087224+00:00
m2_irfs,day,bus,mAP75,0.43615,4264,927,True,2026-09-14T07:18:08.087224+00:00
m2_irfs,day,motor,mAP50-95,0.20631,4264,262,False,2026-09-14T07:18:08.087224+00:00
m2_irfs,day,motor,mAP50,0.40016,4264,262,False,2026-09-14T07:18:08.087224+00:00
m2_irfs,day,motor,mAP75,0.18453,4264,262,False,2026-09-14T07:18:08.087224+00:00
m2_irfs,day,bike,mAP50-95,0.21947,4264,494,False,2026-09-14T07:18:08.087224+00:00
m2_irfs,day,bike,mAP50,0.45478,4264,494,False,2026-09-14T07:18:08.087224+00:00
m2_irfs,day,bike,mAP75,0.19015,4264,494,False,2026-09-14T07:18:08.087224+00:00
m2_irfs,day_adverse,all,mAP50-95,0.34562,823,9252,True,2026-09-14T07:18:08.087224+00:00
m2_irfs,day_adverse,all,mAP50,0.5552,823,9252,True,2026-09-14T07:18:08.087224+00:00
m2_irfs,day_adverse,all,mAP75,0.35261,823,9252,True,2026-09-14T07:18:08.087224+00:00
m2_irfs,day_adverse,car,mAP50-95,0.50564,823,8401,True,2026-09-14T07:18:08.087224+00:00
m2_irfs,day_adverse,car,mAP50,0.80845,823,8401,True,2026-09-14T07:18:08.087224+00:00
m2_irfs,day_adverse,car,mAP75,0.51196,823,8401,True,2026-09-14T07:18:08.087224+00:00
m2_irfs,day_adverse,truck,mAP50-95,0.43584,823,540,False,2026-09-14T07:18:08.087224+00:00
m2_irfs,day_adverse,truck,mAP50,0.61015,823,540,False,2026-09-14T07:18:08.087224+00:00
m2_irfs,day_adverse,truck,mAP75,0.48481,823,540,False,2026-09-14T07:18:08.087224+00:00
m2_irfs,day_adverse,bus,mAP50-95,0.35413,823,194,False,2026-09-14T07:18:08.087224+00:00
m2_irfs,day_adverse,bus,mAP50,0.46766,823,194,False,2026-09-14T07:18:08.087224+00:00
m2_irfs,day_adverse,bus,mAP75,0.37295,823,194,False,2026-09-14T07:18:08.087224+00:00
m2_irfs,day_adverse,motor,mAP50-95,0.23028,823,23,False,2026-09-14T07:18:08.087224+00:00
m2_irfs,day_adverse,motor,mAP50,0.41795,823,23,False,2026-09-14T07:18:08.087224+00:00
m2_irfs,day_adverse,motor,mAP75,0.25104,823,23,False,2026-09-14T07:18:08.087224+00:00
m2_irfs,day_adverse,bike,mAP50-95,0.20219,823,94,False,2026-09-14T07:18:08.087224+00:00
m2_irfs,day_adverse,bike,mAP50,0.47176,823,94,False,2026-09-14T07:18:08.087224+00:00
m2_irfs,day_adverse,bike,mAP75,0.14229,823,94,False,2026-09-14T07:18:08.087224+00:00
m2_irfs,day_clear,all,mAP50-95,0.34979,1764,21352,True,2026-09-14T07:18:08.087224+00:00
m2_irfs,day_clear,all,mAP50,0.54206,1764,21352,True,2026-09-14T07:18:08.087224+00:00
m2_irfs,day_clear,all,mAP75,0.35939,1764,21352,True,2026-09-14T07:18:08.087224+00:00
m2_irfs,day_clear,car,mAP50-95,0.4936,1764,19633,True,2026-09-14T07:18:08.087224+00:00
m2_irfs,day_clear,car,mAP50,0.79127,1764,19633,True,2026-09-14T07:18:08.087224+00:00
m2_irfs,day_clear,car,mAP75,0.49666,1764,19633,True,2026-09-14T07:18:08.087224+00:00
m2_irfs,day_clear,truck,mAP50-95,0.41413,1764,1021,True,2026-09-14T07:18:08.087224+00:00
m2_irfs,day_clear,truck,mAP50,0.55918,1764,1021,True,2026-09-14T07:18:08.087224+00:00
m2_irfs,day_clear,truck,mAP75,0.45591,1764,1021,True,2026-09-14T07:18:08.087224+00:00
m2_irfs,day_clear,bus,mAP50-95,0.40834,1764,380,False,2026-09-14T07:18:08.087224+00:00
m2_irfs,day_clear,bus,mAP50,0.52778,1764,380,False,2026-09-14T07:18:08.087224+00:00
m2_irfs,day_clear,bus,mAP75,0.46813,1764,380,False,2026-09-14T07:18:08.087224+00:00
m2_irfs,day_clear,motor,mAP50-95,0.22512,1764,111,False,2026-09-14T07:18:08.087224+00:00
m2_irfs,day_clear,motor,mAP50,0.44623,1764,111,False,2026-09-14T07:18:08.087224+00:00
m2_irfs,day_clear,motor,mAP75,0.17258,1764,111,False,2026-09-14T07:18:08.087224+00:00
m2_irfs,day_clear,bike,mAP50-95,0.20775,1764,207,False,2026-09-14T07:18:08.087224+00:00
m2_irfs,day_clear,bike,mAP50,0.38585,1764,207,False,2026-09-14T07:18:08.087224+00:00
m2_irfs,day_clear,bike,mAP75,0.20366,1764,207,False,2026-09-14T07:18:08.087224+00:00
m2_irfs,day_rainy,all,mAP50-95,0.3738,396,4356,True,2026-09-14T07:18:08.087224+00:00
m2_irfs,day_rainy,all,mAP50,0.60232,396,4356,True,2026-09-14T07:18:08.087224+00:00
m2_irfs,day_rainy,all,mAP75,0.38639,396,4356,True,2026-09-14T07:18:08.087224+00:00
m2_irfs,day_rainy,car,mAP50-95,0.51353,396,3930,True,2026-09-14T07:18:08.087224+00:00
m2_irfs,day_rainy,car,mAP50,0.81938,396,3930,True,2026-09-14T07:18:08.087224+00:00
m2_irfs,day_rainy,car,mAP75,0.51821,396,3930,True,2026-09-14T07:18:08.087224+00:00
m2_irfs,day_rainy,truck,mAP50-95,0.4429,396,272,False,2026-09-14T07:18:08.087224+00:00
m2_irfs,day_rainy,truck,mAP50,0.62349,396,272,False,2026-09-14T07:18:08.087224+00:00
m2_irfs,day_rainy,truck,mAP75,0.49931,396,272,False,2026-09-14T07:18:08.087224+00:00
m2_irfs,day_rainy,bus,mAP50-95,0.37762,396,97,False,2026-09-14T07:18:08.087224+00:00
m2_irfs,day_rainy,bus,mAP50,0.50151,396,97,False,2026-09-14T07:18:08.087224+00:00
m2_irfs,day_rainy,bus,mAP75,0.39907,396,97,False,2026-09-14T07:18:08.087224+00:00
m2_irfs,day_rainy,motor,mAP50-95,0.30933,396,16,False,2026-09-14T07:18:08.087224+00:00
m2_irfs,day_rainy,motor,mAP50,0.53461,396,16,False,2026-09-14T07:18:08.087224+00:00
m2_irfs,day_rainy,motor,mAP75,0.39887,396,16,False,2026-09-14T07:18:08.087224+00:00
m2_irfs,day_rainy,bike,mAP50-95,0.22563,396,41,False,2026-09-14T07:18:08.087224+00:00
m2_irfs,day_rainy,bike,mAP50,0.5326,396,41,False,2026-09-14T07:18:08.087224+00:00
m2_irfs,day_rainy,bike,mAP75,0.11651,396,41,False,2026-09-14T07:18:08.087224+00:00
m2_irfs,day_snowy,all,mAP50-95,0.30605,422,4842,True,2026-09-14T07:18:08.087224+00:00
m2_irfs,day_snowy,all,mAP50,0.48578,422,4842,True,2026-09-14T07:18:08.087224+00:00
m2_irfs,day_snowy,all,mAP75,0.30024,422,4842,True,2026-09-14T07:18:08.087224+00:00
m2_irfs,day_snowy,car,mAP50-95,0.49877,422,4421,True,2026-09-14T07:18:08.087224+00:00
m2_irfs,day_snowy,car,mAP50,0.79842,422,4421,True,2026-09-14T07:18:08.087224+00:00
m2_irfs,day_snowy,car,mAP75,0.50682,422,4421,True,2026-09-14T07:18:08.087224+00:00
m2_irfs,day_snowy,truck,mAP50-95,0.43214,422,264,False,2026-09-14T07:18:08.087224+00:00
m2_irfs,day_snowy,truck,mAP50,0.6018,422,264,False,2026-09-14T07:18:08.087224+00:00
m2_irfs,day_snowy,truck,mAP75,0.47448,422,264,False,2026-09-14T07:18:08.087224+00:00
m2_irfs,day_snowy,bus,mAP50-95,0.33421,422,97,False,2026-09-14T07:18:08.087224+00:00
m2_irfs,day_snowy,bus,mAP50,0.43397,422,97,False,2026-09-14T07:18:08.087224+00:00
m2_irfs,day_snowy,bus,mAP75,0.3525,422,97,False,2026-09-14T07:18:08.087224+00:00
m2_irfs,day_snowy,motor,mAP50-95,0.08065,422,7,False,2026-09-14T07:18:08.087224+00:00
m2_irfs,day_snowy,motor,mAP50,0.16984,422,7,False,2026-09-14T07:18:08.087224+00:00
m2_irfs,day_snowy,motor,mAP75,0.0,422,7,False,2026-09-14T07:18:08.087224+00:00
m2_irfs,day_snowy,bike,mAP50-95,0.18447,422,53,False,2026-09-14T07:18:08.087224+00:00
m2_irfs,day_snowy,bike,mAP50,0.42487,422,53,False,2026-09-14T07:18:08.087224+00:00
m2_irfs,day_snowy,bike,mAP75,0.16742,422,53,False,2026-09-14T07:18:08.087224+00:00
m2_irfs,foggy,all,mAP50-95,0.28589,13,144,False,2026-09-14T07:18:08.087224+00:00
m2_irfs,foggy,all,mAP50,0.66103,13,144,False,2026-09-14T07:18:08.087224+00:00
m2_irfs,foggy,all,mAP75,0.22782,13,144,False,2026-09-14T07:18:08.087224+00:00
m2_irfs,foggy,car,mAP50-95,0.46913,13,138,False,2026-09-14T07:18:08.087224+00:00
m2_irfs,foggy,car,mAP50,0.76101,13,138,False,2026-09-14T07:18:08.087224+00:00
m2_irfs,foggy,car,mAP75,0.47554,13,138,False,2026-09-14T07:18:08.087224+00:00
m2_irfs,foggy,truck,mAP50-95,0.18854,13,5,False,2026-09-14T07:18:08.087224+00:00
m2_irfs,foggy,truck,mAP50,0.22207,13,5,False,2026-09-14T07:18:08.087224+00:00
m2_irfs,foggy,truck,mAP75,0.20792,13,5,False,2026-09-14T07:18:08.087224+00:00
m2_irfs,foggy,bus,mAP50-95,,13,0,False,2026-09-14T07:18:08.087224+00:00
m2_irfs,foggy,bus,mAP50,,13,0,False,2026-09-14T07:18:08.087224+00:00
m2_irfs,foggy,bus,mAP75,,13,0,False,2026-09-14T07:18:08.087224+00:00
m2_irfs,foggy,motor,mAP50-95,0.2,13,1,False,2026-09-14T07:18:08.087224+00:00
m2_irfs,foggy,motor,mAP50,1.0,13,1,False,2026-09-14T07:18:08.087224+00:00
m2_irfs,foggy,motor,mAP75,0.0,13,1,False,2026-09-14T07:18:08.087224+00:00
m2_irfs,foggy,bike,mAP50-95,,13,0,False,2026-09-14T07:18:08.087224+00:00
m2_irfs,foggy,bike,mAP50,,13,0,False,2026-09-14T07:18:08.087224+00:00
m2_irfs,foggy,bike,mAP75,,13,0,False,2026-09-14T07:18:08.087224+00:00
m2_irfs,night,all,mAP50-95,0.34202,3863,36751,True,2026-09-14T07:18:08.087224+00:00
m2_irfs,night,all,mAP50,0.55864,3863,36751,True,2026-09-14T07:18:08.087224+00:00
m2_irfs,night,all,mAP75,0.3501,3863,36751,True,2026-09-14T07:18:08.087224+00:00
m2_irfs,night,car,mAP50-95,0.4288,3863,35439,True,2026-09-14T07:18:08.087224+00:00
m2_irfs,night,car,mAP50,0.76413,3863,35439,True,2026-09-14T07:18:08.087224+00:00
m2_irfs,night,car,mAP75,0.40596,3863,35439,True,2026-09-14T07:18:08.087224+00:00
m2_irfs,night,truck,mAP50-95,0.39744,3863,736,False,2026-09-14T07:18:08.087224+00:00
m2_irfs,night,truck,mAP50,0.55145,3863,736,False,2026-09-14T07:18:08.087224+00:00
m2_irfs,night,truck,mAP75,0.44053,3863,736,False,2026-09-14T07:18:08.087224+00:00
m2_irfs,night,bus,mAP50-95,0.40681,3863,297,False,2026-09-14T07:18:08.087224+00:00
m2_irfs,night,bus,mAP50,0.52571,3863,297,False,2026-09-14T07:18:08.087224+00:00
m2_irfs,night,bus,mAP75,0.4642,3863,297,False,2026-09-14T07:18:08.087224+00:00
m2_irfs,night,motor,mAP50-95,0.20461,3863,93,False,2026-09-14T07:18:08.087224+00:00
m2_irfs,night,motor,mAP50,0.43034,3863,93,False,2026-09-14T07:18:08.087224+00:00
m2_irfs,night,motor,mAP75,0.17079,3863,93,False,2026-09-14T07:18:08.087224+00:00
m2_irfs,night,bike,mAP50-95,0.27246,3863,186,False,2026-09-14T07:18:08.087224+00:00
m2_irfs,night,bike,mAP50,0.52155,3863,186,False,2026-09-14T07:18:08.087224+00:00
m2_irfs,night,bike,mAP75,0.26902,3863,186,False,2026-09-14T07:18:08.087224+00:00
m2_irfs,night_adverse,all,mAP50-95,0.35036,566,4986,True,2026-09-14T07:18:08.087224+00:00
m2_irfs,night_adverse,all,mAP50,0.54019,566,4986,True,2026-09-14T07:18:08.087224+00:00
m2_irfs,night_adverse,all,mAP75,0.38421,566,4986,True,2026-09-14T07:18:08.087224+00:00
m2_irfs,night_adverse,car,mAP50-95,0.44121,566,4743,True,2026-09-14T07:18:08.087224+00:00
m2_irfs,night_adverse,car,mAP50,0.75865,566,4743,True,2026-09-14T07:18:08.087224+00:00
m2_irfs,night_adverse,car,mAP75,0.43192,566,4743,True,2026-09-14T07:18:08.087224+00:00
m2_irfs,night_adverse,truck,mAP50-95,0.3734,566,156,False,2026-09-14T07:18:08.087224+00:00
m2_irfs,night_adverse,truck,mAP50,0.52365,566,156,False,2026-09-14T07:18:08.087224+00:00
m2_irfs,night_adverse,truck,mAP75,0.40775,566,156,False,2026-09-14T07:18:08.087224+00:00
m2_irfs,night_adverse,bus,mAP50-95,0.52374,566,41,False,2026-09-14T07:18:08.087224+00:00
m2_irfs,night_adverse,bus,mAP50,0.6585,566,41,False,2026-09-14T07:18:08.087224+00:00
m2_irfs,night_adverse,bus,mAP75,0.59564,566,41,False,2026-09-14T07:18:08.087224+00:00
m2_irfs,night_adverse,motor,mAP50-95,0.19311,566,12,False,2026-09-14T07:18:08.087224+00:00
m2_irfs,night_adverse,motor,mAP50,0.29656,566,12,False,2026-09-14T07:18:08.087224+00:00
m2_irfs,night_adverse,motor,mAP75,0.25271,566,12,False,2026-09-14T07:18:08.087224+00:00
m2_irfs,night_adverse,bike,mAP50-95,0.22033,566,34,False,2026-09-14T07:18:08.087224+00:00
m2_irfs,night_adverse,bike,mAP50,0.46358,566,34,False,2026-09-14T07:18:08.087224+00:00
m2_irfs,night_adverse,bike,mAP75,0.23306,566,34,False,2026-09-14T07:18:08.087224+00:00
m2_irfs,night_clear,all,mAP50-95,0.34143,3274,31550,True,2026-09-14T07:18:08.087224+00:00
m2_irfs,night_clear,all,mAP50,0.56344,3274,31550,True,2026-09-14T07:18:08.087224+00:00
m2_irfs,night_clear,all,mAP75,0.34538,3274,31550,True,2026-09-14T07:18:08.087224+00:00
m2_irfs,night_clear,car,mAP50-95,0.42663,3274,30489,True,2026-09-14T07:18:08.087224+00:00
m2_irfs,night_clear,car,mAP50,0.76492,3274,30489,True,2026-09-14T07:18:08.087224+00:00
m2_irfs,night_clear,car,mAP75,0.40094,3274,30489,True,2026-09-14T07:18:08.087224+00:00
m2_irfs,night_clear,truck,mAP50-95,0.40171,3274,577,False,2026-09-14T07:18:08.087224+00:00
m2_irfs,night_clear,truck,mAP50,0.55683,3274,577,False,2026-09-14T07:18:08.087224+00:00
m2_irfs,night_clear,truck,mAP75,0.44549,3274,577,False,2026-09-14T07:18:08.087224+00:00
m2_irfs,night_clear,bus,mAP50-95,0.38221,3274,251,False,2026-09-14T07:18:08.087224+00:00
m2_irfs,night_clear,bus,mAP50,0.50019,3274,251,False,2026-09-14T07:18:08.087224+00:00
m2_irfs,night_clear,bus,mAP75,0.43704,3274,251,False,2026-09-14T07:18:08.087224+00:00
m2_irfs,night_clear,motor,mAP50-95,0.20947,3274,81,False,2026-09-14T07:18:08.087224+00:00
m2_irfs,night_clear,motor,mAP50,0.45759,3274,81,False,2026-09-14T07:18:08.087224+00:00
m2_irfs,night_clear,motor,mAP75,0.16296,3274,81,False,2026-09-14T07:18:08.087224+00:00
m2_irfs,night_clear,bike,mAP50-95,0.28715,3274,152,False,2026-09-14T07:18:08.087224+00:00
m2_irfs,night_clear,bike,mAP50,0.53766,3274,152,False,2026-09-14T07:18:08.087224+00:00
m2_irfs,night_clear,bike,mAP75,0.28049,3274,152,False,2026-09-14T07:18:08.087224+00:00
m2_irfs,night_rainy,all,mAP50-95,0.40542,286,2535,True,2026-09-14T07:18:08.087224+00:00
m2_irfs,night_rainy,all,mAP50,0.59883,286,2535,True,2026-09-14T07:18:08.087224+00:00
m2_irfs,night_rainy,all,mAP75,0.44895,286,2535,True,2026-09-14T07:18:08.087224+00:00
m2_irfs,night_rainy,car,mAP50-95,0.43225,286,2416,True,2026-09-14T07:18:08.087224+00:00
m2_irfs,night_rainy,car,mAP50,0.74143,286,2416,True,2026-09-14T07:18:08.087224+00:00
m2_irfs,night_rainy,car,mAP75,0.42793,286,2416,True,2026-09-14T07:18:08.087224+00:00
m2_irfs,night_rainy,truck,mAP50-95,0.45311,286,72,False,2026-09-14T07:18:08.087224+00:00
m2_irfs,night_rainy,truck,mAP50,0.64373,286,72,False,2026-09-14T07:18:08.087224+00:00
m2_irfs,night_rainy,truck,mAP75,0.49947,286,72,False,2026-09-14T07:18:08.087224+00:00
m2_irfs,night_rainy,bus,mAP50-95,0.60851,286,22,False,2026-09-14T07:18:08.087224+00:00
m2_irfs,night_rainy,bus,mAP50,0.77228,286,22,False,2026-09-14T07:18:08.087224+00:00
m2_irfs,night_rainy,bus,mAP75,0.66337,286,22,False,2026-09-14T07:18:08.087224+00:00
m2_irfs,night_rainy,motor,mAP50-95,0.16965,286,10,False,2026-09-14T07:18:08.087224+00:00
m2_irfs,night_rainy,motor,mAP50,0.28317,286,10,False,2026-09-14T07:18:08.087224+00:00
m2_irfs,night_rainy,motor,mAP75,0.22376,286,10,False,2026-09-14T07:18:08.087224+00:00
m2_irfs,night_rainy,bike,mAP50-95,0.36355,286,15,False,2026-09-14T07:18:08.087224+00:00
m2_irfs,night_rainy,bike,mAP50,0.55352,286,15,False,2026-09-14T07:18:08.087224+00:00
m2_irfs,night_rainy,bike,mAP75,0.4302,286,15,False,2026-09-14T07:18:08.087224+00:00
m2_irfs,night_snowy,all,mAP50-95,0.33917,273,2374,True,2026-09-14T07:18:08.087224+00:00
m2_irfs,night_snowy,all,mAP50,0.52907,273,2374,True,2026-09-14T07:18:08.087224+00:00
m2_irfs,night_snowy,all,mAP75,0.37376,273,2374,True,2026-09-14T07:18:08.087224+00:00
m2_irfs,night_snowy,car,mAP50-95,0.4526,273,2251,True,2026-09-14T07:18:08.087224+00:00
m2_irfs,night_snowy,car,mAP50,0.78006,273,2251,True,2026-09-14T07:18:08.087224+00:00
m2_irfs,night_snowy,car,mAP75,0.43704,273,2251,True,2026-09-14T07:18:08.087224+00:00
m2_irfs,night_snowy,truck,mAP50-95,0.31211,273,83,False,2026-09-14T07:18:08.087224+00:00
m2_irfs,night_snowy,truck,mAP50,0.42752,273,83,False,2026-09-14T07:18:08.087224+00:00
m2_irfs,night_snowy,truck,mAP75,0.33656,273,83,False,2026-09-14T07:18:08.087224+00:00
m2_irfs,night_snowy,bus,mAP50-95,0.41109,273,19,False,2026-09-14T07:18:08.087224+00:00
m2_irfs,night_snowy,bus,mAP50,0.50952,273,19,False,2026-09-14T07:18:08.087224+00:00
m2_irfs,night_snowy,bus,mAP75,0.50952,273,19,False,2026-09-14T07:18:08.087224+00:00
m2_irfs,night_snowy,motor,mAP50-95,0.40396,273,2,False,2026-09-14T07:18:08.087224+00:00
m2_irfs,night_snowy,motor,mAP50,0.50495,273,2,False,2026-09-14T07:18:08.087224+00:00
m2_irfs,night_snowy,motor,mAP75,0.50495,273,2,False,2026-09-14T07:18:08.087224+00:00
m2_irfs,night_snowy,bike,mAP50-95,0.11609,273,19,False,2026-09-14T07:18:08.087224+00:00
m2_irfs,night_snowy,bike,mAP50,0.42328,273,19,False,2026-09-14T07:18:08.087224+00:00
m2_irfs,night_snowy,bike,mAP75,0.08076,273,19,False,2026-09-14T07:18:08.087224+00:00
m2_irfs,overcast,all,mAP50-95,0.35374,1239,15505,True,2026-09-14T07:18:08.087224+00:00
m2_irfs,overcast,all,mAP50,0.56715,1239,15505,True,2026-09-14T07:18:08.087224+00:00
m2_irfs,overcast,all,mAP75,0.35797,1239,15505,True,2026-09-14T07:18:08.087224+00:00
m2_irfs,overcast,car,mAP50-95,0.50567,1239,14370,True,2026-09-14T07:18:08.087224+00:00
m2_irfs,overcast,car,mAP50,0.80783,1239,14370,True,2026-09-14T07:18:08.087224+00:00
m2_irfs,overcast,car,mAP75,0.50985,1239,14370,True,2026-09-14T07:18:08.087224+00:00
m2_irfs,overcast,truck,mAP50-95,0.43153,1239,660,False,2026-09-14T07:18:08.087224+00:00
m2_irfs,overcast,truck,mAP50,0.59766,1239,660,False,2026-09-14T07:18:08.087224+00:00
m2_irfs,overcast,truck,mAP75,0.46405,1239,660,False,2026-09-14T07:18:08.087224+00:00
m2_irfs,overcast,bus,mAP50-95,0.40781,1239,262,False,2026-09-14T07:18:08.087224+00:00
m2_irfs,overcast,bus,mAP50,0.54546,1239,262,False,2026-09-14T07:18:08.087224+00:00
m2_irfs,overcast,bus,mAP75,0.44043,1239,262,False,2026-09-14T07:18:08.087224+00:00
m2_irfs,overcast,motor,mAP50-95,0.16697,1239,72,False,2026-09-14T07:18:08.087224+00:00
m2_irfs,overcast,motor,mAP50,0.32747,1239,72,False,2026-09-14T07:18:08.087224+00:00
m2_irfs,overcast,motor,mAP75,0.16332,1239,72,False,2026-09-14T07:18:08.087224+00:00
m2_irfs,overcast,bike,mAP50-95,0.25673,1239,141,False,2026-09-14T07:18:08.087224+00:00
m2_irfs,overcast,bike,mAP50,0.55733,1239,141,False,2026-09-14T07:18:08.087224+00:00
m2_irfs,overcast,bike,mAP75,0.21219,1239,141,False,2026-09-14T07:18:08.087224+00:00
m2_irfs,partlycloudy,all,mAP50-95,0.36574,738,9256,True,2026-09-14T07:18:08.087224+00:00
m2_irfs,partlycloudy,all,mAP50,0.56823,738,9256,True,2026-09-14T07:18:08.087224+00:00
m2_irfs,partlycloudy,all,mAP75,0.37562,738,9256,True,2026-09-14T07:18:08.087224+00:00
m2_irfs,partlycloudy,car,mAP50-95,0.48874,738,8526,True,2026-09-14T07:18:08.087224+00:00
m2_irfs,partlycloudy,car,mAP50,0.78689,738,8526,True,2026-09-14T07:18:08.087224+00:00
m2_irfs,partlycloudy,car,mAP75,0.49152,738,8526,True,2026-09-14T07:18:08.087224+00:00
m2_irfs,partlycloudy,truck,mAP50-95,0.43766,738,454,False,2026-09-14T07:18:08.087224+00:00
m2_irfs,partlycloudy,truck,mAP50,0.59597,738,454,False,2026-09-14T07:18:08.087224+00:00
m2_irfs,partlycloudy,truck,mAP75,0.46493,738,454,False,2026-09-14T07:18:08.087224+00:00
m2_irfs,partlycloudy,bus,mAP50-95,0.44509,738,142,False,2026-09-14T07:18:08.087224+00:00
m2_irfs,partlycloudy,bus,mAP50,0.58178,738,142,False,2026-09-14T07:18:08.087224+00:00
m2_irfs,partlycloudy,bus,mAP75,0.48837,738,142,False,2026-09-14T07:18:08.087224+00:00
m2_irfs,partlycloudy,motor,mAP50-95,0.24016,738,65,False,2026-09-14T07:18:08.087224+00:00
m2_irfs,partlycloudy,motor,mAP50,0.43415,738,65,False,2026-09-14T07:18:08.087224+00:00
m2_irfs,partlycloudy,motor,mAP75,0.24238,738,65,False,2026-09-14T07:18:08.087224+00:00
m2_irfs,partlycloudy,bike,mAP50-95,0.21708,738,69,False,2026-09-14T07:18:08.087224+00:00
m2_irfs,partlycloudy,bike,mAP50,0.44238,738,69,False,2026-09-14T07:18:08.087224+00:00
m2_irfs,partlycloudy,bike,mAP75,0.19088,738,69,False,2026-09-14T07:18:08.087224+00:00
m2_irfs,rainy,all,mAP50-95,0.36629,737,7541,True,2026-09-14T07:18:08.087224+00:00
m2_irfs,rainy,all,mAP50,0.57567,737,7541,True,2026-09-14T07:18:08.087224+00:00
m2_irfs,rainy,all,mAP75,0.38409,737,7541,True,2026-09-14T07:18:08.087224+00:00
m2_irfs,rainy,car,mAP50-95,0.4828,737,6944,True,2026-09-14T07:18:08.087224+00:00
m2_irfs,rainy,car,mAP50,0.78894,737,6944,True,2026-09-14T07:18:08.087224+00:00
m2_irfs,rainy,car,mAP75,0.48335,737,6944,True,2026-09-14T07:18:08.087224+00:00
m2_irfs,rainy,truck,mAP50-95,0.44881,737,378,False,2026-09-14T07:18:08.087224+00:00
m2_irfs,rainy,truck,mAP50,0.63169,737,378,False,2026-09-14T07:18:08.087224+00:00
m2_irfs,rainy,truck,mAP75,0.50224,737,378,False,2026-09-14T07:18:08.087224+00:00
m2_irfs,rainy,bus,mAP50-95,0.42924,737,132,False,2026-09-14T07:18:08.087224+00:00
m2_irfs,rainy,bus,mAP50,0.56019,737,132,False,2026-09-14T07:18:08.087224+00:00
m2_irfs,rainy,bus,mAP75,0.45961,737,132,False,2026-09-14T07:18:08.087224+00:00
m2_irfs,rainy,motor,mAP50-95,0.20091,737,30,False,2026-09-14T07:18:08.087224+00:00
m2_irfs,rainy,motor,mAP50,0.34876,737,30,False,2026-09-14T07:18:08.087224+00:00
m2_irfs,rainy,motor,mAP75,0.26441,737,30,False,2026-09-14T07:18:08.087224+00:00
m2_irfs,rainy,bike,mAP50-95,0.26972,737,57,False,2026-09-14T07:18:08.087224+00:00
m2_irfs,rainy,bike,mAP50,0.54878,737,57,False,2026-09-14T07:18:08.087224+00:00
m2_irfs,rainy,bike,mAP75,0.21084,737,57,False,2026-09-14T07:18:08.087224+00:00
m2_irfs,snowy,all,mAP50-95,0.30855,769,8080,True,2026-09-14T07:18:08.087224+00:00
m2_irfs,snowy,all,mAP50,0.48933,769,8080,True,2026-09-14T07:18:08.087224+00:00
m2_irfs,snowy,all,mAP75,0.31385,769,8080,True,2026-09-14T07:18:08.087224+00:00
m2_irfs,snowy,car,mAP50-95,0.48389,769,7486,True,2026-09-14T07:18:08.087224+00:00
m2_irfs,snowy,car,mAP50,0.79115,769,7486,True,2026-09-14T07:18:08.087224+00:00
m2_irfs,snowy,car,mAP75,0.4861,769,7486,True,2026-09-14T07:18:08.087224+00:00
m2_irfs,snowy,truck,mAP50-95,0.40578,769,371,False,2026-09-14T07:18:08.087224+00:00
m2_irfs,snowy,truck,mAP50,0.5637,769,371,False,2026-09-14T07:18:08.087224+00:00
m2_irfs,snowy,truck,mAP75,0.44966,769,371,False,2026-09-14T07:18:08.087224+00:00
m2_irfs,snowy,bus,mAP50-95,0.34356,769,133,False,2026-09-14T07:18:08.087224+00:00
m2_irfs,snowy,bus,mAP50,0.44299,769,133,False,2026-09-14T07:18:08.087224+00:00
m2_irfs,snowy,bus,mAP75,0.37646,769,133,False,2026-09-14T07:18:08.087224+00:00
m2_irfs,snowy,motor,mAP50-95,0.15359,769,9,False,2026-09-14T07:18:08.087224+00:00
m2_irfs,snowy,motor,mAP50,0.24134,769,9,False,2026-09-14T07:18:08.087224+00:00
m2_irfs,snowy,motor,mAP75,0.11881,769,9,False,2026-09-14T07:18:08.087224+00:00
m2_irfs,snowy,bike,mAP50-95,0.15591,769,81,False,2026-09-14T07:18:08.087224+00:00
m2_irfs,snowy,bike,mAP50,0.40749,769,81,False,2026-09-14T07:18:08.087224+00:00
m2_irfs,snowy,bike,mAP75,0.1382,769,81,False,2026-09-14T07:18:08.087224+00:00
m3_lowlight_irfs,overall,all,mAP50-95,0.34015,8841,97193,True,2026-09-14T07:18:08.087224+00:00
m3_lowlight_irfs,overall,all,mAP50,0.54601,8841,97193,True,2026-09-14T07:18:08.087224+00:00
m3_lowlight_irfs,overall,all,mAP75,0.34573,8841,97193,True,2026-09-14T07:18:08.087224+00:00
m3_lowlight_irfs,overall,car,mAP50-95,0.46924,8841,91118,True,2026-09-14T07:18:08.087224+00:00
m3_lowlight_irfs,overall,car,mAP50,0.78199,8841,91118,True,2026-09-14T07:18:08.087224+00:00
m3_lowlight_irfs,overall,car,mAP75,0.46329,8841,91118,True,2026-09-14T07:18:08.087224+00:00
m3_lowlight_irfs,overall,truck,mAP50-95,0.41608,8841,3608,True,2026-09-14T07:18:08.087224+00:00
m3_lowlight_irfs,overall,truck,mAP50,0.57354,8841,3608,True,2026-09-14T07:18:08.087224+00:00
m3_lowlight_irfs,overall,truck,mAP75,0.45886,8841,3608,True,2026-09-14T07:18:08.087224+00:00
m3_lowlight_irfs,overall,bus,mAP50-95,0.40764,8841,1351,True,2026-09-14T07:18:08.087224+00:00
m3_lowlight_irfs,overall,bus,mAP50,0.53395,8841,1351,True,2026-09-14T07:18:08.087224+00:00
m3_lowlight_irfs,overall,bus,mAP75,0.45644,8841,1351,True,2026-09-14T07:18:08.087224+00:00
m3_lowlight_irfs,overall,motor,mAP50-95,0.18575,8841,377,False,2026-09-14T07:18:08.087224+00:00
m3_lowlight_irfs,overall,motor,mAP50,0.38212,8841,377,False,2026-09-14T07:18:08.087224+00:00
m3_lowlight_irfs,overall,motor,mAP75,0.16298,8841,377,False,2026-09-14T07:18:08.087224+00:00
m3_lowlight_irfs,overall,bike,mAP50-95,0.22204,8841,739,False,2026-09-14T07:18:08.087224+00:00
m3_lowlight_irfs,overall,bike,mAP50,0.45845,8841,739,False,2026-09-14T07:18:08.087224+00:00
m3_lowlight_irfs,overall,bike,mAP75,0.18708,8841,739,False,2026-09-14T07:18:08.087224+00:00
m3_lowlight_irfs,adverse,all,mAP50-95,0.33359,1519,15765,True,2026-09-14T07:18:08.087224+00:00
m3_lowlight_irfs,adverse,all,mAP50,0.52961,1519,15765,True,2026-09-14T07:18:08.087224+00:00
m3_lowlight_irfs,adverse,all,mAP75,0.33748,1519,15765,True,2026-09-14T07:18:08.087224+00:00
m3_lowlight_irfs,adverse,car,mAP50-95,0.48202,1519,14568,True,2026-09-14T07:18:08.087224+00:00
m3_lowlight_irfs,adverse,car,mAP50,0.78784,1519,14568,True,2026-09-14T07:18:08.087224+00:00
m3_lowlight_irfs,adverse,car,mAP75,0.48392,1519,14568,True,2026-09-14T07:18:08.087224+00:00
m3_lowlight_irfs,adverse,truck,mAP50-95,0.42667,1519,754,False,2026-09-14T07:18:08.087224+00:00
m3_lowlight_irfs,adverse,truck,mAP50,0.60138,1519,754,False,2026-09-14T07:18:08.087224+00:00
m3_lowlight_irfs,adverse,truck,mAP75,0.4732,1519,754,False,2026-09-14T07:18:08.087224+00:00
m3_lowlight_irfs,adverse,bus,mAP50-95,0.39939,1519,265,False,2026-09-14T07:18:08.087224+00:00
m3_lowlight_irfs,adverse,bus,mAP50,0.51368,1519,265,False,2026-09-14T07:18:08.087224+00:00
m3_lowlight_irfs,adverse,bus,mAP75,0.42689,1519,265,False,2026-09-14T07:18:08.087224+00:00
m3_lowlight_irfs,adverse,motor,mAP50-95,0.16568,1519,40,False,2026-09-14T07:18:08.087224+00:00
m3_lowlight_irfs,adverse,motor,mAP50,0.32347,1519,40,False,2026-09-14T07:18:08.087224+00:00
m3_lowlight_irfs,adverse,motor,mAP75,0.15179,1519,40,False,2026-09-14T07:18:08.087224+00:00
m3_lowlight_irfs,adverse,bike,mAP50-95,0.1942,1519,138,False,2026-09-14T07:18:08.087224+00:00
m3_lowlight_irfs,adverse,bike,mAP50,0.42168,1519,138,False,2026-09-14T07:18:08.087224+00:00
m3_lowlight_irfs,adverse,bike,mAP75,0.15159,1519,138,False,2026-09-14T07:18:08.087224+00:00
m3_lowlight_irfs,benign,all,mAP50-95,0.34178,7322,81428,True,2026-09-14T07:18:08.087224+00:00
m3_lowlight_irfs,benign,all,mAP50,0.54917,7322,81428,True,2026-09-14T07:18:08.087224+00:00
m3_lowlight_irfs,benign,all,mAP75,0.34761,7322,81428,True,2026-09-14T07:18:08.087224+00:00
m3_lowlight_irfs,benign,car,mAP50-95,0.4667,7322,76550,True,2026-09-14T07:18:08.087224+00:00
m3_lowlight_irfs,benign,car,mAP50,0.78117,7322,76550,True,2026-09-14T07:18:08.087224+00:00
m3_lowlight_irfs,benign,car,mAP75,0.45868,7322,76550,True,2026-09-14T07:18:08.087224+00:00
m3_lowlight_irfs,benign,truck,mAP50-95,0.4136,7322,2854,True,2026-09-14T07:18:08.087224+00:00
m3_lowlight_irfs,benign,truck,mAP50,0.56706,7322,2854,True,2026-09-14T07:18:08.087224+00:00
m3_lowlight_irfs,benign,truck,mAP75,0.4551,7322,2854,True,2026-09-14T07:18:08.087224+00:00
m3_lowlight_irfs,benign,bus,mAP50-95,0.41032,7322,1086,True,2026-09-14T07:18:08.087224+00:00
m3_lowlight_irfs,benign,bus,mAP50,0.53853,7322,1086,True,2026-09-14T07:18:08.087224+00:00
m3_lowlight_irfs,benign,bus,mAP75,0.46331,7322,1086,True,2026-09-14T07:18:08.087224+00:00
m3_lowlight_irfs,benign,motor,mAP50-95,0.18963,7322,337,False,2026-09-14T07:18:08.087224+00:00
m3_lowlight_irfs,benign,motor,mAP50,0.3923,7322,337,False,2026-09-14T07:18:08.087224+00:00
m3_lowlight_irfs,benign,motor,mAP75,0.16597,7322,337,False,2026-09-14T07:18:08.087224+00:00
m3_lowlight_irfs,benign,bike,mAP50-95,0.22863,7322,601,False,2026-09-14T07:18:08.087224+00:00
m3_lowlight_irfs,benign,bike,mAP50,0.4668,7322,601,False,2026-09-14T07:18:08.087224+00:00
m3_lowlight_irfs,benign,bike,mAP75,0.19501,7322,601,False,2026-09-14T07:18:08.087224+00:00
m3_lowlight_irfs,clear,all,mAP50-95,0.341,5345,56667,True,2026-09-14T07:18:08.087224+00:00
m3_lowlight_irfs,clear,all,mAP50,0.54775,5345,56667,True,2026-09-14T07:18:08.087224+00:00
m3_lowlight_irfs,clear,all,mAP75,0.3518,5345,56667,True,2026-09-14T07:18:08.087224+00:00
m3_lowlight_irfs,clear,car,mAP50-95,0.45369,5345,53654,True,2026-09-14T07:18:08.087224+00:00
m3_lowlight_irfs,clear,car,mAP50,0.7743,5345,53654,True,2026-09-14T07:18:08.087224+00:00
m3_lowlight_irfs,clear,car,mAP75,0.44066,5345,53654,True,2026-09-14T07:18:08.087224+00:00
m3_lowlight_irfs,clear,truck,mAP50-95,0.40187,5345,1740,True,2026-09-14T07:18:08.087224+00:00
m3_lowlight_irfs,clear,truck,mAP50,0.54725,5345,1740,True,2026-09-14T07:18:08.087224+00:00
m3_lowlight_irfs,clear,truck,mAP75,0.4523,5345,1740,True,2026-09-14T07:18:08.087224+00:00
m3_lowlight_irfs,clear,bus,mAP50-95,0.41355,5345,682,False,2026-09-14T07:18:08.087224+00:00
m3_lowlight_irfs,clear,bus,mAP50,0.54043,5345,682,False,2026-09-14T07:18:08.087224+00:00
m3_lowlight_irfs,clear,bus,mAP75,0.46968,5345,682,False,2026-09-14T07:18:08.087224+00:00
m3_lowlight_irfs,clear,motor,mAP50-95,0.201,5345,200,False,2026-09-14T07:18:08.087224+00:00
m3_lowlight_irfs,clear,motor,mAP50,0.41682,5345,200,False,2026-09-14T07:18:08.087224+00:00
m3_lowlight_irfs,clear,motor,mAP75,0.18211,5345,200,False,2026-09-14T07:18:08.087224+00:00
m3_lowlight_irfs,clear,bike,mAP50-95,0.2349,5345,391,False,2026-09-14T07:18:08.087224+00:00
m3_lowlight_irfs,clear,bike,mAP50,0.45995,5345,391,False,2026-09-14T07:18:08.087224+00:00
m3_lowlight_irfs,clear,bike,mAP75,0.21425,5345,391,False,2026-09-14T07:18:08.087224+00:00
m3_lowlight_irfs,dawndusk,all,mAP50-95,0.36117,714,8512,True,2026-09-14T07:18:08.087224+00:00
m3_lowlight_irfs,dawndusk,all,mAP50,0.57585,714,8512,True,2026-09-14T07:18:08.087224+00:00
m3_lowlight_irfs,dawndusk,all,mAP75,0.36497,714,8512,True,2026-09-14T07:18:08.087224+00:00
m3_lowlight_irfs,dawndusk,car,mAP50-95,0.48882,714,7964,True,2026-09-14T07:18:08.087224+00:00
m3_lowlight_irfs,dawndusk,car,mAP50,0.78625,714,7964,True,2026-09-14T07:18:08.087224+00:00
m3_lowlight_irfs,dawndusk,car,mAP75,0.49579,714,7964,True,2026-09-14T07:18:08.087224+00:00
m3_lowlight_irfs,dawndusk,truck,mAP50-95,0.43981,714,340,False,2026-09-14T07:18:08.087224+00:00
m3_lowlight_irfs,dawndusk,truck,mAP50,0.60034,714,340,False,2026-09-14T07:18:08.087224+00:00
m3_lowlight_irfs,dawndusk,truck,mAP75,0.4845,714,340,False,2026-09-14T07:18:08.087224+00:00
m3_lowlight_irfs,dawndusk,bus,mAP50-95,0.46589,714,127,False,2026-09-14T07:18:08.087224+00:00
m3_lowlight_irfs,dawndusk,bus,mAP50,0.6,714,127,False,2026-09-14T07:18:08.087224+00:00
m3_lowlight_irfs,dawndusk,bus,mAP75,0.53831,714,127,False,2026-09-14T07:18:08.087224+00:00
m3_lowlight_irfs,dawndusk,motor,mAP50-95,0.14966,714,22,False,2026-09-14T07:18:08.087224+00:00
m3_lowlight_irfs,dawndusk,motor,mAP50,0.32456,714,22,False,2026-09-14T07:18:08.087224+00:00
m3_lowlight_irfs,dawndusk,motor,mAP75,0.10769,714,22,False,2026-09-14T07:18:08.087224+00:00
m3_lowlight_irfs,dawndusk,bike,mAP50-95,0.26167,714,59,False,2026-09-14T07:18:08.087224+00:00
m3_lowlight_irfs,dawndusk,bike,mAP50,0.56809,714,59,False,2026-09-14T07:18:08.087224+00:00
m3_lowlight_irfs,dawndusk,bike,mAP75,0.19857,714,59,False,2026-09-14T07:18:08.087224+00:00
m3_lowlight_irfs,day,all,mAP50-95,0.3408,4264,51930,True,2026-09-14T07:18:08.087224+00:00
m3_lowlight_irfs,day,all,mAP50,0.5396,4264,51930,True,2026-09-14T07:18:08.087224+00:00
m3_lowlight_irfs,day,all,mAP75,0.34786,4264,51930,True,2026-09-14T07:18:08.087224+00:00
m3_lowlight_irfs,day,car,mAP50-95,0.49552,4264,47715,True,2026-09-14T07:18:08.087224+00:00
m3_lowlight_irfs,day,car,mAP50,0.79333,4264,47715,True,2026-09-14T07:18:08.087224+00:00
m3_lowlight_irfs,day,car,mAP75,0.50126,4264,47715,True,2026-09-14T07:18:08.087224+00:00
m3_lowlight_irfs,day,truck,mAP50-95,0.41844,4264,2532,True,2026-09-14T07:18:08.087224+00:00
m3_lowlight_irfs,day,truck,mAP50,0.57915,4264,2532,True,2026-09-14T07:18:08.087224+00:00
m3_lowlight_irfs,day,truck,mAP75,0.45897,4264,2532,True,2026-09-14T07:18:08.087224+00:00
m3_lowlight_irfs,day,bus,mAP50-95,0.39606,4264,927,True,2026-09-14T07:18:08.087224+00:00
m3_lowlight_irfs,day,bus,mAP50,0.52191,4264,927,True,2026-09-14T07:18:08.087224+00:00
m3_lowlight_irfs,day,bus,mAP75,0.44067,4264,927,True,2026-09-14T07:18:08.087224+00:00
m3_lowlight_irfs,day,motor,mAP50-95,0.1918,4264,262,False,2026-09-14T07:18:08.087224+00:00
m3_lowlight_irfs,day,motor,mAP50,0.38123,4264,262,False,2026-09-14T07:18:08.087224+00:00
m3_lowlight_irfs,day,motor,mAP75,0.16777,4264,262,False,2026-09-14T07:18:08.087224+00:00
m3_lowlight_irfs,day,bike,mAP50-95,0.2022,4264,494,False,2026-09-14T07:18:08.087224+00:00
m3_lowlight_irfs,day,bike,mAP50,0.42236,4264,494,False,2026-09-14T07:18:08.087224+00:00
m3_lowlight_irfs,day,bike,mAP75,0.17062,4264,494,False,2026-09-14T07:18:08.087224+00:00
m3_lowlight_irfs,day_adverse,all,mAP50-95,0.34935,823,9252,True,2026-09-14T07:18:08.087224+00:00
m3_lowlight_irfs,day_adverse,all,mAP50,0.56003,823,9252,True,2026-09-14T07:18:08.087224+00:00
m3_lowlight_irfs,day_adverse,all,mAP75,0.34569,823,9252,True,2026-09-14T07:18:08.087224+00:00
m3_lowlight_irfs,day_adverse,car,mAP50-95,0.50399,823,8401,True,2026-09-14T07:18:08.087224+00:00
m3_lowlight_irfs,day_adverse,car,mAP50,0.80416,823,8401,True,2026-09-14T07:18:08.087224+00:00
m3_lowlight_irfs,day_adverse,car,mAP75,0.51081,823,8401,True,2026-09-14T07:18:08.087224+00:00
m3_lowlight_irfs,day_adverse,truck,mAP50-95,0.435,823,540,False,2026-09-14T07:18:08.087224+00:00
m3_lowlight_irfs,day_adverse,truck,mAP50,0.61483,823,540,False,2026-09-14T07:18:08.087224+00:00
m3_lowlight_irfs,day_adverse,truck,mAP75,0.48641,823,540,False,2026-09-14T07:18:08.087224+00:00
m3_lowlight_irfs,day_adverse,bus,mAP50-95,0.36685,823,194,False,2026-09-14T07:18:08.087224+00:00
m3_lowlight_irfs,day_adverse,bus,mAP50,0.47638,823,194,False,2026-09-14T07:18:08.087224+00:00
m3_lowlight_irfs,day_adverse,bus,mAP75,0.38294,823,194,False,2026-09-14T07:18:08.087224+00:00
m3_lowlight_irfs,day_adverse,motor,mAP50-95,0.23892,823,23,False,2026-09-14T07:18:08.087224+00:00
m3_lowlight_irfs,day_adverse,motor,mAP50,0.45692,823,23,False,2026-09-14T07:18:08.087224+00:00
m3_lowlight_irfs,day_adverse,motor,mAP75,0.20793,823,23,False,2026-09-14T07:18:08.087224+00:00
m3_lowlight_irfs,day_adverse,bike,mAP50-95,0.20198,823,94,False,2026-09-14T07:18:08.087224+00:00
m3_lowlight_irfs,day_adverse,bike,mAP50,0.44786,823,94,False,2026-09-14T07:18:08.087224+00:00
m3_lowlight_irfs,day_adverse,bike,mAP75,0.14034,823,94,False,2026-09-14T07:18:08.087224+00:00
m3_lowlight_irfs,day_clear,all,mAP50-95,0.3404,1764,21352,True,2026-09-14T07:18:08.087224+00:00
m3_lowlight_irfs,day_clear,all,mAP50,0.52807,1764,21352,True,2026-09-14T07:18:08.087224+00:00
m3_lowlight_irfs,day_clear,all,mAP75,0.36144,1764,21352,True,2026-09-14T07:18:08.087224+00:00
m3_lowlight_irfs,day_clear,car,mAP50-95,0.49086,1764,19633,True,2026-09-14T07:18:08.087224+00:00
m3_lowlight_irfs,day_clear,car,mAP50,0.78746,1764,19633,True,2026-09-14T07:18:08.087224+00:00
m3_lowlight_irfs,day_clear,car,mAP75,0.49646,1764,19633,True,2026-09-14T07:18:08.087224+00:00
m3_lowlight_irfs,day_clear,truck,mAP50-95,0.40733,1764,1021,True,2026-09-14T07:18:08.087224+00:00
m3_lowlight_irfs,day_clear,truck,mAP50,0.55367,1764,1021,True,2026-09-14T07:18:08.087224+00:00
m3_lowlight_irfs,day_clear,truck,mAP75,0.45336,1764,1021,True,2026-09-14T07:18:08.087224+00:00
m3_lowlight_irfs,day_clear,bus,mAP50-95,0.41324,1764,380,False,2026-09-14T07:18:08.087224+00:00
m3_lowlight_irfs,day_clear,bus,mAP50,0.54093,1764,380,False,2026-09-14T07:18:08.087224+00:00
m3_lowlight_irfs,day_clear,bus,mAP75,0.47167,1764,380,False,2026-09-14T07:18:08.087224+00:00
m3_lowlight_irfs,day_clear,motor,mAP50-95,0.20456,1764,111,False,2026-09-14T07:18:08.087224+00:00
m3_lowlight_irfs,day_clear,motor,mAP50,0.39883,1764,111,False,2026-09-14T07:18:08.087224+00:00
m3_lowlight_irfs,day_clear,motor,mAP75,0.19425,1764,111,False,2026-09-14T07:18:08.087224+00:00
m3_lowlight_irfs,day_clear,bike,mAP50-95,0.18603,1764,207,False,2026-09-14T07:18:08.087224+00:00
m3_lowlight_irfs,day_clear,bike,mAP50,0.35946,1764,207,False,2026-09-14T07:18:08.087224+00:00
m3_lowlight_irfs,day_clear,bike,mAP75,0.19146,1764,207,False,2026-09-14T07:18:08.087224+00:00
m3_lowlight_irfs,day_rainy,all,mAP50-95,0.36887,396,4356,True,2026-09-14T07:18:08.087224+00:00
m3_lowlight_irfs,day_rainy,all,mAP50,0.58618,396,4356,True,2026-09-14T07:18:08.087224+00:00
m3_lowlight_irfs,day_rainy,all,mAP75,0.37148,396,4356,True,2026-09-14T07:18:08.087224+00:00
m3_lowlight_irfs,day_rainy,car,mAP50-95,0.51024,396,3930,True,2026-09-14T07:18:08.087224+00:00
m3_lowlight_irfs,day_rainy,car,mAP50,0.81125,396,3930,True,2026-09-14T07:18:08.087224+00:00
m3_lowlight_irfs,day_rainy,car,mAP75,0.51594,396,3930,True,2026-09-14T07:18:08.087224+00:00
m3_lowlight_irfs,day_rainy,truck,mAP50-95,0.4357,396,272,False,2026-09-14T07:18:08.087224+00:00
m3_lowlight_irfs,day_rainy,truck,mAP50,0.6232,396,272,False,2026-09-14T07:18:08.087224+00:00
m3_lowlight_irfs,day_rainy,truck,mAP75,0.48182,396,272,False,2026-09-14T07:18:08.087224+00:00
m3_lowlight_irfs,day_rainy,bus,mAP50-95,0.36857,396,97,False,2026-09-14T07:18:08.087224+00:00
m3_lowlight_irfs,day_rainy,bus,mAP50,0.48208,396,97,False,2026-09-14T07:18:08.087224+00:00
m3_lowlight_irfs,day_rainy,bus,mAP75,0.39834,396,97,False,2026-09-14T07:18:08.087224+00:00
m3_lowlight_irfs,day_rainy,motor,mAP50-95,0.27594,396,16,False,2026-09-14T07:18:08.087224+00:00
m3_lowlight_irfs,day_rainy,motor,mAP50,0.47624,396,16,False,2026-09-14T07:18:08.087224+00:00
m3_lowlight_irfs,day_rainy,motor,mAP75,0.28069,396,16,False,2026-09-14T07:18:08.087224+00:00
m3_lowlight_irfs,day_rainy,bike,mAP50-95,0.2539,396,41,False,2026-09-14T07:18:08.087224+00:00
m3_lowlight_irfs,day_rainy,bike,mAP50,0.53814,396,41,False,2026-09-14T07:18:08.087224+00:00
m3_lowlight_irfs,day_rainy,bike,mAP75,0.1806,396,41,False,2026-09-14T07:18:08.087224+00:00
m3_lowlight_irfs,day_snowy,all,mAP50-95,0.32364,422,4842,True,2026-09-14T07:18:08.087224+00:00
m3_lowlight_irfs,day_snowy,all,mAP50,0.53446,422,4842,True,2026-09-14T07:18:08.087224+00:00
m3_lowlight_irfs,day_snowy,all,mAP75,0.30491,422,4842,True,2026-09-14T07:18:08.087224+00:00
m3_lowlight_irfs,day_snowy,car,mAP50-95,0.49837,422,4421,True,2026-09-14T07:18:08.087224+00:00
m3_lowlight_irfs,day_snowy,car,mAP50,0.79733,422,4421,True,2026-09-14T07:18:08.087224+00:00
m3_lowlight_irfs,day_snowy,car,mAP75,0.50676,422,4421,True,2026-09-14T07:18:08.087224+00:00
m3_lowlight_irfs,day_snowy,truck,mAP50-95,0.44079,422,264,False,2026-09-14T07:18:08.087224+00:00
m3_lowlight_irfs,day_snowy,truck,mAP50,0.61558,422,264,False,2026-09-14T07:18:08.087224+00:00
m3_lowlight_irfs,day_snowy,truck,mAP75,0.49816,422,264,False,2026-09-14T07:18:08.087224+00:00
m3_lowlight_irfs,day_snowy,bus,mAP50-95,0.36719,422,97,False,2026-09-14T07:18:08.087224+00:00
m3_lowlight_irfs,day_snowy,bus,mAP50,0.47206,422,97,False,2026-09-14T07:18:08.087224+00:00
m3_lowlight_irfs,day_snowy,bus,mAP75,0.37251,422,97,False,2026-09-14T07:18:08.087224+00:00
m3_lowlight_irfs,day_snowy,motor,mAP50-95,0.14917,422,7,False,2026-09-14T07:18:08.087224+00:00
m3_lowlight_irfs,day_snowy,motor,mAP50,0.41584,422,7,False,2026-09-14T07:18:08.087224+00:00
m3_lowlight_irfs,day_snowy,motor,mAP75,0.02475,422,7,False,2026-09-14T07:18:08.087224+00:00
m3_lowlight_irfs,day_snowy,bike,mAP50-95,0.1627,422,53,False,2026-09-14T07:18:08.087224+00:00
m3_lowlight_irfs,day_snowy,bike,mAP50,0.37149,422,53,False,2026-09-14T07:18:08.087224+00:00
m3_lowlight_irfs,day_snowy,bike,mAP75,0.12235,422,53,False,2026-09-14T07:18:08.087224+00:00
m3_lowlight_irfs,foggy,all,mAP50-95,0.27728,13,144,False,2026-09-14T07:18:08.087224+00:00
m3_lowlight_irfs,foggy,all,mAP50,0.64207,13,144,False,2026-09-14T07:18:08.087224+00:00
m3_lowlight_irfs,foggy,all,mAP75,0.22328,13,144,False,2026-09-14T07:18:08.087224+00:00
m3_lowlight_irfs,foggy,car,mAP50-95,0.4447,13,138,False,2026-09-14T07:18:08.087224+00:00
m3_lowlight_irfs,foggy,car,mAP50,0.7183,13,138,False,2026-09-14T07:18:08.087224+00:00
m3_lowlight_irfs,foggy,car,mAP75,0.46192,13,138,False,2026-09-14T07:18:08.087224+00:00
m3_lowlight_irfs,foggy,truck,mAP50-95,0.18713,13,5,False,2026-09-14T07:18:08.087224+00:00
m3_lowlight_irfs,foggy,truck,mAP50,0.20792,13,5,False,2026-09-14T07:18:08.087224+00:00
m3_lowlight_irfs,foggy,truck,mAP75,0.20792,13,5,False,2026-09-14T07:18:08.087224+00:00
m3_lowlight_irfs,foggy,bus,mAP50-95,,13,0,False,2026-09-14T07:18:08.087224+00:00
m3_lowlight_irfs,foggy,bus,mAP50,,13,0,False,2026-09-14T07:18:08.087224+00:00
m3_lowlight_irfs,foggy,bus,mAP75,,13,0,False,2026-09-14T07:18:08.087224+00:00
m3_lowlight_irfs,foggy,motor,mAP50-95,0.2,13,1,False,2026-09-14T07:18:08.087224+00:00
m3_lowlight_irfs,foggy,motor,mAP50,1.0,13,1,False,2026-09-14T07:18:08.087224+00:00
m3_lowlight_irfs,foggy,motor,mAP75,0.0,13,1,False,2026-09-14T07:18:08.087224+00:00
m3_lowlight_irfs,foggy,bike,mAP50-95,,13,0,False,2026-09-14T07:18:08.087224+00:00
m3_lowlight_irfs,foggy,bike,mAP50,,13,0,False,2026-09-14T07:18:08.087224+00:00
m3_lowlight_irfs,foggy,bike,mAP75,,13,0,False,2026-09-14T07:18:08.087224+00:00
m3_lowlight_irfs,night,all,mAP50-95,0.34171,3863,36751,True,2026-09-14T07:18:08.087224+00:00
m3_lowlight_irfs,night,all,mAP50,0.56099,3863,36751,True,2026-09-14T07:18:08.087224+00:00
m3_lowlight_irfs,night,all,mAP75,0.34685,3863,36751,True,2026-09-14T07:18:08.087224+00:00
m3_lowlight_irfs,night,car,mAP50-95,0.42762,3863,35439,True,2026-09-14T07:18:08.087224+00:00
m3_lowlight_irfs,night,car,mAP50,0.76283,3863,35439,True,2026-09-14T07:18:08.087224+00:00
m3_lowlight_irfs,night,car,mAP75,0.40307,3863,35439,True,2026-09-14T07:18:08.087224+00:00
m3_lowlight_irfs,night,truck,mAP50-95,0.39854,3863,736,False,2026-09-14T07:18:08.087224+00:00
m3_lowlight_irfs,night,truck,mAP50,0.54572,3863,736,False,2026-09-14T07:18:08.087224+00:00
m3_lowlight_irfs,night,truck,mAP75,0.44874,3863,736,False,2026-09-14T07:18:08.087224+00:00
m3_lowlight_irfs,night,bus,mAP50-95,0.42104,3863,297,False,2026-09-14T07:18:08.087224+00:00
m3_lowlight_irfs,night,bus,mAP50,0.54545,3863,297,False,2026-09-14T07:18:08.087224+00:00
m3_lowlight_irfs,night,bus,mAP75,0.46842,3863,297,False,2026-09-14T07:18:08.087224+00:00
m3_lowlight_irfs,night,motor,mAP50-95,0.19354,3863,93,False,2026-09-14T07:18:08.087224+00:00
m3_lowlight_irfs,night,motor,mAP50,0.42555,3863,93,False,2026-09-14T07:18:08.087224+00:00
m3_lowlight_irfs,night,motor,mAP75,0.18116,3863,93,False,2026-09-14T07:18:08.087224+00:00
m3_lowlight_irfs,night,bike,mAP50-95,0.2678,3863,186,False,2026-09-14T07:18:08.087224+00:00
m3_lowlight_irfs,night,bike,mAP50,0.52541,3863,186,False,2026-09-14T07:18:08.087224+00:00
m3_lowlight_irfs,night,bike,mAP75,0.23286,3863,186,False,2026-09-14T07:18:08.087224+00:00
m3_lowlight_irfs,night_adverse,all,mAP50-95,0.33562,566,4986,True,2026-09-14T07:18:08.087224+00:00
m3_lowlight_irfs,night_adverse,all,mAP50,0.51444,566,4986,True,2026-09-14T07:18:08.087224+00:00
m3_lowlight_irfs,night_adverse,all,mAP75,0.34912,566,4986,True,2026-09-14T07:18:08.087224+00:00
m3_lowlight_irfs,night_adverse,car,mAP50-95,0.44004,566,4743,True,2026-09-14T07:18:08.087224+00:00
m3_lowlight_irfs,night_adverse,car,mAP50,0.75941,566,4743,True,2026-09-14T07:18:08.087224+00:00
m3_lowlight_irfs,night_adverse,car,mAP75,0.43018,566,4743,True,2026-09-14T07:18:08.087224+00:00
m3_lowlight_irfs,night_adverse,truck,mAP50-95,0.37824,566,156,False,2026-09-14T07:18:08.087224+00:00
m3_lowlight_irfs,night_adverse,truck,mAP50,0.53439,566,156,False,2026-09-14T07:18:08.087224+00:00
m3_lowlight_irfs,night_adverse,truck,mAP75,0.40485,566,156,False,2026-09-14T07:18:08.087224+00:00
m3_lowlight_irfs,night_adverse,bus,mAP50-95,0.55867,566,41,False,2026-09-14T07:18:08.087224+00:00
m3_lowlight_irfs,night_adverse,bus,mAP50,0.70811,566,41,False,2026-09-14T07:18:08.087224+00:00
m3_lowlight_irfs,night_adverse,bus,mAP75,0.59715,566,41,False,2026-09-14T07:18:08.087224+00:00
m3_lowlight_irfs,night_adverse,motor,mAP50-95,0.11994,566,12,False,2026-09-14T07:18:08.087224+00:00
m3_lowlight_irfs,night_adverse,motor,mAP50,0.19701,566,12,False,2026-09-14T07:18:08.087224+00:00
m3_lowlight_irfs,night_adverse,motor,mAP75,0.16832,566,12,False,2026-09-14T07:18:08.087224+00:00
m3_lowlight_irfs,night_adverse,bike,mAP50-95,0.1812,566,34,False,2026-09-14T07:18:08.087224+00:00
m3_lowlight_irfs,night_adverse,bike,mAP50,0.37328,566,34,False,2026-09-14T07:18:08.087224+00:00
m3_lowlight_irfs,night_adverse,bike,mAP75,0.14512,566,34,False,2026-09-14T07:18:08.087224+00:00
m3_lowlight_irfs,night_clear,all,mAP50-95,0.34357,3274,31550,True,2026-09-14T07:18:08.087224+00:00
m3_lowlight_irfs,night_clear,all,mAP50,0.56994,3274,31550,True,2026-09-14T07:18:08.087224+00:00
m3_lowlight_irfs,night_clear,all,mAP75,0.34651,3274,31550,True,2026-09-14T07:18:08.087224+00:00
m3_lowlight_irfs,night_clear,car,mAP50-95,0.42495,3274,30489,True,2026-09-14T07:18:08.087224+00:00
m3_lowlight_irfs,night_clear,car,mAP50,0.76193,3274,30489,True,2026-09-14T07:18:08.087224+00:00
m3_lowlight_irfs,night_clear,car,mAP75,0.39788,3274,30489,True,2026-09-14T07:18:08.087224+00:00
m3_lowlight_irfs,night_clear,truck,mAP50-95,0.40152,3274,577,False,2026-09-14T07:18:08.087224+00:00
m3_lowlight_irfs,night_clear,truck,mAP50,0.54723,3274,577,False,2026-09-14T07:18:08.087224+00:00
m3_lowlight_irfs,night_clear,truck,mAP75,0.45656,3274,577,False,2026-09-14T07:18:08.087224+00:00
m3_lowlight_irfs,night_clear,bus,mAP50-95,0.3947,3274,251,False,2026-09-14T07:18:08.087224+00:00
m3_lowlight_irfs,night_clear,bus,mAP50,0.51598,3274,251,False,2026-09-14T07:18:08.087224+00:00
m3_lowlight_irfs,night_clear,bus,mAP75,0.44003,3274,251,False,2026-09-14T07:18:08.087224+00:00
m3_lowlight_irfs,night_clear,motor,mAP50-95,0.20861,3274,81,False,2026-09-14T07:18:08.087224+00:00
m3_lowlight_irfs,night_clear,motor,mAP50,0.46603,3274,81,False,2026-09-14T07:18:08.087224+00:00
m3_lowlight_irfs,night_clear,motor,mAP75,0.1852,3274,81,False,2026-09-14T07:18:08.087224+00:00
m3_lowlight_irfs,night_clear,bike,mAP50-95,0.28806,3274,152,False,2026-09-14T07:18:08.087224+00:00
m3_lowlight_irfs,night_clear,bike,mAP50,0.55855,3274,152,False,2026-09-14T07:18:08.087224+00:00
m3_lowlight_irfs,night_clear,bike,mAP75,0.25285,3274,152,False,2026-09-14T07:18:08.087224+00:00
m3_lowlight_irfs,night_rainy,all,mAP50-95,0.39114,286,2535,True,2026-09-14T07:18:08.087224+00:00
m3_lowlight_irfs,night_rainy,all,mAP50,0.58107,286,2535,True,2026-09-14T07:18:08.087224+00:00
m3_lowlight_irfs,night_rainy,all,mAP75,0.40829,286,2535,True,2026-09-14T07:18:08.087224+00:00
m3_lowlight_irfs,night_rainy,car,mAP50-95,0.43168,286,2416,True,2026-09-14T07:18:08.087224+00:00
m3_lowlight_irfs,night_rainy,car,mAP50,0.74767,286,2416,True,2026-09-14T07:18:08.087224+00:00
m3_lowlight_irfs,night_rainy,car,mAP75,0.42626,286,2416,True,2026-09-14T07:18:08.087224+00:00
m3_lowlight_irfs,night_rainy,truck,mAP50-95,0.47936,286,72,False,2026-09-14T07:18:08.087224+00:00
m3_lowlight_irfs,night_rainy,truck,mAP50,0.66992,286,72,False,2026-09-14T07:18:08.087224+00:00
m3_lowlight_irfs,night_rainy,truck,mAP75,0.50637,286,72,False,2026-09-14T07:18:08.087224+00:00
m3_lowlight_irfs,night_rainy,bus,mAP50-95,0.64205,286,22,False,2026-09-14T07:18:08.087224+00:00
m3_lowlight_irfs,night_rainy,bus,mAP50,0.80792,286,22,False,2026-09-14T07:18:08.087224+00:00
m3_lowlight_irfs,night_rainy,bus,mAP75,0.70414,286,22,False,2026-09-14T07:18:08.087224+00:00
m3_lowlight_irfs,night_rainy,motor,mAP50-95,0.12808,286,10,False,2026-09-14T07:18:08.087224+00:00
m3_lowlight_irfs,night_rainy,motor,mAP50,0.20654,286,10,False,2026-09-14T07:18:08.087224+00:00
m3_lowlight_irfs,night_rainy,motor,mAP75,0.15347,286,10,False,2026-09-14T07:18:08.087224+00:00
m3_lowlight_irfs,night_rainy,bike,mAP50-95,0.27455,286,15,False,2026-09-14T07:18:08.087224+00:00
m3_lowlight_irfs,night_rainy,bike,mAP50,0.47327,286,15,False,2026-09-14T07:18:08.087224+00:00
m3_lowlight_irfs,night_rainy,bike,mAP75,0.25121,286,15,False,2026-09-14T07:18:08.087224+00:00
m3_lowlight_irfs,night_snowy,all,mAP50-95,0.32366,273,2374,True,2026-09-14T07:18:08.087224+00:00
m3_lowlight_irfs,night_snowy,all,mAP50,0.51576,273,2374,True,2026-09-14T07:18:08.087224+00:00
m3_lowlight_irfs,night_snowy,all,mAP75,0.3598,273,2374,True,2026-09-14T07:18:08.087224+00:00
m3_lowlight_irfs,night_snowy,car,mAP50-95,0.45188,273,2251,True,2026-09-14T07:18:08.087224+00:00
m3_lowlight_irfs,night_snowy,car,mAP50,0.77731,273,2251,True,2026-09-14T07:18:08.087224+00:00
m3_lowlight_irfs,night_snowy,car,mAP75,0.43731,273,2251,True,2026-09-14T07:18:08.087224+00:00
m3_lowlight_irfs,night_snowy,truck,mAP50-95,0.296,273,83,False,2026-09-14T07:18:08.087224+00:00
m3_lowlight_irfs,night_snowy,truck,mAP50,0.41911,273,83,False,2026-09-14T07:18:08.087224+00:00
m3_lowlight_irfs,night_snowy,truck,mAP75,0.3198,273,83,False,2026-09-14T07:18:08.087224+00:00
m3_lowlight_irfs,night_snowy,bus,mAP50-95,0.4533,273,19,False,2026-09-14T07:18:08.087224+00:00
m3_lowlight_irfs,night_snowy,bus,mAP50,0.57069,273,19,False,2026-09-14T07:18:08.087224+00:00
m3_lowlight_irfs,night_snowy,bus,mAP75,0.46368,273,19,False,2026-09-14T07:18:08.087224+00:00
m3_lowlight_irfs,night_snowy,motor,mAP50-95,0.30297,273,2,False,2026-09-14T07:18:08.087224+00:00
m3_lowlight_irfs,night_snowy,motor,mAP50,0.50495,273,2,False,2026-09-14T07:18:08.087224+00:00
m3_lowlight_irfs,night_snowy,motor,mAP75,0.50495,273,2,False,2026-09-14T07:18:08.087224+00:00
m3_lowlight_irfs,night_snowy,bike,mAP50-95,0.11413,273,19,False,2026-09-14T07:18:08.087224+00:00
m3_lowlight_irfs,night_snowy,bike,mAP50,0.30676,273,19,False,2026-09-14T07:18:08.087224+00:00
m3_lowlight_irfs,night_snowy,bike,mAP75,0.07328,273,19,False,2026-09-14T07:18:08.087224+00:00
m3_lowlight_irfs,overcast,all,mAP50-95,0.34283,1239,15505,True,2026-09-14T07:18:08.087224+00:00
m3_lowlight_irfs,overcast,all,mAP50,0.55357,1239,15505,True,2026-09-14T07:18:08.087224+00:00
m3_lowlight_irfs,overcast,all,mAP75,0.33272,1239,15505,True,2026-09-14T07:18:08.087224+00:00
m3_lowlight_irfs,overcast,car,mAP50-95,0.50396,1239,14370,True,2026-09-14T07:18:08.087224+00:00
m3_lowlight_irfs,overcast,car,mAP50,0.8059,1239,14370,True,2026-09-14T07:18:08.087224+00:00
m3_lowlight_irfs,overcast,car,mAP75,0.50867,1239,14370,True,2026-09-14T07:18:08.087224+00:00
m3_lowlight_irfs,overcast,truck,mAP50-95,0.43151,1239,660,False,2026-09-14T07:18:08.087224+00:00
m3_lowlight_irfs,overcast,truck,mAP50,0.60025,1239,660,False,2026-09-14T07:18:08.087224+00:00
m3_lowlight_irfs,overcast,truck,mAP75,0.45788,1239,660,False,2026-09-14T07:18:08.087224+00:00
m3_lowlight_irfs,overcast,bus,mAP50-95,0.3989,1239,262,False,2026-09-14T07:18:08.087224+00:00
m3_lowlight_irfs,overcast,bus,mAP50,0.52754,1239,262,False,2026-09-14T07:18:08.087224+00:00
m3_lowlight_irfs,overcast,bus,mAP75,0.44027,1239,262,False,2026-09-14T07:18:08.087224+00:00
m3_lowlight_irfs,overcast,motor,mAP50-95,0.13904,1239,72,False,2026-09-14T07:18:08.087224+00:00
m3_lowlight_irfs,overcast,motor,mAP50,0.3045,1239,72,False,2026-09-14T07:18:08.087224+00:00
m3_lowlight_irfs,overcast,motor,mAP75,0.09316,1239,72,False,2026-09-14T07:18:08.087224+00:00
m3_lowlight_irfs,overcast,bike,mAP50-95,0.24076,1239,141,False,2026-09-14T07:18:08.087224+00:00
m3_lowlight_irfs,overcast,bike,mAP50,0.52966,1239,141,False,2026-09-14T07:18:08.087224+00:00
m3_lowlight_irfs,overcast,bike,mAP75,0.1636,1239,141,False,2026-09-14T07:18:08.087224+00:00
m3_lowlight_irfs,partlycloudy,all,mAP50-95,0.35278,738,9256,True,2026-09-14T07:18:08.087224+00:00
m3_lowlight_irfs,partlycloudy,all,mAP50,0.55053,738,9256,True,2026-09-14T07:18:08.087224+00:00
m3_lowlight_irfs,partlycloudy,all,mAP75,0.36819,738,9256,True,2026-09-14T07:18:08.087224+00:00
m3_lowlight_irfs,partlycloudy,car,mAP50-95,0.48487,738,8526,True,2026-09-14T07:18:08.087224+00:00
m3_lowlight_irfs,partlycloudy,car,mAP50,0.77848,738,8526,True,2026-09-14T07:18:08.087224+00:00
m3_lowlight_irfs,partlycloudy,car,mAP75,0.49038,738,8526,True,2026-09-14T07:18:08.087224+00:00
m3_lowlight_irfs,partlycloudy,truck,mAP50-95,0.43557,738,454,False,2026-09-14T07:18:08.087224+00:00
m3_lowlight_irfs,partlycloudy,truck,mAP50,0.59773,738,454,False,2026-09-14T07:18:08.087224+00:00
m3_lowlight_irfs,partlycloudy,truck,mAP75,0.46463,738,454,False,2026-09-14T07:18:08.087224+00:00
m3_lowlight_irfs,partlycloudy,bus,mAP50-95,0.42532,738,142,False,2026-09-14T07:18:08.087224+00:00
m3_lowlight_irfs,partlycloudy,bus,mAP50,0.55698,738,142,False,2026-09-14T07:18:08.087224+00:00
m3_lowlight_irfs,partlycloudy,bus,mAP75,0.48236,738,142,False,2026-09-14T07:18:08.087224+00:00
m3_lowlight_irfs,partlycloudy,motor,mAP50-95,0.23355,738,65,False,2026-09-14T07:18:08.087224+00:00
m3_lowlight_irfs,partlycloudy,motor,mAP50,0.43281,738,65,False,2026-09-14T07:18:08.087224+00:00
m3_lowlight_irfs,partlycloudy,motor,mAP75,0.22877,738,65,False,2026-09-14T07:18:08.087224+00:00
m3_lowlight_irfs,partlycloudy,bike,mAP50-95,0.18458,738,69,False,2026-09-14T07:18:08.087224+00:00
m3_lowlight_irfs,partlycloudy,bike,mAP50,0.38665,738,69,False,2026-09-14T07:18:08.087224+00:00
m3_lowlight_irfs,partlycloudy,bike,mAP75,0.1748,738,69,False,2026-09-14T07:18:08.087224+00:00
m3_lowlight_irfs,rainy,all,mAP50-95,0.35982,737,7541,True,2026-09-14T07:18:08.087224+00:00
m3_lowlight_irfs,rainy,all,mAP50,0.55928,737,7541,True,2026-09-14T07:18:08.087224+00:00
m3_lowlight_irfs,rainy,all,mAP75,0.36332,737,7541,True,2026-09-14T07:18:08.087224+00:00
m3_lowlight_irfs,rainy,car,mAP50-95,0.48142,737,6944,True,2026-09-14T07:18:08.087224+00:00
m3_lowlight_irfs,rainy,car,mAP50,0.78697,737,6944,True,2026-09-14T07:18:08.087224+00:00
m3_lowlight_irfs,rainy,car,mAP75,0.48224,737,6944,True,2026-09-14T07:18:08.087224+00:00
m3_lowlight_irfs,rainy,truck,mAP50-95,0.44767,737,378,False,2026-09-14T07:18:08.087224+00:00
m3_lowlight_irfs,rainy,truck,mAP50,0.63761,737,378,False,2026-09-14T07:18:08.087224+00:00
m3_lowlight_irfs,rainy,truck,mAP75,0.48681,737,378,False,2026-09-14T07:18:08.087224+00:00
m3_lowlight_irfs,rainy,bus,mAP50-95,0.43171,737,132,False,2026-09-14T07:18:08.087224+00:00
m3_lowlight_irfs,rainy,bus,mAP50,0.55565,737,132,False,2026-09-14T07:18:08.087224+00:00
m3_lowlight_irfs,rainy,bus,mAP75,0.46915,737,132,False,2026-09-14T07:18:08.087224+00:00
m3_lowlight_irfs,rainy,motor,mAP50-95,0.17325,737,30,False,2026-09-14T07:18:08.087224+00:00
m3_lowlight_irfs,rainy,motor,mAP50,0.29881,737,30,False,2026-09-14T07:18:08.087224+00:00
m3_lowlight_irfs,rainy,motor,mAP75,0.17032,737,30,False,2026-09-14T07:18:08.087224+00:00
m3_lowlight_irfs,rainy,bike,mAP50-95,0.26506,737,57,False,2026-09-14T07:18:08.087224+00:00
m3_lowlight_irfs,rainy,bike,mAP50,0.51736,737,57,False,2026-09-14T07:18:08.087224+00:00
m3_lowlight_irfs,rainy,bike,mAP75,0.20811,737,57,False,2026-09-14T07:18:08.087224+00:00
m3_lowlight_irfs,snowy,all,mAP50-95,0.31381,769,8080,True,2026-09-14T07:18:08.087224+00:00
m3_lowlight_irfs,snowy,all,mAP50,0.50725,769,8080,True,2026-09-14T07:18:08.087224+00:00
m3_lowlight_irfs,snowy,all,mAP75,0.31779,769,8080,True,2026-09-14T07:18:08.087224+00:00
m3_lowlight_irfs,snowy,car,mAP50-95,0.48392,769,7486,True,2026-09-14T07:18:08.087224+00:00
m3_lowlight_irfs,snowy,car,mAP50,0.78969,769,7486,True,2026-09-14T07:18:08.087224+00:00
m3_lowlight_irfs,snowy,car,mAP75,0.48619,769,7486,True,2026-09-14T07:18:08.087224+00:00
m3_lowlight_irfs,snowy,truck,mAP50-95,0.41007,769,371,False,2026-09-14T07:18:08.087224+00:00
m3_lowlight_irfs,snowy,truck,mAP50,0.57102,769,371,False,2026-09-14T07:18:08.087224+00:00
m3_lowlight_irfs,snowy,truck,mAP75,0.46557,769,371,False,2026-09-14T07:18:08.087224+00:00
m3_lowlight_irfs,snowy,bus,mAP50-95,0.37032,769,133,False,2026-09-14T07:18:08.087224+00:00
m3_lowlight_irfs,snowy,bus,mAP50,0.47526,769,133,False,2026-09-14T07:18:08.087224+00:00
m3_lowlight_irfs,snowy,bus,mAP75,0.38806,769,133,False,2026-09-14T07:18:08.087224+00:00
m3_lowlight_irfs,snowy,motor,mAP50-95,0.15666,769,9,False,2026-09-14T07:18:08.087224+00:00
m3_lowlight_irfs,snowy,motor,mAP50,0.34894,769,9,False,2026-09-14T07:18:08.087224+00:00
m3_lowlight_irfs,snowy,motor,mAP75,0.13437,769,9,False,2026-09-14T07:18:08.087224+00:00
m3_lowlight_irfs,snowy,bike,mAP50-95,0.14808,769,81,False,2026-09-14T07:18:08.087224+00:00
m3_lowlight_irfs,snowy,bike,mAP50,0.35134,769,81,False,2026-09-14T07:18:08.087224+00:00
m3_lowlight_irfs,snowy,bike,mAP75,0.11478,769,81,False,2026-09-14T07:18:08.087224+00:00
