arm,slice,class,metric,value,n_images,n_instances,reportable,timestamp
base_100,overall,all,mAP50-95,0.34383,8841,97193,True,2026-09-10T16:57:21.009005+00:00
base_100,overall,all,mAP50,0.54775,8841,97193,True,2026-09-10T16:57:21.009005+00:00
base_100,overall,all,mAP75,0.34743,8841,97193,True,2026-09-10T16:57:21.009005+00:00
base_100,overall,car,mAP50-95,0.47525,8841,91118,True,2026-09-10T16:57:21.009005+00:00
base_100,overall,car,mAP50,0.78792,8841,91118,True,2026-09-10T16:57:21.009005+00:00
base_100,overall,car,mAP75,0.46953,8841,91118,True,2026-09-10T16:57:21.009005+00:00
base_100,overall,truck,mAP50-95,0.4263,8841,3608,True,2026-09-10T16:57:21.009005+00:00
base_100,overall,truck,mAP50,0.58309,8841,3608,True,2026-09-10T16:57:21.009005+00:00
base_100,overall,truck,mAP75,0.47389,8841,3608,True,2026-09-10T16:57:21.009005+00:00
base_100,overall,bus,mAP50-95,0.41511,8841,1351,True,2026-09-10T16:57:21.009005+00:00
base_100,overall,bus,mAP50,0.5378,8841,1351,True,2026-09-10T16:57:21.009005+00:00
base_100,overall,bus,mAP75,0.46239,8841,1351,True,2026-09-10T16:57:21.009005+00:00
base_100,overall,motor,mAP50-95,0.18363,8841,377,False,2026-09-10T16:57:21.009005+00:00
base_100,overall,motor,mAP50,0.37564,8841,377,False,2026-09-10T16:57:21.009005+00:00
base_100,overall,motor,mAP75,0.15196,8841,377,False,2026-09-10T16:57:21.009005+00:00
base_100,overall,bike,mAP50-95,0.21888,8841,739,False,2026-09-10T16:57:21.009005+00:00
base_100,overall,bike,mAP50,0.45431,8841,739,False,2026-09-10T16:57:21.009005+00:00
base_100,overall,bike,mAP75,0.1794,8841,739,False,2026-09-10T16:57:21.009005+00:00
base_100,adverse,all,mAP50-95,0.33675,1519,15765,True,2026-09-10T16:57:21.009005+00:00
base_100,adverse,all,mAP50,0.5175,1519,15765,True,2026-09-10T16:57:21.009005+00:00
base_100,adverse,all,mAP75,0.35437,1519,15765,True,2026-09-10T16:57:21.009005+00:00
base_100,adverse,car,mAP50-95,0.48754,1519,14568,True,2026-09-10T16:57:21.009005+00:00
base_100,adverse,car,mAP50,0.79447,1519,14568,True,2026-09-10T16:57:21.009005+00:00
base_100,adverse,car,mAP75,0.49046,1519,14568,True,2026-09-10T16:57:21.009005+00:00
base_100,adverse,truck,mAP50-95,0.43158,1519,754,False,2026-09-10T16:57:21.009005+00:00
base_100,adverse,truck,mAP50,0.59794,1519,754,False,2026-09-10T16:57:21.009005+00:00
base_100,adverse,truck,mAP75,0.48468,1519,754,False,2026-09-10T16:57:21.009005+00:00
base_100,adverse,bus,mAP50-95,0.38828,1519,265,False,2026-09-10T16:57:21.009005+00:00
base_100,adverse,bus,mAP50,0.4969,1519,265,False,2026-09-10T16:57:21.009005+00:00
base_100,adverse,bus,mAP75,0.42891,1519,265,False,2026-09-10T16:57:21.009005+00:00
base_100,adverse,motor,mAP50-95,0.19407,1519,40,False,2026-09-10T16:57:21.009005+00:00
base_100,adverse,motor,mAP50,0.30442,1519,40,False,2026-09-10T16:57:21.009005+00:00
base_100,adverse,motor,mAP75,0.20613,1519,40,False,2026-09-10T16:57:21.009005+00:00
base_100,adverse,bike,mAP50-95,0.18228,1519,138,False,2026-09-10T16:57:21.009005+00:00
base_100,adverse,bike,mAP50,0.39378,1519,138,False,2026-09-10T16:57:21.009005+00:00
base_100,adverse,bike,mAP75,0.16168,1519,138,False,2026-09-10T16:57:21.009005+00:00
base_100,benign,all,mAP50-95,0.34623,7322,81428,True,2026-09-10T16:57:21.009005+00:00
base_100,benign,all,mAP50,0.55357,7322,81428,True,2026-09-10T16:57:21.009005+00:00
base_100,benign,all,mAP75,0.34786,7322,81428,True,2026-09-10T16:57:21.009005+00:00
base_100,benign,car,mAP50-95,0.47307,7322,76550,True,2026-09-10T16:57:21.009005+00:00
base_100,benign,car,mAP50,0.78703,7322,76550,True,2026-09-10T16:57:21.009005+00:00
base_100,benign,car,mAP75,0.46632,7322,76550,True,2026-09-10T16:57:21.009005+00:00
base_100,benign,truck,mAP50-95,0.42506,7322,2854,True,2026-09-10T16:57:21.009005+00:00
base_100,benign,truck,mAP50,0.57929,7322,2854,True,2026-09-10T16:57:21.009005+00:00
base_100,benign,truck,mAP75,0.47085,7322,2854,True,2026-09-10T16:57:21.009005+00:00
base_100,benign,bus,mAP50-95,0.42246,7322,1086,True,2026-09-10T16:57:21.009005+00:00
base_100,benign,bus,mAP50,0.54814,7322,1086,True,2026-09-10T16:57:21.009005+00:00
base_100,benign,bus,mAP75,0.47119,7322,1086,True,2026-09-10T16:57:21.009005+00:00
base_100,benign,motor,mAP50-95,0.1841,7322,337,False,2026-09-10T16:57:21.009005+00:00
base_100,benign,motor,mAP50,0.38548,7322,337,False,2026-09-10T16:57:21.009005+00:00
base_100,benign,motor,mAP75,0.14815,7322,337,False,2026-09-10T16:57:21.009005+00:00
base_100,benign,bike,mAP50-95,0.22648,7322,601,False,2026-09-10T16:57:21.009005+00:00
base_100,benign,bike,mAP50,0.46791,7322,601,False,2026-09-10T16:57:21.009005+00:00
base_100,benign,bike,mAP75,0.18279,7322,601,False,2026-09-10T16:57:21.009005+00:00
base_100,clear,all,mAP50-95,0.34428,5345,56667,True,2026-09-10T16:57:21.009005+00:00
base_100,clear,all,mAP50,0.55393,5345,56667,True,2026-09-10T16:57:21.009005+00:00
base_100,clear,all,mAP75,0.34691,5345,56667,True,2026-09-10T16:57:21.009005+00:00
base_100,clear,car,mAP50-95,0.45888,5345,53654,True,2026-09-10T16:57:21.009005+00:00
base_100,clear,car,mAP50,0.77882,5345,53654,True,2026-09-10T16:57:21.009005+00:00
base_100,clear,car,mAP75,0.44777,5345,53654,True,2026-09-10T16:57:21.009005+00:00
base_100,clear,truck,mAP50-95,0.41655,5345,1740,True,2026-09-10T16:57:21.009005+00:00
base_100,clear,truck,mAP50,0.56203,5345,1740,True,2026-09-10T16:57:21.009005+00:00
base_100,clear,truck,mAP75,0.46773,5345,1740,True,2026-09-10T16:57:21.009005+00:00
base_100,clear,bus,mAP50-95,0.42098,5345,682,False,2026-09-10T16:57:21.009005+00:00
base_100,clear,bus,mAP50,0.54273,5345,682,False,2026-09-10T16:57:21.009005+00:00
base_100,clear,bus,mAP75,0.48169,5345,682,False,2026-09-10T16:57:21.009005+00:00
base_100,clear,motor,mAP50-95,0.19472,5345,200,False,2026-09-10T16:57:21.009005+00:00
base_100,clear,motor,mAP50,0.41884,5345,200,False,2026-09-10T16:57:21.009005+00:00
base_100,clear,motor,mAP75,0.14403,5345,200,False,2026-09-10T16:57:21.009005+00:00
base_100,clear,bike,mAP50-95,0.23029,5345,391,False,2026-09-10T16:57:21.009005+00:00
base_100,clear,bike,mAP50,0.46726,5345,391,False,2026-09-10T16:57:21.009005+00:00
base_100,clear,bike,mAP75,0.19334,5345,391,False,2026-09-10T16:57:21.009005+00:00
base_100,dawndusk,all,mAP50-95,0.36457,714,8512,True,2026-09-10T16:57:21.009005+00:00
base_100,dawndusk,all,mAP50,0.5739,714,8512,True,2026-09-10T16:57:21.009005+00:00
base_100,dawndusk,all,mAP75,0.37275,714,8512,True,2026-09-10T16:57:21.009005+00:00
base_100,dawndusk,car,mAP50-95,0.49398,714,7964,True,2026-09-10T16:57:21.009005+00:00
base_100,dawndusk,car,mAP50,0.79259,714,7964,True,2026-09-10T16:57:21.009005+00:00
base_100,dawndusk,car,mAP75,0.50068,714,7964,True,2026-09-10T16:57:21.009005+00:00
base_100,dawndusk,truck,mAP50-95,0.45403,714,340,False,2026-09-10T16:57:21.009005+00:00
base_100,dawndusk,truck,mAP50,0.62714,714,340,False,2026-09-10T16:57:21.009005+00:00
base_100,dawndusk,truck,mAP75,0.51703,714,340,False,2026-09-10T16:57:21.009005+00:00
base_100,dawndusk,bus,mAP50-95,0.50701,714,127,False,2026-09-10T16:57:21.009005+00:00
base_100,dawndusk,bus,mAP50,0.641,714,127,False,2026-09-10T16:57:21.009005+00:00
base_100,dawndusk,bus,mAP75,0.56733,714,127,False,2026-09-10T16:57:21.009005+00:00
base_100,dawndusk,motor,mAP50-95,0.10906,714,22,False,2026-09-10T16:57:21.009005+00:00
base_100,dawndusk,motor,mAP50,0.2689,714,22,False,2026-09-10T16:57:21.009005+00:00
base_100,dawndusk,motor,mAP75,0.08275,714,22,False,2026-09-10T16:57:21.009005+00:00
base_100,dawndusk,bike,mAP50-95,0.25876,714,59,False,2026-09-10T16:57:21.009005+00:00
base_100,dawndusk,bike,mAP50,0.53986,714,59,False,2026-09-10T16:57:21.009005+00:00
base_100,dawndusk,bike,mAP75,0.19593,714,59,False,2026-09-10T16:57:21.009005+00:00
base_100,day,all,mAP50-95,0.34463,4264,51930,True,2026-09-10T16:57:21.009005+00:00
base_100,day,all,mAP50,0.54074,4264,51930,True,2026-09-10T16:57:21.009005+00:00
base_100,day,all,mAP75,0.3494,4264,51930,True,2026-09-10T16:57:21.009005+00:00
base_100,day,car,mAP50-95,0.50241,4264,47715,True,2026-09-10T16:57:21.009005+00:00
base_100,day,car,mAP50,0.80178,4264,47715,True,2026-09-10T16:57:21.009005+00:00
base_100,day,car,mAP75,0.50757,4264,47715,True,2026-09-10T16:57:21.009005+00:00
base_100,day,truck,mAP50-95,0.42867,4264,2532,True,2026-09-10T16:57:21.009005+00:00
base_100,day,truck,mAP50,0.58751,4264,2532,True,2026-09-10T16:57:21.009005+00:00
base_100,day,truck,mAP75,0.4713,4264,2532,True,2026-09-10T16:57:21.009005+00:00
base_100,day,bus,mAP50-95,0.40172,4264,927,True,2026-09-10T16:57:21.009005+00:00
base_100,day,bus,mAP50,0.52241,4264,927,True,2026-09-10T16:57:21.009005+00:00
base_100,day,bus,mAP75,0.44214,4264,927,True,2026-09-10T16:57:21.009005+00:00
base_100,day,motor,mAP50-95,0.19057,4264,262,False,2026-09-10T16:57:21.009005+00:00
base_100,day,motor,mAP50,0.37355,4264,262,False,2026-09-10T16:57:21.009005+00:00
base_100,day,motor,mAP75,0.16174,4264,262,False,2026-09-10T16:57:21.009005+00:00
base_100,day,bike,mAP50-95,0.19976,4264,494,False,2026-09-10T16:57:21.009005+00:00
base_100,day,bike,mAP50,0.41847,4264,494,False,2026-09-10T16:57:21.009005+00:00
base_100,day,bike,mAP75,0.16426,4264,494,False,2026-09-10T16:57:21.009005+00:00
base_100,day_adverse,all,mAP50-95,0.34023,823,9252,True,2026-09-10T16:57:21.009005+00:00
base_100,day_adverse,all,mAP50,0.52615,823,9252,True,2026-09-10T16:57:21.009005+00:00
base_100,day_adverse,all,mAP75,0.35173,823,9252,True,2026-09-10T16:57:21.009005+00:00
base_100,day_adverse,car,mAP50-95,0.50909,823,8401,True,2026-09-10T16:57:21.009005+00:00
base_100,day_adverse,car,mAP50,0.80948,823,8401,True,2026-09-10T16:57:21.009005+00:00
base_100,day_adverse,car,mAP75,0.51961,823,8401,True,2026-09-10T16:57:21.009005+00:00
base_100,day_adverse,truck,mAP50-95,0.43541,823,540,False,2026-09-10T16:57:21.009005+00:00
base_100,day_adverse,truck,mAP50,0.60693,823,540,False,2026-09-10T16:57:21.009005+00:00
base_100,day_adverse,truck,mAP75,0.48503,823,540,False,2026-09-10T16:57:21.009005+00:00
base_100,day_adverse,bus,mAP50-95,0.35705,823,194,False,2026-09-10T16:57:21.009005+00:00
base_100,day_adverse,bus,mAP50,0.46096,823,194,False,2026-09-10T16:57:21.009005+00:00
base_100,day_adverse,bus,mAP75,0.38412,823,194,False,2026-09-10T16:57:21.009005+00:00
base_100,day_adverse,motor,mAP50-95,0.22203,823,23,False,2026-09-10T16:57:21.009005+00:00
base_100,day_adverse,motor,mAP50,0.35494,823,23,False,2026-09-10T16:57:21.009005+00:00
base_100,day_adverse,motor,mAP75,0.22183,823,23,False,2026-09-10T16:57:21.009005+00:00
base_100,day_adverse,bike,mAP50-95,0.17758,823,94,False,2026-09-10T16:57:21.009005+00:00
base_100,day_adverse,bike,mAP50,0.39843,823,94,False,2026-09-10T16:57:21.009005+00:00
base_100,day_adverse,bike,mAP75,0.14804,823,94,False,2026-09-10T16:57:21.009005+00:00
base_100,day_clear,all,mAP50-95,0.3486,1764,21352,True,2026-09-10T16:57:21.009005+00:00
base_100,day_clear,all,mAP50,0.54073,1764,21352,True,2026-09-10T16:57:21.009005+00:00
base_100,day_clear,all,mAP75,0.35772,1764,21352,True,2026-09-10T16:57:21.009005+00:00
base_100,day_clear,car,mAP50-95,0.49628,1764,19633,True,2026-09-10T16:57:21.009005+00:00
base_100,day_clear,car,mAP50,0.79349,1764,19633,True,2026-09-10T16:57:21.009005+00:00
base_100,day_clear,car,mAP75,0.50067,1764,19633,True,2026-09-10T16:57:21.009005+00:00
base_100,day_clear,truck,mAP50-95,0.42337,1764,1021,True,2026-09-10T16:57:21.009005+00:00
base_100,day_clear,truck,mAP50,0.56899,1764,1021,True,2026-09-10T16:57:21.009005+00:00
base_100,day_clear,truck,mAP75,0.46783,1764,1021,True,2026-09-10T16:57:21.009005+00:00
base_100,day_clear,bus,mAP50-95,0.42108,1764,380,False,2026-09-10T16:57:21.009005+00:00
base_100,day_clear,bus,mAP50,0.53735,1764,380,False,2026-09-10T16:57:21.009005+00:00
base_100,day_clear,bus,mAP75,0.48205,1764,380,False,2026-09-10T16:57:21.009005+00:00
base_100,day_clear,motor,mAP50-95,0.21087,1764,111,False,2026-09-10T16:57:21.009005+00:00
base_100,day_clear,motor,mAP50,0.4241,1764,111,False,2026-09-10T16:57:21.009005+00:00
base_100,day_clear,motor,mAP75,0.1632,1764,111,False,2026-09-10T16:57:21.009005+00:00
base_100,day_clear,bike,mAP50-95,0.19141,1764,207,False,2026-09-10T16:57:21.009005+00:00
base_100,day_clear,bike,mAP50,0.37972,1764,207,False,2026-09-10T16:57:21.009005+00:00
base_100,day_clear,bike,mAP75,0.17487,1764,207,False,2026-09-10T16:57:21.009005+00:00
base_100,day_rainy,all,mAP50-95,0.3642,396,4356,True,2026-09-10T16:57:21.009005+00:00
base_100,day_rainy,all,mAP50,0.56309,396,4356,True,2026-09-10T16:57:21.009005+00:00
base_100,day_rainy,all,mAP75,0.38318,396,4356,True,2026-09-10T16:57:21.009005+00:00
base_100,day_rainy,car,mAP50-95,0.5156,396,3930,True,2026-09-10T16:57:21.009005+00:00
base_100,day_rainy,car,mAP50,0.82042,396,3930,True,2026-09-10T16:57:21.009005+00:00
base_100,day_rainy,car,mAP75,0.52504,396,3930,True,2026-09-10T16:57:21.009005+00:00
base_100,day_rainy,truck,mAP50-95,0.43299,396,272,False,2026-09-10T16:57:21.009005+00:00
base_100,day_rainy,truck,mAP50,0.60598,396,272,False,2026-09-10T16:57:21.009005+00:00
base_100,day_rainy,truck,mAP75,0.48067,396,272,False,2026-09-10T16:57:21.009005+00:00
base_100,day_rainy,bus,mAP50-95,0.36218,396,97,False,2026-09-10T16:57:21.009005+00:00
base_100,day_rainy,bus,mAP50,0.46786,396,97,False,2026-09-10T16:57:21.009005+00:00
base_100,day_rainy,bus,mAP75,0.38922,396,97,False,2026-09-10T16:57:21.009005+00:00
base_100,day_rainy,motor,mAP50-95,0.30244,396,16,False,2026-09-10T16:57:21.009005+00:00
base_100,day_rainy,motor,mAP50,0.45869,396,16,False,2026-09-10T16:57:21.009005+00:00
base_100,day_rainy,motor,mAP75,0.33303,396,16,False,2026-09-10T16:57:21.009005+00:00
base_100,day_rainy,bike,mAP50-95,0.20777,396,41,False,2026-09-10T16:57:21.009005+00:00
base_100,day_rainy,bike,mAP50,0.46249,396,41,False,2026-09-10T16:57:21.009005+00:00
base_100,day_rainy,bike,mAP75,0.18792,396,41,False,2026-09-10T16:57:21.009005+00:00
base_100,day_snowy,all,mAP50-95,0.30285,422,4842,True,2026-09-10T16:57:21.009005+00:00
base_100,day_snowy,all,mAP50,0.47357,422,4842,True,2026-09-10T16:57:21.009005+00:00
base_100,day_snowy,all,mAP75,0.3041,422,4842,True,2026-09-10T16:57:21.009005+00:00
base_100,day_snowy,car,mAP50-95,0.50377,422,4421,True,2026-09-10T16:57:21.009005+00:00
base_100,day_snowy,car,mAP50,0.80123,422,4421,True,2026-09-10T16:57:21.009005+00:00
base_100,day_snowy,car,mAP75,0.51381,422,4421,True,2026-09-10T16:57:21.009005+00:00
base_100,day_snowy,truck,mAP50-95,0.44226,422,264,False,2026-09-10T16:57:21.009005+00:00
base_100,day_snowy,truck,mAP50,0.61581,422,264,False,2026-09-10T16:57:21.009005+00:00
base_100,day_snowy,truck,mAP75,0.49452,422,264,False,2026-09-10T16:57:21.009005+00:00
base_100,day_snowy,bus,mAP50-95,0.35465,422,97,False,2026-09-10T16:57:21.009005+00:00
base_100,day_snowy,bus,mAP50,0.45309,422,97,False,2026-09-10T16:57:21.009005+00:00
base_100,day_snowy,bus,mAP75,0.38419,422,97,False,2026-09-10T16:57:21.009005+00:00
base_100,day_snowy,motor,mAP50-95,0.05941,422,7,False,2026-09-10T16:57:21.009005+00:00
base_100,day_snowy,motor,mAP50,0.14851,422,7,False,2026-09-10T16:57:21.009005+00:00
base_100,day_snowy,motor,mAP75,0.0,422,7,False,2026-09-10T16:57:21.009005+00:00
base_100,day_snowy,bike,mAP50-95,0.15417,422,53,False,2026-09-10T16:57:21.009005+00:00
base_100,day_snowy,bike,mAP50,0.34919,422,53,False,2026-09-10T16:57:21.009005+00:00
base_100,day_snowy,bike,mAP75,0.12797,422,53,False,2026-09-10T16:57:21.009005+00:00
base_100,foggy,all,mAP50-95,0.27822,13,144,False,2026-09-10T16:57:21.009005+00:00
base_100,foggy,all,mAP50,0.6461,13,144,False,2026-09-10T16:57:21.009005+00:00
base_100,foggy,all,mAP75,0.2242,13,144,False,2026-09-10T16:57:21.009005+00:00
base_100,foggy,car,mAP50-95,0.44752,13,138,False,2026-09-10T16:57:21.009005+00:00
base_100,foggy,car,mAP50,0.73038,13,138,False,2026-09-10T16:57:21.009005+00:00
base_100,foggy,car,mAP75,0.46469,13,138,False,2026-09-10T16:57:21.009005+00:00
base_100,foggy,truck,mAP50-95,0.18713,13,5,False,2026-09-10T16:57:21.009005+00:00
base_100,foggy,truck,mAP50,0.20792,13,5,False,2026-09-10T16:57:21.009005+00:00
base_100,foggy,truck,mAP75,0.20792,13,5,False,2026-09-10T16:57:21.009005+00:00
base_100,foggy,bus,mAP50-95,,13,0,False,2026-09-10T16:57:21.009005+00:00
base_100,foggy,bus,mAP50,,13,0,False,2026-09-10T16:57:21.009005+00:00
base_100,foggy,bus,mAP75,,13,0,False,2026-09-10T16:57:21.009005+00:00
base_100,foggy,motor,mAP50-95,0.2,13,1,False,2026-09-10T16:57:21.009005+00:00
base_100,foggy,motor,mAP50,1.0,13,1,False,2026-09-10T16:57:21.009005+00:00
base_100,foggy,motor,mAP75,0.0,13,1,False,2026-09-10T16:57:21.009005+00:00
base_100,foggy,bike,mAP50-95,,13,0,False,2026-09-10T16:57:21.009005+00:00
base_100,foggy,bike,mAP50,,13,0,False,2026-09-10T16:57:21.009005+00:00
base_100,foggy,bike,mAP75,,13,0,False,2026-09-10T16:57:21.009005+00:00
base_100,night,all,mAP50-95,0.34317,3863,36751,True,2026-09-10T16:57:21.009005+00:00
base_100,night,all,mAP50,0.56255,3863,36751,True,2026-09-10T16:57:21.009005+00:00
base_100,night,all,mAP75,0.34598,3863,36751,True,2026-09-10T16:57:21.009005+00:00
base_100,night,car,mAP50-95,0.4331,3863,35439,True,2026-09-10T16:57:21.009005+00:00
base_100,night,car,mAP50,0.76705,3863,35439,True,2026-09-10T16:57:21.009005+00:00
base_100,night,car,mAP75,0.41051,3863,35439,True,2026-09-10T16:57:21.009005+00:00
base_100,night,truck,mAP50-95,0.40902,3863,736,False,2026-09-10T16:57:21.009005+00:00
base_100,night,truck,mAP50,0.55295,3863,736,False,2026-09-10T16:57:21.009005+00:00
base_100,night,truck,mAP75,0.46724,3863,736,False,2026-09-10T16:57:21.009005+00:00
base_100,night,bus,mAP50-95,0.42128,3863,297,False,2026-09-10T16:57:21.009005+00:00
base_100,night,bus,mAP50,0.54484,3863,297,False,2026-09-10T16:57:21.009005+00:00
base_100,night,bus,mAP75,0.48224,3863,297,False,2026-09-10T16:57:21.009005+00:00
base_100,night,motor,mAP50-95,0.18916,3863,93,False,2026-09-10T16:57:21.009005+00:00
base_100,night,motor,mAP50,0.41824,3863,93,False,2026-09-10T16:57:21.009005+00:00
base_100,night,motor,mAP75,0.14858,3863,93,False,2026-09-10T16:57:21.009005+00:00
base_100,night,bike,mAP50-95,0.26329,3863,186,False,2026-09-10T16:57:21.009005+00:00
base_100,night,bike,mAP50,0.52967,3863,186,False,2026-09-10T16:57:21.009005+00:00
base_100,night,bike,mAP75,0.22135,3863,186,False,2026-09-10T16:57:21.009005+00:00
base_100,night_adverse,all,mAP50-95,0.36742,566,4986,True,2026-09-10T16:57:21.009005+00:00
base_100,night_adverse,all,mAP50,0.54226,566,4986,True,2026-09-10T16:57:21.009005+00:00
base_100,night_adverse,all,mAP75,0.39808,566,4986,True,2026-09-10T16:57:21.009005+00:00
base_100,night_adverse,car,mAP50-95,0.44596,566,4743,True,2026-09-10T16:57:21.009005+00:00
base_100,night_adverse,car,mAP50,0.76663,566,4743,True,2026-09-10T16:57:21.009005+00:00
base_100,night_adverse,car,mAP75,0.43672,566,4743,True,2026-09-10T16:57:21.009005+00:00
base_100,night_adverse,truck,mAP50-95,0.39115,566,156,False,2026-09-10T16:57:21.009005+00:00
base_100,night_adverse,truck,mAP50,0.54201,566,156,False,2026-09-10T16:57:21.009005+00:00
base_100,night_adverse,truck,mAP75,0.4425,566,156,False,2026-09-10T16:57:21.009005+00:00
base_100,night_adverse,bus,mAP50-95,0.54185,566,41,False,2026-09-10T16:57:21.009005+00:00
base_100,night_adverse,bus,mAP50,0.68764,566,41,False,2026-09-10T16:57:21.009005+00:00
base_100,night_adverse,bus,mAP75,0.62603,566,41,False,2026-09-10T16:57:21.009005+00:00
base_100,night_adverse,motor,mAP50-95,0.25193,566,12,False,2026-09-10T16:57:21.009005+00:00
base_100,night_adverse,motor,mAP50,0.30206,566,12,False,2026-09-10T16:57:21.009005+00:00
base_100,night_adverse,motor,mAP75,0.30206,566,12,False,2026-09-10T16:57:21.009005+00:00
base_100,night_adverse,bike,mAP50-95,0.20621,566,34,False,2026-09-10T16:57:21.009005+00:00
base_100,night_adverse,bike,mAP50,0.41297,566,34,False,2026-09-10T16:57:21.009005+00:00
base_100,night_adverse,bike,mAP75,0.1831,566,34,False,2026-09-10T16:57:21.009005+00:00
base_100,night_clear,all,mAP50-95,0.34004,3274,31550,True,2026-09-10T16:57:21.009005+00:00
base_100,night_clear,all,mAP50,0.56546,3274,31550,True,2026-09-10T16:57:21.009005+00:00
base_100,night_clear,all,mAP75,0.33804,3274,31550,True,2026-09-10T16:57:21.009005+00:00
base_100,night_clear,car,mAP50-95,0.4304,3274,30489,True,2026-09-10T16:57:21.009005+00:00
base_100,night_clear,car,mAP50,0.76563,3274,30489,True,2026-09-10T16:57:21.009005+00:00
base_100,night_clear,car,mAP75,0.40626,3274,30489,True,2026-09-10T16:57:21.009005+00:00
base_100,night_clear,truck,mAP50-95,0.41161,3274,577,False,2026-09-10T16:57:21.009005+00:00
base_100,night_clear,truck,mAP50,0.55515,3274,577,False,2026-09-10T16:57:21.009005+00:00
base_100,night_clear,truck,mAP75,0.47067,3274,577,False,2026-09-10T16:57:21.009005+00:00
base_100,night_clear,bus,mAP50-95,0.39602,3274,251,False,2026-09-10T16:57:21.009005+00:00
base_100,night_clear,bus,mAP50,0.51548,3274,251,False,2026-09-10T16:57:21.009005+00:00
base_100,night_clear,bus,mAP75,0.45158,3274,251,False,2026-09-10T16:57:21.009005+00:00
base_100,night_clear,motor,mAP50-95,0.18557,3274,81,False,2026-09-10T16:57:21.009005+00:00
base_100,night_clear,motor,mAP50,0.43535,3274,81,False,2026-09-10T16:57:21.009005+00:00
base_100,night_clear,motor,mAP75,0.13263,3274,81,False,2026-09-10T16:57:21.009005+00:00
base_100,night_clear,bike,mAP50-95,0.27661,3274,152,False,2026-09-10T16:57:21.009005+00:00
base_100,night_clear,bike,mAP50,0.55568,3274,152,False,2026-09-10T16:57:21.009005+00:00
base_100,night_clear,bike,mAP75,0.22905,3274,152,False,2026-09-10T16:57:21.009005+00:00
base_100,night_rainy,all,mAP50-95,0.41754,286,2535,True,2026-09-10T16:57:21.009005+00:00
base_100,night_rainy,all,mAP50,0.59713,286,2535,True,2026-09-10T16:57:21.009005+00:00
base_100,night_rainy,all,mAP75,0.46287,286,2535,True,2026-09-10T16:57:21.009005+00:00
base_100,night_rainy,car,mAP50-95,0.43899,286,2416,True,2026-09-10T16:57:21.009005+00:00
base_100,night_rainy,car,mAP50,0.7506,286,2416,True,2026-09-10T16:57:21.009005+00:00
base_100,night_rainy,car,mAP75,0.43238,286,2416,True,2026-09-10T16:57:21.009005+00:00
base_100,night_rainy,truck,mAP50-95,0.48167,286,72,False,2026-09-10T16:57:21.009005+00:00
base_100,night_rainy,truck,mAP50,0.65818,286,72,False,2026-09-10T16:57:21.009005+00:00
base_100,night_rainy,truck,mAP75,0.56819,286,72,False,2026-09-10T16:57:21.009005+00:00
base_100,night_rainy,bus,mAP50-95,0.61257,286,22,False,2026-09-10T16:57:21.009005+00:00
base_100,night_rainy,bus,mAP50,0.78314,286,22,False,2026-09-10T16:57:21.009005+00:00
base_100,night_rainy,bus,mAP75,0.67681,286,22,False,2026-09-10T16:57:21.009005+00:00
base_100,night_rainy,motor,mAP50-95,0.23317,286,10,False,2026-09-10T16:57:21.009005+00:00
base_100,night_rainy,motor,mAP50,0.28713,286,10,False,2026-09-10T16:57:21.009005+00:00
base_100,night_rainy,motor,mAP75,0.28713,286,10,False,2026-09-10T16:57:21.009005+00:00
base_100,night_rainy,bike,mAP50-95,0.32127,286,15,False,2026-09-10T16:57:21.009005+00:00
base_100,night_rainy,bike,mAP50,0.5066,286,15,False,2026-09-10T16:57:21.009005+00:00
base_100,night_rainy,bike,mAP75,0.34983,286,15,False,2026-09-10T16:57:21.009005+00:00
base_100,night_snowy,all,mAP50-95,0.35919,273,2374,True,2026-09-10T16:57:21.009005+00:00
base_100,night_snowy,all,mAP50,0.53014,273,2374,True,2026-09-10T16:57:21.009005+00:00
base_100,night_snowy,all,mAP75,0.37832,273,2374,True,2026-09-10T16:57:21.009005+00:00
base_100,night_snowy,car,mAP50-95,0.45591,273,2251,True,2026-09-10T16:57:21.009005+00:00
base_100,night_snowy,car,mAP50,0.79001,273,2251,True,2026-09-10T16:57:21.009005+00:00
base_100,night_snowy,car,mAP75,0.44256,273,2251,True,2026-09-10T16:57:21.009005+00:00
base_100,night_snowy,truck,mAP50-95,0.31594,273,83,False,2026-09-10T16:57:21.009005+00:00
base_100,night_snowy,truck,mAP50,0.44409,273,83,False,2026-09-10T16:57:21.009005+00:00
base_100,night_snowy,truck,mAP75,0.33546,273,83,False,2026-09-10T16:57:21.009005+00:00
base_100,night_snowy,bus,mAP50-95,0.45072,273,19,False,2026-09-10T16:57:21.009005+00:00
base_100,night_snowy,bus,mAP50,0.55841,273,19,False,2026-09-10T16:57:21.009005+00:00
base_100,night_snowy,bus,mAP75,0.55841,273,19,False,2026-09-10T16:57:21.009005+00:00
base_100,night_snowy,motor,mAP50-95,0.45446,273,2,False,2026-09-10T16:57:21.009005+00:00
base_100,night_snowy,motor,mAP50,0.50495,273,2,False,2026-09-10T16:57:21.009005+00:00
base_100,night_snowy,motor,mAP75,0.50495,273,2,False,2026-09-10T16:57:21.009005+00:00
base_100,night_snowy,bike,mAP50-95,0.11891,273,19,False,2026-09-10T16:57:21.009005+00:00
base_100,night_snowy,bike,mAP50,0.35322,273,19,False,2026-09-10T16:57:21.009005+00:00
base_100,night_snowy,bike,mAP75,0.05025,273,19,False,2026-09-10T16:57:21.009005+00:00
base_100,overcast,all,mAP50-95,0.35073,1239,15505,True,2026-09-10T16:57:21.009005+00:00
base_100,overcast,all,mAP50,0.56194,1239,15505,True,2026-09-10T16:57:21.009005+00:00
base_100,overcast,all,mAP75,0.3463,1239,15505,True,2026-09-10T16:57:21.009005+00:00
base_100,overcast,car,mAP50-95,0.51197,1239,14370,True,2026-09-10T16:57:21.009005+00:00
base_100,overcast,car,mAP50,0.81383,1239,14370,True,2026-09-10T16:57:21.009005+00:00
base_100,overcast,car,mAP75,0.517,1239,14370,True,2026-09-10T16:57:21.009005+00:00
base_100,overcast,truck,mAP50-95,0.43845,1239,660,False,2026-09-10T16:57:21.009005+00:00
base_100,overcast,truck,mAP50,0.613,1239,660,False,2026-09-10T16:57:21.009005+00:00
base_100,overcast,truck,mAP75,0.48259,1239,660,False,2026-09-10T16:57:21.009005+00:00
base_100,overcast,bus,mAP50-95,0.41185,1239,262,False,2026-09-10T16:57:21.009005+00:00
base_100,overcast,bus,mAP50,0.54155,1239,262,False,2026-09-10T16:57:21.009005+00:00
base_100,overcast,bus,mAP75,0.44194,1239,262,False,2026-09-10T16:57:21.009005+00:00
base_100,overcast,motor,mAP50-95,0.14407,1239,72,False,2026-09-10T16:57:21.009005+00:00
base_100,overcast,motor,mAP50,0.31447,1239,72,False,2026-09-10T16:57:21.009005+00:00
base_100,overcast,motor,mAP75,0.11095,1239,72,False,2026-09-10T16:57:21.009005+00:00
base_100,overcast,bike,mAP50-95,0.2473,1239,141,False,2026-09-10T16:57:21.009005+00:00
base_100,overcast,bike,mAP50,0.52685,1239,141,False,2026-09-10T16:57:21.009005+00:00
base_100,overcast,bike,mAP75,0.17903,1239,141,False,2026-09-10T16:57:21.009005+00:00
base_100,partlycloudy,all,mAP50-95,0.3597,738,9256,True,2026-09-10T16:57:21.009005+00:00
base_100,partlycloudy,all,mAP50,0.54793,738,9256,True,2026-09-10T16:57:21.009005+00:00
base_100,partlycloudy,all,mAP75,0.3678,738,9256,True,2026-09-10T16:57:21.009005+00:00
base_100,partlycloudy,car,mAP50-95,0.49404,738,8526,True,2026-09-10T16:57:21.009005+00:00
base_100,partlycloudy,car,mAP50,0.79174,738,8526,True,2026-09-10T16:57:21.009005+00:00
base_100,partlycloudy,car,mAP75,0.49791,738,8526,True,2026-09-10T16:57:21.009005+00:00
base_100,partlycloudy,truck,mAP50-95,0.44385,738,454,False,2026-09-10T16:57:21.009005+00:00
base_100,partlycloudy,truck,mAP50,0.60369,738,454,False,2026-09-10T16:57:21.009005+00:00
base_100,partlycloudy,truck,mAP75,0.47192,738,454,False,2026-09-10T16:57:21.009005+00:00
base_100,partlycloudy,bus,mAP50-95,0.45287,738,142,False,2026-09-10T16:57:21.009005+00:00
base_100,partlycloudy,bus,mAP50,0.59398,738,142,False,2026-09-10T16:57:21.009005+00:00
base_100,partlycloudy,bus,mAP75,0.47968,738,142,False,2026-09-10T16:57:21.009005+00:00
base_100,partlycloudy,motor,mAP50-95,0.22009,738,65,False,2026-09-10T16:57:21.009005+00:00
base_100,partlycloudy,motor,mAP50,0.37757,738,65,False,2026-09-10T16:57:21.009005+00:00
base_100,partlycloudy,motor,mAP75,0.22396,738,65,False,2026-09-10T16:57:21.009005+00:00
base_100,partlycloudy,bike,mAP50-95,0.18765,738,69,False,2026-09-10T16:57:21.009005+00:00
base_100,partlycloudy,bike,mAP50,0.37268,738,69,False,2026-09-10T16:57:21.009005+00:00
base_100,partlycloudy,bike,mAP75,0.16555,738,69,False,2026-09-10T16:57:21.009005+00:00
base_100,rainy,all,mAP50-95,0.36336,737,7541,True,2026-09-10T16:57:21.009005+00:00
base_100,rainy,all,mAP50,0.55034,737,7541,True,2026-09-10T16:57:21.009005+00:00
base_100,rainy,all,mAP75,0.38705,737,7541,True,2026-09-10T16:57:21.009005+00:00
base_100,rainy,car,mAP50-95,0.48721,737,6944,True,2026-09-10T16:57:21.009005+00:00
base_100,rainy,car,mAP50,0.79385,737,6944,True,2026-09-10T16:57:21.009005+00:00
base_100,rainy,car,mAP75,0.48948,737,6944,True,2026-09-10T16:57:21.009005+00:00
base_100,rainy,truck,mAP50-95,0.44611,737,378,False,2026-09-10T16:57:21.009005+00:00
base_100,rainy,truck,mAP50,0.6224,737,378,False,2026-09-10T16:57:21.009005+00:00
base_100,rainy,truck,mAP75,0.50053,737,378,False,2026-09-10T16:57:21.009005+00:00
base_100,rainy,bus,mAP50-95,0.41188,737,132,False,2026-09-10T16:57:21.009005+00:00
base_100,rainy,bus,mAP50,0.52862,737,132,False,2026-09-10T16:57:21.009005+00:00
base_100,rainy,bus,mAP75,0.44665,737,132,False,2026-09-10T16:57:21.009005+00:00
base_100,rainy,motor,mAP50-95,0.21968,737,30,False,2026-09-10T16:57:21.009005+00:00
base_100,rainy,motor,mAP50,0.31781,737,30,False,2026-09-10T16:57:21.009005+00:00
base_100,rainy,motor,mAP75,0.25472,737,30,False,2026-09-10T16:57:21.009005+00:00
base_100,rainy,bike,mAP50-95,0.25193,737,57,False,2026-09-10T16:57:21.009005+00:00
base_100,rainy,bike,mAP50,0.48904,737,57,False,2026-09-10T16:57:21.009005+00:00
base_100,rainy,bike,mAP75,0.24386,737,57,False,2026-09-10T16:57:21.009005+00:00
base_100,snowy,all,mAP50-95,0.31344,769,8080,True,2026-09-10T16:57:21.009005+00:00
base_100,snowy,all,mAP50,0.48125,769,8080,True,2026-09-10T16:57:21.009005+00:00
base_100,snowy,all,mAP75,0.32193,769,8080,True,2026-09-10T16:57:21.009005+00:00
base_100,snowy,car,mAP50-95,0.48912,769,7486,True,2026-09-10T16:57:21.009005+00:00
base_100,snowy,car,mAP50,0.79754,769,7486,True,2026-09-10T16:57:21.009005+00:00
base_100,snowy,car,mAP75,0.49212,769,7486,True,2026-09-10T16:57:21.009005+00:00
base_100,snowy,truck,mAP50-95,0.4209,769,371,False,2026-09-10T16:57:21.009005+00:00
base_100,snowy,truck,mAP50,0.58118,769,371,False,2026-09-10T16:57:21.009005+00:00
base_100,snowy,truck,mAP75,0.47214,769,371,False,2026-09-10T16:57:21.009005+00:00
base_100,snowy,bus,mAP50-95,0.36745,769,133,False,2026-09-10T16:57:21.009005+00:00
base_100,snowy,bus,mAP50,0.46862,769,133,False,2026-09-10T16:57:21.009005+00:00
base_100,snowy,bus,mAP75,0.41317,769,133,False,2026-09-10T16:57:21.009005+00:00
base_100,snowy,motor,mAP50-95,0.1505,769,9,False,2026-09-10T16:57:21.009005+00:00
base_100,snowy,motor,mAP50,0.22772,769,9,False,2026-09-10T16:57:21.009005+00:00
base_100,snowy,motor,mAP75,0.11881,769,9,False,2026-09-10T16:57:21.009005+00:00
base_100,snowy,bike,mAP50-95,0.13923,769,81,False,2026-09-10T16:57:21.009005+00:00
base_100,snowy,bike,mAP50,0.33119,769,81,False,2026-09-10T16:57:21.009005+00:00
base_100,snowy,bike,mAP75,0.11343,769,81,False,2026-09-10T16:57:21.009005+00:00
t1_best,overall,all,mAP50-95,0.33653,8841,97193,True,2026-09-10T16:57:21.009005+00:00
t1_best,overall,all,mAP50,0.54116,8841,97193,True,2026-09-10T16:57:21.009005+00:00
t1_best,overall,all,mAP75,0.33643,8841,97193,True,2026-09-10T16:57:21.009005+00:00
t1_best,overall,car,mAP50-95,0.47442,8841,91118,True,2026-09-10T16:57:21.009005+00:00
t1_best,overall,car,mAP50,0.78738,8841,91118,True,2026-09-10T16:57:21.009005+00:00
t1_best,overall,car,mAP75,0.46861,8841,91118,True,2026-09-10T16:57:21.009005+00:00
t1_best,overall,truck,mAP50-95,0.41748,8841,3608,True,2026-09-10T16:57:21.009005+00:00
t1_best,overall,truck,mAP50,0.57491,8841,3608,True,2026-09-10T16:57:21.009005+00:00
t1_best,overall,truck,mAP75,0.45697,8841,3608,True,2026-09-10T16:57:21.009005+00:00
t1_best,overall,bus,mAP50-95,0.40247,8841,1351,True,2026-09-10T16:57:21.009005+00:00
t1_best,overall,bus,mAP50,0.52604,8841,1351,True,2026-09-10T16:57:21.009005+00:00
t1_best,overall,bus,mAP75,0.44726,8841,1351,True,2026-09-10T16:57:21.009005+00:00
t1_best,overall,motor,mAP50-95,0.18272,8841,377,False,2026-09-10T16:57:21.009005+00:00
t1_best,overall,motor,mAP50,0.38693,8841,377,False,2026-09-10T16:57:21.009005+00:00
t1_best,overall,motor,mAP75,0.13997,8841,377,False,2026-09-10T16:57:21.009005+00:00
t1_best,overall,bike,mAP50-95,0.20557,8841,739,False,2026-09-10T16:57:21.009005+00:00
t1_best,overall,bike,mAP50,0.43053,8841,739,False,2026-09-10T16:57:21.009005+00:00
t1_best,overall,bike,mAP75,0.16932,8841,739,False,2026-09-10T16:57:21.009005+00:00
t1_best,adverse,all,mAP50-95,0.32522,1519,15765,True,2026-09-10T16:57:21.009005+00:00
t1_best,adverse,all,mAP50,0.50909,1519,15765,True,2026-09-10T16:57:21.009005+00:00
t1_best,adverse,all,mAP75,0.34182,1519,15765,True,2026-09-10T16:57:21.009005+00:00
t1_best,adverse,car,mAP50-95,0.48691,1519,14568,True,2026-09-10T16:57:21.009005+00:00
t1_best,adverse,car,mAP50,0.79382,1519,14568,True,2026-09-10T16:57:21.009005+00:00
t1_best,adverse,car,mAP75,0.48753,1519,14568,True,2026-09-10T16:57:21.009005+00:00
t1_best,adverse,truck,mAP50-95,0.42273,1519,754,False,2026-09-10T16:57:21.009005+00:00
t1_best,adverse,truck,mAP50,0.5927,1519,754,False,2026-09-10T16:57:21.009005+00:00
t1_best,adverse,truck,mAP75,0.47771,1519,754,False,2026-09-10T16:57:21.009005+00:00
t1_best,adverse,bus,mAP50-95,0.37856,1519,265,False,2026-09-10T16:57:21.009005+00:00
t1_best,adverse,bus,mAP50,0.48968,1519,265,False,2026-09-10T16:57:21.009005+00:00
t1_best,adverse,bus,mAP75,0.42151,1519,265,False,2026-09-10T16:57:21.009005+00:00
t1_best,adverse,motor,mAP50-95,0.15408,1519,40,False,2026-09-10T16:57:21.009005+00:00
t1_best,adverse,motor,mAP50,0.2906,1519,40,False,2026-09-10T16:57:21.009005+00:00
t1_best,adverse,motor,mAP75,0.16276,1519,40,False,2026-09-10T16:57:21.009005+00:00
t1_best,adverse,bike,mAP50-95,0.18379,1519,138,False,2026-09-10T16:57:21.009005+00:00
t1_best,adverse,bike,mAP50,0.37864,1519,138,False,2026-09-10T16:57:21.009005+00:00
t1_best,adverse,bike,mAP75,0.15959,1519,138,False,2026-09-10T16:57:21.009005+00:00
t1_best,benign,all,mAP50-95,0.33893,7322,81428,True,2026-09-10T16:57:21.009005+00:00
t1_best,benign,all,mAP50,0.54617,7322,81428,True,2026-09-10T16:57:21.009005+00:00
t1_best,benign,all,mAP75,0.33664,7322,81428,True,2026-09-10T16:57:21.009005+00:00
t1_best,benign,car,mAP50-95,0.47209,7322,76550,True,2026-09-10T16:57:21.009005+00:00
t1_best,benign,car,mAP50,0.78651,7322,76550,True,2026-09-10T16:57:21.009005+00:00
t1_best,benign,car,mAP75,0.46557,7322,76550,True,2026-09-10T16:57:21.009005+00:00
t1_best,benign,truck,mAP50-95,0.41636,7322,2854,True,2026-09-10T16:57:21.009005+00:00
t1_best,benign,truck,mAP50,0.57111,7322,2854,True,2026-09-10T16:57:21.009005+00:00
t1_best,benign,truck,mAP75,0.45202,7322,2854,True,2026-09-10T16:57:21.009005+00:00
t1_best,benign,bus,mAP50-95,0.40888,7322,1086,True,2026-09-10T16:57:21.009005+00:00
t1_best,benign,bus,mAP50,0.53328,7322,1086,True,2026-09-10T16:57:21.009005+00:00
t1_best,benign,bus,mAP75,0.45413,7322,1086,True,2026-09-10T16:57:21.009005+00:00
t1_best,benign,motor,mAP50-95,0.18677,7322,337,False,2026-09-10T16:57:21.009005+00:00
t1_best,benign,motor,mAP50,0.39783,7322,337,False,2026-09-10T16:57:21.009005+00:00
t1_best,benign,motor,mAP75,0.13965,7322,337,False,2026-09-10T16:57:21.009005+00:00
t1_best,benign,bike,mAP50-95,0.21058,7322,601,False,2026-09-10T16:57:21.009005+00:00
t1_best,benign,bike,mAP50,0.44211,7322,601,False,2026-09-10T16:57:21.009005+00:00
t1_best,benign,bike,mAP75,0.17183,7322,601,False,2026-09-10T16:57:21.009005+00:00
t1_best,clear,all,mAP50-95,0.33539,5345,56667,True,2026-09-10T16:57:21.009005+00:00
t1_best,clear,all,mAP50,0.5444,5345,56667,True,2026-09-10T16:57:21.009005+00:00
t1_best,clear,all,mAP75,0.33109,5345,56667,True,2026-09-10T16:57:21.009005+00:00
t1_best,clear,car,mAP50-95,0.45874,5345,53654,True,2026-09-10T16:57:21.009005+00:00
t1_best,clear,car,mAP50,0.77989,5345,53654,True,2026-09-10T16:57:21.009005+00:00
t1_best,clear,car,mAP75,0.44678,5345,53654,True,2026-09-10T16:57:21.009005+00:00
t1_best,clear,truck,mAP50-95,0.40392,5345,1740,True,2026-09-10T16:57:21.009005+00:00
t1_best,clear,truck,mAP50,0.55222,5345,1740,True,2026-09-10T16:57:21.009005+00:00
t1_best,clear,truck,mAP75,0.44475,5345,1740,True,2026-09-10T16:57:21.009005+00:00
t1_best,clear,bus,mAP50-95,0.40683,5345,682,False,2026-09-10T16:57:21.009005+00:00
t1_best,clear,bus,mAP50,0.5295,5345,682,False,2026-09-10T16:57:21.009005+00:00
t1_best,clear,bus,mAP75,0.45645,5345,682,False,2026-09-10T16:57:21.009005+00:00
t1_best,clear,motor,mAP50-95,0.19243,5345,200,False,2026-09-10T16:57:21.009005+00:00
t1_best,clear,motor,mAP50,0.42451,5345,200,False,2026-09-10T16:57:21.009005+00:00
t1_best,clear,motor,mAP75,0.12563,5345,200,False,2026-09-10T16:57:21.009005+00:00
t1_best,clear,bike,mAP50-95,0.21506,5345,391,False,2026-09-10T16:57:21.009005+00:00
t1_best,clear,bike,mAP50,0.43588,5345,391,False,2026-09-10T16:57:21.009005+00:00
t1_best,clear,bike,mAP75,0.18186,5345,391,False,2026-09-10T16:57:21.009005+00:00
t1_best,dawndusk,all,mAP50-95,0.36088,714,8512,True,2026-09-10T16:57:21.009005+00:00
t1_best,dawndusk,all,mAP50,0.57445,714,8512,True,2026-09-10T16:57:21.009005+00:00
t1_best,dawndusk,all,mAP75,0.36061,714,8512,True,2026-09-10T16:57:21.009005+00:00
t1_best,dawndusk,car,mAP50-95,0.49238,714,7964,True,2026-09-10T16:57:21.009005+00:00
t1_best,dawndusk,car,mAP50,0.78972,714,7964,True,2026-09-10T16:57:21.009005+00:00
t1_best,dawndusk,car,mAP75,0.50015,714,7964,True,2026-09-10T16:57:21.009005+00:00
t1_best,dawndusk,truck,mAP50-95,0.44346,714,340,False,2026-09-10T16:57:21.009005+00:00
t1_best,dawndusk,truck,mAP50,0.59963,714,340,False,2026-09-10T16:57:21.009005+00:00
t1_best,dawndusk,truck,mAP75,0.49457,714,340,False,2026-09-10T16:57:21.009005+00:00
t1_best,dawndusk,bus,mAP50-95,0.49269,714,127,False,2026-09-10T16:57:21.009005+00:00
t1_best,dawndusk,bus,mAP50,0.64464,714,127,False,2026-09-10T16:57:21.009005+00:00
t1_best,dawndusk,bus,mAP75,0.5628,714,127,False,2026-09-10T16:57:21.009005+00:00
t1_best,dawndusk,motor,mAP50-95,0.11773,714,22,False,2026-09-10T16:57:21.009005+00:00
t1_best,dawndusk,motor,mAP50,0.28206,714,22,False,2026-09-10T16:57:21.009005+00:00
t1_best,dawndusk,motor,mAP75,0.07426,714,22,False,2026-09-10T16:57:21.009005+00:00
t1_best,dawndusk,bike,mAP50-95,0.25817,714,59,False,2026-09-10T16:57:21.009005+00:00
t1_best,dawndusk,bike,mAP50,0.55619,714,59,False,2026-09-10T16:57:21.009005+00:00
t1_best,dawndusk,bike,mAP75,0.17127,714,59,False,2026-09-10T16:57:21.009005+00:00
t1_best,day,all,mAP50-95,0.34117,4264,51930,True,2026-09-10T16:57:21.009005+00:00
t1_best,day,all,mAP50,0.53878,4264,51930,True,2026-09-10T16:57:21.009005+00:00
t1_best,day,all,mAP75,0.34701,4264,51930,True,2026-09-10T16:57:21.009005+00:00
t1_best,day,car,mAP50-95,0.50117,4264,47715,True,2026-09-10T16:57:21.009005+00:00
t1_best,day,car,mAP50,0.80079,4264,47715,True,2026-09-10T16:57:21.009005+00:00
t1_best,day,car,mAP75,0.50612,4264,47715,True,2026-09-10T16:57:21.009005+00:00
t1_best,day,truck,mAP50-95,0.42147,4264,2532,True,2026-09-10T16:57:21.009005+00:00
t1_best,day,truck,mAP50,0.58082,4264,2532,True,2026-09-10T16:57:21.009005+00:00
t1_best,day,truck,mAP75,0.45879,4264,2532,True,2026-09-10T16:57:21.009005+00:00
t1_best,day,bus,mAP50-95,0.39387,4264,927,True,2026-09-10T16:57:21.009005+00:00
t1_best,day,bus,mAP50,0.51823,4264,927,True,2026-09-10T16:57:21.009005+00:00
t1_best,day,bus,mAP75,0.43394,4264,927,True,2026-09-10T16:57:21.009005+00:00
t1_best,day,motor,mAP50-95,0.19616,4264,262,False,2026-09-10T16:57:21.009005+00:00
t1_best,day,motor,mAP50,0.39183,4264,262,False,2026-09-10T16:57:21.009005+00:00
t1_best,day,motor,mAP75,0.17097,4264,262,False,2026-09-10T16:57:21.009005+00:00
t1_best,day,bike,mAP50-95,0.19316,4264,494,False,2026-09-10T16:57:21.009005+00:00
t1_best,day,bike,mAP50,0.40221,4264,494,False,2026-09-10T16:57:21.009005+00:00
t1_best,day,bike,mAP75,0.16521,4264,494,False,2026-09-10T16:57:21.009005+00:00
t1_best,day_adverse,all,mAP50-95,0.33539,823,9252,True,2026-09-10T16:57:21.009005+00:00
t1_best,day_adverse,all,mAP50,0.52132,823,9252,True,2026-09-10T16:57:21.009005+00:00
t1_best,day_adverse,all,mAP75,0.3506,823,9252,True,2026-09-10T16:57:21.009005+00:00
t1_best,day_adverse,car,mAP50-95,0.50785,823,8401,True,2026-09-10T16:57:21.009005+00:00
t1_best,day_adverse,car,mAP50,0.80911,823,8401,True,2026-09-10T16:57:21.009005+00:00
t1_best,day_adverse,car,mAP75,0.51292,823,8401,True,2026-09-10T16:57:21.009005+00:00
t1_best,day_adverse,truck,mAP50-95,0.4309,823,540,False,2026-09-10T16:57:21.009005+00:00
t1_best,day_adverse,truck,mAP50,0.60551,823,540,False,2026-09-10T16:57:21.009005+00:00
t1_best,day_adverse,truck,mAP75,0.49146,823,540,False,2026-09-10T16:57:21.009005+00:00
t1_best,day_adverse,bus,mAP50-95,0.34737,823,194,False,2026-09-10T16:57:21.009005+00:00
t1_best,day_adverse,bus,mAP50,0.45232,823,194,False,2026-09-10T16:57:21.009005+00:00
t1_best,day_adverse,bus,mAP75,0.38213,823,194,False,2026-09-10T16:57:21.009005+00:00
t1_best,day_adverse,motor,mAP50-95,0.20861,823,23,False,2026-09-10T16:57:21.009005+00:00
t1_best,day_adverse,motor,mAP50,0.36421,823,23,False,2026-09-10T16:57:21.009005+00:00
t1_best,day_adverse,motor,mAP75,0.20586,823,23,False,2026-09-10T16:57:21.009005+00:00
t1_best,day_adverse,bike,mAP50-95,0.18223,823,94,False,2026-09-10T16:57:21.009005+00:00
t1_best,day_adverse,bike,mAP50,0.37543,823,94,False,2026-09-10T16:57:21.009005+00:00
t1_best,day_adverse,bike,mAP75,0.16061,823,94,False,2026-09-10T16:57:21.009005+00:00
t1_best,day_clear,all,mAP50-95,0.34491,1764,21352,True,2026-09-10T16:57:21.009005+00:00
t1_best,day_clear,all,mAP50,0.53962,1764,21352,True,2026-09-10T16:57:21.009005+00:00
t1_best,day_clear,all,mAP75,0.35109,1764,21352,True,2026-09-10T16:57:21.009005+00:00
t1_best,day_clear,car,mAP50-95,0.49595,1764,19633,True,2026-09-10T16:57:21.009005+00:00
t1_best,day_clear,car,mAP50,0.7942,1764,19633,True,2026-09-10T16:57:21.009005+00:00
t1_best,day_clear,car,mAP75,0.4997,1764,19633,True,2026-09-10T16:57:21.009005+00:00
t1_best,day_clear,truck,mAP50-95,0.41077,1764,1021,True,2026-09-10T16:57:21.009005+00:00
t1_best,day_clear,truck,mAP50,0.55755,1764,1021,True,2026-09-10T16:57:21.009005+00:00
t1_best,day_clear,truck,mAP75,0.44635,1764,1021,True,2026-09-10T16:57:21.009005+00:00
t1_best,day_clear,bus,mAP50-95,0.41479,1764,380,False,2026-09-10T16:57:21.009005+00:00
t1_best,day_clear,bus,mAP50,0.54123,1764,380,False,2026-09-10T16:57:21.009005+00:00
t1_best,day_clear,bus,mAP75,0.46546,1764,380,False,2026-09-10T16:57:21.009005+00:00
t1_best,day_clear,motor,mAP50-95,0.21729,1764,111,False,2026-09-10T16:57:21.009005+00:00
t1_best,day_clear,motor,mAP50,0.43981,1764,111,False,2026-09-10T16:57:21.009005+00:00
t1_best,day_clear,motor,mAP75,0.17437,1764,111,False,2026-09-10T16:57:21.009005+00:00
t1_best,day_clear,bike,mAP50-95,0.18576,1764,207,False,2026-09-10T16:57:21.009005+00:00
t1_best,day_clear,bike,mAP50,0.36529,1764,207,False,2026-09-10T16:57:21.009005+00:00
t1_best,day_clear,bike,mAP75,0.16959,1764,207,False,2026-09-10T16:57:21.009005+00:00
t1_best,day_rainy,all,mAP50-95,0.36829,396,4356,True,2026-09-10T16:57:21.009005+00:00
t1_best,day_rainy,all,mAP50,0.58119,396,4356,True,2026-09-10T16:57:21.009005+00:00
t1_best,day_rainy,all,mAP75,0.38162,396,4356,True,2026-09-10T16:57:21.009005+00:00
t1_best,day_rainy,car,mAP50-95,0.51298,396,3930,True,2026-09-10T16:57:21.009005+00:00
t1_best,day_rainy,car,mAP50,0.81616,396,3930,True,2026-09-10T16:57:21.009005+00:00
t1_best,day_rainy,car,mAP75,0.52076,396,3930,True,2026-09-10T16:57:21.009005+00:00
t1_best,day_rainy,truck,mAP50-95,0.42277,396,272,False,2026-09-10T16:57:21.009005+00:00
t1_best,day_rainy,truck,mAP50,0.61039,396,272,False,2026-09-10T16:57:21.009005+00:00
t1_best,day_rainy,truck,mAP75,0.47991,396,272,False,2026-09-10T16:57:21.009005+00:00
t1_best,day_rainy,bus,mAP50-95,0.37192,396,97,False,2026-09-10T16:57:21.009005+00:00
t1_best,day_rainy,bus,mAP50,0.498,396,97,False,2026-09-10T16:57:21.009005+00:00
t1_best,day_rainy,bus,mAP75,0.40592,396,97,False,2026-09-10T16:57:21.009005+00:00
t1_best,day_rainy,motor,mAP50-95,0.28754,396,16,False,2026-09-10T16:57:21.009005+00:00
t1_best,day_rainy,motor,mAP50,0.46205,396,16,False,2026-09-10T16:57:21.009005+00:00
t1_best,day_rainy,motor,mAP75,0.30198,396,16,False,2026-09-10T16:57:21.009005+00:00
t1_best,day_rainy,bike,mAP50-95,0.24625,396,41,False,2026-09-10T16:57:21.009005+00:00
t1_best,day_rainy,bike,mAP50,0.51936,396,41,False,2026-09-10T16:57:21.009005+00:00
t1_best,day_rainy,bike,mAP75,0.19951,396,41,False,2026-09-10T16:57:21.009005+00:00
t1_best,day_snowy,all,mAP50-95,0.29203,422,4842,True,2026-09-10T16:57:21.009005+00:00
t1_best,day_snowy,all,mAP50,0.45022,422,4842,True,2026-09-10T16:57:21.009005+00:00
t1_best,day_snowy,all,mAP75,0.30407,422,4842,True,2026-09-10T16:57:21.009005+00:00
t1_best,day_snowy,car,mAP50-95,0.50351,422,4421,True,2026-09-10T16:57:21.009005+00:00
t1_best,day_snowy,car,mAP50,0.80409,422,4421,True,2026-09-10T16:57:21.009005+00:00
t1_best,day_snowy,car,mAP75,0.50622,422,4421,True,2026-09-10T16:57:21.009005+00:00
t1_best,day_snowy,truck,mAP50-95,0.44551,422,264,False,2026-09-10T16:57:21.009005+00:00
t1_best,day_snowy,truck,mAP50,0.60931,422,264,False,2026-09-10T16:57:21.009005+00:00
t1_best,day_snowy,truck,mAP75,0.50947,422,264,False,2026-09-10T16:57:21.009005+00:00
t1_best,day_snowy,bus,mAP50-95,0.32484,422,97,False,2026-09-10T16:57:21.009005+00:00
t1_best,day_snowy,bus,mAP50,0.40715,422,97,False,2026-09-10T16:57:21.009005+00:00
t1_best,day_snowy,bus,mAP75,0.36041,422,97,False,2026-09-10T16:57:21.009005+00:00
t1_best,day_snowy,motor,mAP50-95,0.04455,422,7,False,2026-09-10T16:57:21.009005+00:00
t1_best,day_snowy,motor,mAP50,0.14851,422,7,False,2026-09-10T16:57:21.009005+00:00
t1_best,day_snowy,motor,mAP75,0.0,422,7,False,2026-09-10T16:57:21.009005+00:00
t1_best,day_snowy,bike,mAP50-95,0.14174,422,53,False,2026-09-10T16:57:21.009005+00:00
t1_best,day_snowy,bike,mAP50,0.28203,422,53,False,2026-09-10T16:57:21.009005+00:00
t1_best,day_snowy,bike,mAP75,0.14426,422,53,False,2026-09-10T16:57:21.009005+00:00
t1_best,foggy,all,mAP50-95,0.23703,13,144,False,2026-09-10T16:57:21.009005+00:00
t1_best,foggy,all,mAP50,0.6463,13,144,False,2026-09-10T16:57:21.009005+00:00
t1_best,foggy,all,mAP75,0.21821,13,144,False,2026-09-10T16:57:21.009005+00:00
t1_best,foggy,car,mAP50-95,0.44477,13,138,False,2026-09-10T16:57:21.009005+00:00
t1_best,foggy,car,mAP50,0.73097,13,138,False,2026-09-10T16:57:21.009005+00:00
t1_best,foggy,car,mAP75,0.44671,13,138,False,2026-09-10T16:57:21.009005+00:00
t1_best,foggy,truck,mAP50-95,0.16634,13,5,False,2026-09-10T16:57:21.009005+00:00
t1_best,foggy,truck,mAP50,0.20792,13,5,False,2026-09-10T16:57:21.009005+00:00
t1_best,foggy,truck,mAP75,0.20792,13,5,False,2026-09-10T16:57:21.009005+00:00
t1_best,foggy,bus,mAP50-95,,13,0,False,2026-09-10T16:57:21.009005+00:00
t1_best,foggy,bus,mAP50,,13,0,False,2026-09-10T16:57:21.009005+00:00
t1_best,foggy,bus,mAP75,,13,0,False,2026-09-10T16:57:21.009005+00:00
t1_best,foggy,motor,mAP50-95,0.1,13,1,False,2026-09-10T16:57:21.009005+00:00
t1_best,foggy,motor,mAP50,1.0,13,1,False,2026-09-10T16:57:21.009005+00:00
t1_best,foggy,motor,mAP75,0.0,13,1,False,2026-09-10T16:57:21.009005+00:00
t1_best,foggy,bike,mAP50-95,,13,0,False,2026-09-10T16:57:21.009005+00:00
t1_best,foggy,bike,mAP50,,13,0,False,2026-09-10T16:57:21.009005+00:00
t1_best,foggy,bike,mAP75,,13,0,False,2026-09-10T16:57:21.009005+00:00
t1_best,night,all,mAP50-95,0.32451,3863,36751,True,2026-09-10T16:57:21.009005+00:00
t1_best,night,all,mAP50,0.53988,3863,36751,True,2026-09-10T16:57:21.009005+00:00
t1_best,night,all,mAP75,0.31277,3863,36751,True,2026-09-10T16:57:21.009005+00:00
t1_best,night,car,mAP50-95,0.43297,3863,35439,True,2026-09-10T16:57:21.009005+00:00
t1_best,night,car,mAP50,0.76817,3863,35439,True,2026-09-10T16:57:21.009005+00:00
t1_best,night,car,mAP75,0.41015,3863,35439,True,2026-09-10T16:57:21.009005+00:00
t1_best,night,truck,mAP50-95,0.39379,3863,736,False,2026-09-10T16:57:21.009005+00:00
t1_best,night,truck,mAP50,0.54568,3863,736,False,2026-09-10T16:57:21.009005+00:00
t1_best,night,truck,mAP75,0.43488,3863,736,False,2026-09-10T16:57:21.009005+00:00
t1_best,night,bus,mAP50-95,0.39501,3863,297,False,2026-09-10T16:57:21.009005+00:00
t1_best,night,bus,mAP50,0.50416,3863,297,False,2026-09-10T16:57:21.009005+00:00
t1_best,night,bus,mAP75,0.44214,3863,297,False,2026-09-10T16:57:21.009005+00:00
t1_best,night,motor,mAP50-95,0.17114,3863,93,False,2026-09-10T16:57:21.009005+00:00
t1_best,night,motor,mAP50,0.4134,3863,93,False,2026-09-10T16:57:21.009005+00:00
t1_best,night,motor,mAP75,0.09331,3863,93,False,2026-09-10T16:57:21.009005+00:00
t1_best,night,bike,mAP50-95,0.22962,3863,186,False,2026-09-10T16:57:21.009005+00:00
t1_best,night,bike,mAP50,0.468,3863,186,False,2026-09-10T16:57:21.009005+00:00
t1_best,night,bike,mAP75,0.18335,3863,186,False,2026-09-10T16:57:21.009005+00:00
t1_best,night_adverse,all,mAP50-95,0.32841,566,4986,True,2026-09-10T16:57:21.009005+00:00
t1_best,night_adverse,all,mAP50,0.50659,566,4986,True,2026-09-10T16:57:21.009005+00:00
t1_best,night_adverse,all,mAP75,0.34244,566,4986,True,2026-09-10T16:57:21.009005+00:00
t1_best,night_adverse,car,mAP50-95,0.44706,566,4743,True,2026-09-10T16:57:21.009005+00:00
t1_best,night_adverse,car,mAP50,0.76749,566,4743,True,2026-09-10T16:57:21.009005+00:00
t1_best,night_adverse,car,mAP75,0.43841,566,4743,True,2026-09-10T16:57:21.009005+00:00
t1_best,night_adverse,truck,mAP50-95,0.3692,566,156,False,2026-09-10T16:57:21.009005+00:00
t1_best,night_adverse,truck,mAP50,0.52714,566,156,False,2026-09-10T16:57:21.009005+00:00
t1_best,night_adverse,truck,mAP75,0.38996,566,156,False,2026-09-10T16:57:21.009005+00:00
t1_best,night_adverse,bus,mAP50-95,0.50633,566,41,False,2026-09-10T16:57:21.009005+00:00
t1_best,night_adverse,bus,mAP50,0.63746,566,41,False,2026-09-10T16:57:21.009005+00:00
t1_best,night_adverse,bus,mAP75,0.57955,566,41,False,2026-09-10T16:57:21.009005+00:00
t1_best,night_adverse,motor,mAP50-95,0.13877,566,12,False,2026-09-10T16:57:21.009005+00:00
t1_best,night_adverse,motor,mAP50,0.22387,566,12,False,2026-09-10T16:57:21.009005+00:00
t1_best,night_adverse,motor,mAP75,0.17401,566,12,False,2026-09-10T16:57:21.009005+00:00
t1_best,night_adverse,bike,mAP50-95,0.18069,566,34,False,2026-09-10T16:57:21.009005+00:00
t1_best,night_adverse,bike,mAP50,0.37697,566,34,False,2026-09-10T16:57:21.009005+00:00
t1_best,night_adverse,bike,mAP75,0.13026,566,34,False,2026-09-10T16:57:21.009005+00:00
t1_best,night_clear,all,mAP50-95,0.32366,3274,31550,True,2026-09-10T16:57:21.009005+00:00
t1_best,night_clear,all,mAP50,0.5445,3274,31550,True,2026-09-10T16:57:21.009005+00:00
t1_best,night_clear,all,mAP75,0.30903,3274,31550,True,2026-09-10T16:57:21.009005+00:00
t1_best,night_clear,car,mAP50-95,0.43002,3274,30489,True,2026-09-10T16:57:21.009005+00:00
t1_best,night_clear,car,mAP50,0.7681,3274,30489,True,2026-09-10T16:57:21.009005+00:00
t1_best,night_clear,car,mAP75,0.40546,3274,30489,True,2026-09-10T16:57:21.009005+00:00
t1_best,night_clear,truck,mAP50-95,0.39854,3274,577,False,2026-09-10T16:57:21.009005+00:00
t1_best,night_clear,truck,mAP50,0.54934,3274,577,False,2026-09-10T16:57:21.009005+00:00
t1_best,night_clear,truck,mAP75,0.44416,3274,577,False,2026-09-10T16:57:21.009005+00:00
t1_best,night_clear,bus,mAP50-95,0.37138,3274,251,False,2026-09-10T16:57:21.009005+00:00
t1_best,night_clear,bus,mAP50,0.4761,3274,251,False,2026-09-10T16:57:21.009005+00:00
t1_best,night_clear,bus,mAP75,0.41409,3274,251,False,2026-09-10T16:57:21.009005+00:00
t1_best,night_clear,motor,mAP50-95,0.17881,3274,81,False,2026-09-10T16:57:21.009005+00:00
t1_best,night_clear,motor,mAP50,0.44429,3274,81,False,2026-09-10T16:57:21.009005+00:00
t1_best,night_clear,motor,mAP75,0.08472,3274,81,False,2026-09-10T16:57:21.009005+00:00
t1_best,night_clear,bike,mAP50-95,0.23957,3274,152,False,2026-09-10T16:57:21.009005+00:00
t1_best,night_clear,bike,mAP50,0.48465,3274,152,False,2026-09-10T16:57:21.009005+00:00
t1_best,night_clear,bike,mAP75,0.19671,3274,152,False,2026-09-10T16:57:21.009005+00:00
t1_best,night_rainy,all,mAP50-95,0.38562,286,2535,True,2026-09-10T16:57:21.009005+00:00
t1_best,night_rainy,all,mAP50,0.57067,286,2535,True,2026-09-10T16:57:21.009005+00:00
t1_best,night_rainy,all,mAP75,0.40245,286,2535,True,2026-09-10T16:57:21.009005+00:00
t1_best,night_rainy,car,mAP50-95,0.4394,286,2416,True,2026-09-10T16:57:21.009005+00:00
t1_best,night_rainy,car,mAP50,0.75158,286,2416,True,2026-09-10T16:57:21.009005+00:00
t1_best,night_rainy,car,mAP75,0.44043,286,2416,True,2026-09-10T16:57:21.009005+00:00
t1_best,night_rainy,truck,mAP50-95,0.45466,286,72,False,2026-09-10T16:57:21.009005+00:00
t1_best,night_rainy,truck,mAP50,0.64516,286,72,False,2026-09-10T16:57:21.009005+00:00
t1_best,night_rainy,truck,mAP75,0.48883,286,72,False,2026-09-10T16:57:21.009005+00:00
t1_best,night_rainy,bus,mAP50-95,0.61625,286,22,False,2026-09-10T16:57:21.009005+00:00
t1_best,night_rainy,bus,mAP50,0.75736,286,22,False,2026-09-10T16:57:21.009005+00:00
t1_best,night_rainy,bus,mAP75,0.65594,286,22,False,2026-09-10T16:57:21.009005+00:00
t1_best,night_rainy,motor,mAP50-95,0.13846,286,10,False,2026-09-10T16:57:21.009005+00:00
t1_best,night_rainy,motor,mAP50,0.23338,286,10,False,2026-09-10T16:57:21.009005+00:00
t1_best,night_rainy,motor,mAP75,0.17162,286,10,False,2026-09-10T16:57:21.009005+00:00
t1_best,night_rainy,bike,mAP50-95,0.27932,286,15,False,2026-09-10T16:57:21.009005+00:00
t1_best,night_rainy,bike,mAP50,0.46587,286,15,False,2026-09-10T16:57:21.009005+00:00
t1_best,night_rainy,bike,mAP75,0.25545,286,15,False,2026-09-10T16:57:21.009005+00:00
t1_best,night_snowy,all,mAP50-95,0.28866,273,2374,True,2026-09-10T16:57:21.009005+00:00
t1_best,night_snowy,all,mAP50,0.4573,273,2374,True,2026-09-10T16:57:21.009005+00:00
t1_best,night_snowy,all,mAP75,0.30244,273,2374,True,2026-09-10T16:57:21.009005+00:00
t1_best,night_snowy,car,mAP50-95,0.45765,273,2251,True,2026-09-10T16:57:21.009005+00:00
t1_best,night_snowy,car,mAP50,0.79186,273,2251,True,2026-09-10T16:57:21.009005+00:00
t1_best,night_snowy,car,mAP75,0.43828,273,2251,True,2026-09-10T16:57:21.009005+00:00
t1_best,night_snowy,truck,mAP50-95,0.30163,273,83,False,2026-09-10T16:57:21.009005+00:00
t1_best,night_snowy,truck,mAP50,0.42834,273,83,False,2026-09-10T16:57:21.009005+00:00
t1_best,night_snowy,truck,mAP75,0.30927,273,83,False,2026-09-10T16:57:21.009005+00:00
t1_best,night_snowy,bus,mAP50-95,0.37417,273,19,False,2026-09-10T16:57:21.009005+00:00
t1_best,night_snowy,bus,mAP50,0.48787,273,19,False,2026-09-10T16:57:21.009005+00:00
t1_best,night_snowy,bus,mAP75,0.48787,273,19,False,2026-09-10T16:57:21.009005+00:00
t1_best,night_snowy,motor,mAP50-95,0.20198,273,2,False,2026-09-10T16:57:21.009005+00:00
t1_best,night_snowy,motor,mAP50,0.25248,273,2,False,2026-09-10T16:57:21.009005+00:00
t1_best,night_snowy,motor,mAP75,0.25248,273,2,False,2026-09-10T16:57:21.009005+00:00
t1_best,night_snowy,bike,mAP50-95,0.10789,273,19,False,2026-09-10T16:57:21.009005+00:00
t1_best,night_snowy,bike,mAP50,0.32597,273,19,False,2026-09-10T16:57:21.009005+00:00
t1_best,night_snowy,bike,mAP75,0.02428,273,19,False,2026-09-10T16:57:21.009005+00:00
t1_best,overcast,all,mAP50-95,0.3449,1239,15505,True,2026-09-10T16:57:21.009005+00:00
t1_best,overcast,all,mAP50,0.55156,1239,15505,True,2026-09-10T16:57:21.009005+00:00
t1_best,overcast,all,mAP75,0.33858,1239,15505,True,2026-09-10T16:57:21.009005+00:00
t1_best,overcast,car,mAP50-95,0.50928,1239,14370,True,2026-09-10T16:57:21.009005+00:00
t1_best,overcast,car,mAP50,0.80943,1239,14370,True,2026-09-10T16:57:21.009005+00:00
t1_best,overcast,car,mAP75,0.51576,1239,14370,True,2026-09-10T16:57:21.009005+00:00
t1_best,overcast,truck,mAP50-95,0.43566,1239,660,False,2026-09-10T16:57:21.009005+00:00
t1_best,overcast,truck,mAP50,0.60305,1239,660,False,2026-09-10T16:57:21.009005+00:00
t1_best,overcast,truck,mAP75,0.46597,1239,660,False,2026-09-10T16:57:21.009005+00:00
t1_best,overcast,bus,mAP50-95,0.4116,1239,262,False,2026-09-10T16:57:21.009005+00:00
t1_best,overcast,bus,mAP50,0.54404,1239,262,False,2026-09-10T16:57:21.009005+00:00
t1_best,overcast,bus,mAP75,0.4448,1239,262,False,2026-09-10T16:57:21.009005+00:00
t1_best,overcast,motor,mAP50-95,0.14133,1239,72,False,2026-09-10T16:57:21.009005+00:00
t1_best,overcast,motor,mAP50,0.31412,1239,72,False,2026-09-10T16:57:21.009005+00:00
t1_best,overcast,motor,mAP75,0.09963,1239,72,False,2026-09-10T16:57:21.009005+00:00
t1_best,overcast,bike,mAP50-95,0.22661,1239,141,False,2026-09-10T16:57:21.009005+00:00
t1_best,overcast,bike,mAP50,0.48718,1239,141,False,2026-09-10T16:57:21.009005+00:00
t1_best,overcast,bike,mAP75,0.16673,1239,141,False,2026-09-10T16:57:21.009005+00:00
t1_best,partlycloudy,all,mAP50-95,0.35441,738,9256,True,2026-09-10T16:57:21.009005+00:00
t1_best,partlycloudy,all,mAP50,0.55045,738,9256,True,2026-09-10T16:57:21.009005+00:00
t1_best,partlycloudy,all,mAP75,0.36963,738,9256,True,2026-09-10T16:57:21.009005+00:00
t1_best,partlycloudy,car,mAP50-95,0.49091,738,8526,True,2026-09-10T16:57:21.009005+00:00
t1_best,partlycloudy,car,mAP50,0.78569,738,8526,True,2026-09-10T16:57:21.009005+00:00
t1_best,partlycloudy,car,mAP75,0.49797,738,8526,True,2026-09-10T16:57:21.009005+00:00
t1_best,partlycloudy,truck,mAP50-95,0.44182,738,454,False,2026-09-10T16:57:21.009005+00:00
t1_best,partlycloudy,truck,mAP50,0.60307,738,454,False,2026-09-10T16:57:21.009005+00:00
t1_best,partlycloudy,truck,mAP75,0.46167,738,454,False,2026-09-10T16:57:21.009005+00:00
t1_best,partlycloudy,bus,mAP50-95,0.4168,738,142,False,2026-09-10T16:57:21.009005+00:00
t1_best,partlycloudy,bus,mAP50,0.53829,738,142,False,2026-09-10T16:57:21.009005+00:00
t1_best,partlycloudy,bus,mAP75,0.45896,738,142,False,2026-09-10T16:57:21.009005+00:00
t1_best,partlycloudy,motor,mAP50-95,0.25344,738,65,False,2026-09-10T16:57:21.009005+00:00
t1_best,partlycloudy,motor,mAP50,0.44886,738,65,False,2026-09-10T16:57:21.009005+00:00
t1_best,partlycloudy,motor,mAP75,0.27214,738,65,False,2026-09-10T16:57:21.009005+00:00
t1_best,partlycloudy,bike,mAP50-95,0.1691,738,69,False,2026-09-10T16:57:21.009005+00:00
t1_best,partlycloudy,bike,mAP50,0.37633,738,69,False,2026-09-10T16:57:21.009005+00:00
t1_best,partlycloudy,bike,mAP75,0.1574,738,69,False,2026-09-10T16:57:21.009005+00:00
t1_best,rainy,all,mAP50-95,0.35977,737,7541,True,2026-09-10T16:57:21.009005+00:00
t1_best,rainy,all,mAP50,0.55742,737,7541,True,2026-09-10T16:57:21.009005+00:00
t1_best,rainy,all,mAP75,0.37618,737,7541,True,2026-09-10T16:57:21.009005+00:00
t1_best,rainy,car,mAP50-95,0.48571,737,6944,True,2026-09-10T16:57:21.009005+00:00
t1_best,rainy,car,mAP50,0.7908,737,6944,True,2026-09-10T16:57:21.009005+00:00
t1_best,rainy,car,mAP75,0.49031,737,6944,True,2026-09-10T16:57:21.009005+00:00
t1_best,rainy,truck,mAP50-95,0.43592,737,378,False,2026-09-10T16:57:21.009005+00:00
t1_best,rainy,truck,mAP50,0.62324,737,378,False,2026-09-10T16:57:21.009005+00:00
t1_best,rainy,truck,mAP75,0.4901,737,378,False,2026-09-10T16:57:21.009005+00:00
t1_best,rainy,bus,mAP50-95,0.4266,737,132,False,2026-09-10T16:57:21.009005+00:00
t1_best,rainy,bus,mAP50,0.55661,737,132,False,2026-09-10T16:57:21.009005+00:00
t1_best,rainy,bus,mAP75,0.46663,737,132,False,2026-09-10T16:57:21.009005+00:00
t1_best,rainy,motor,mAP50-95,0.19402,737,30,False,2026-09-10T16:57:21.009005+00:00
t1_best,rainy,motor,mAP50,0.31909,737,30,False,2026-09-10T16:57:21.009005+00:00
t1_best,rainy,motor,mAP75,0.21375,737,30,False,2026-09-10T16:57:21.009005+00:00
t1_best,rainy,bike,mAP50-95,0.25661,737,57,False,2026-09-10T16:57:21.009005+00:00
t1_best,rainy,bike,mAP50,0.49734,737,57,False,2026-09-10T16:57:21.009005+00:00
t1_best,rainy,bike,mAP75,0.22009,737,57,False,2026-09-10T16:57:21.009005+00:00
t1_best,snowy,all,mAP50-95,0.28658,769,8080,True,2026-09-10T16:57:21.009005+00:00
t1_best,snowy,all,mAP50,0.44957,769,8080,True,2026-09-10T16:57:21.009005+00:00
t1_best,snowy,all,mAP75,0.29633,769,8080,True,2026-09-10T16:57:21.009005+00:00
t1_best,snowy,car,mAP50-95,0.48928,769,7486,True,2026-09-10T16:57:21.009005+00:00
t1_best,snowy,car,mAP50,0.79788,769,7486,True,2026-09-10T16:57:21.009005+00:00
t1_best,snowy,car,mAP75,0.48692,769,7486,True,2026-09-10T16:57:21.009005+00:00
t1_best,snowy,truck,mAP50-95,0.41359,769,371,False,2026-09-10T16:57:21.009005+00:00
t1_best,snowy,truck,mAP50,0.56829,769,371,False,2026-09-10T16:57:21.009005+00:00
t1_best,snowy,truck,mAP75,0.46931,769,371,False,2026-09-10T16:57:21.009005+00:00
t1_best,snowy,bus,mAP50-95,0.33336,769,133,False,2026-09-10T16:57:21.009005+00:00
t1_best,snowy,bus,mAP50,0.42543,769,133,False,2026-09-10T16:57:21.009005+00:00
t1_best,snowy,bus,mAP75,0.38043,769,133,False,2026-09-10T16:57:21.009005+00:00
t1_best,snowy,motor,mAP50-95,0.06059,769,9,False,2026-09-10T16:57:21.009005+00:00
t1_best,snowy,motor,mAP50,0.16238,769,9,False,2026-09-10T16:57:21.009005+00:00
t1_best,snowy,motor,mAP75,0.02376,769,9,False,2026-09-10T16:57:21.009005+00:00
t1_best,snowy,bike,mAP50-95,0.13609,769,81,False,2026-09-10T16:57:21.009005+00:00
t1_best,snowy,bike,mAP50,0.29389,769,81,False,2026-09-10T16:57:21.009005+00:00
t1_best,snowy,bike,mAP75,0.12121,769,81,False,2026-09-10T16:57:21.009005+00:00
t1_last,overall,all,mAP50-95,0.33551,8841,97193,True,2026-09-10T16:57:21.009005+00:00
t1_last,overall,all,mAP50,0.53801,8841,97193,True,2026-09-10T16:57:21.009005+00:00
t1_last,overall,all,mAP75,0.3374,8841,97193,True,2026-09-10T16:57:21.009005+00:00
t1_last,overall,car,mAP50-95,0.47402,8841,91118,True,2026-09-10T16:57:21.009005+00:00
t1_last,overall,car,mAP50,0.78714,8841,91118,True,2026-09-10T16:57:21.009005+00:00
t1_last,overall,car,mAP75,0.46788,8841,91118,True,2026-09-10T16:57:21.009005+00:00
t1_last,overall,truck,mAP50-95,0.41108,8841,3608,True,2026-09-10T16:57:21.009005+00:00
t1_last,overall,truck,mAP50,0.56455,8841,3608,True,2026-09-10T16:57:21.009005+00:00
t1_last,overall,truck,mAP75,0.45148,8841,3608,True,2026-09-10T16:57:21.009005+00:00
t1_last,overall,bus,mAP50-95,0.40044,8841,1351,True,2026-09-10T16:57:21.009005+00:00
t1_last,overall,bus,mAP50,0.52139,8841,1351,True,2026-09-10T16:57:21.009005+00:00
t1_last,overall,bus,mAP75,0.4486,8841,1351,True,2026-09-10T16:57:21.009005+00:00
t1_last,overall,motor,mAP50-95,0.18459,8841,377,False,2026-09-10T16:57:21.009005+00:00
t1_last,overall,motor,mAP50,0.39007,8841,377,False,2026-09-10T16:57:21.009005+00:00
t1_last,overall,motor,mAP75,0.15024,8841,377,False,2026-09-10T16:57:21.009005+00:00
t1_last,overall,bike,mAP50-95,0.2074,8841,739,False,2026-09-10T16:57:21.009005+00:00
t1_last,overall,bike,mAP50,0.42689,8841,739,False,2026-09-10T16:57:21.009005+00:00
t1_last,overall,bike,mAP75,0.16881,8841,739,False,2026-09-10T16:57:21.009005+00:00
t1_last,adverse,all,mAP50-95,0.32748,1519,15765,True,2026-09-10T16:57:21.009005+00:00
t1_last,adverse,all,mAP50,0.51139,1519,15765,True,2026-09-10T16:57:21.009005+00:00
t1_last,adverse,all,mAP75,0.34989,1519,15765,True,2026-09-10T16:57:21.009005+00:00
t1_last,adverse,car,mAP50-95,0.48538,1519,14568,True,2026-09-10T16:57:21.009005+00:00
t1_last,adverse,car,mAP50,0.79101,1519,14568,True,2026-09-10T16:57:21.009005+00:00
t1_last,adverse,car,mAP75,0.48506,1519,14568,True,2026-09-10T16:57:21.009005+00:00
t1_last,adverse,truck,mAP50-95,0.41114,1519,754,False,2026-09-10T16:57:21.009005+00:00
t1_last,adverse,truck,mAP50,0.57323,1519,754,False,2026-09-10T16:57:21.009005+00:00
t1_last,adverse,truck,mAP75,0.45863,1519,754,False,2026-09-10T16:57:21.009005+00:00
t1_last,adverse,bus,mAP50-95,0.38375,1519,265,False,2026-09-10T16:57:21.009005+00:00
t1_last,adverse,bus,mAP50,0.50421,1519,265,False,2026-09-10T16:57:21.009005+00:00
t1_last,adverse,bus,mAP75,0.42395,1519,265,False,2026-09-10T16:57:21.009005+00:00
t1_last,adverse,motor,mAP50-95,0.17716,1519,40,False,2026-09-10T16:57:21.009005+00:00
t1_last,adverse,motor,mAP50,0.33036,1519,40,False,2026-09-10T16:57:21.009005+00:00
t1_last,adverse,motor,mAP75,0.19334,1519,40,False,2026-09-10T16:57:21.009005+00:00
t1_last,adverse,bike,mAP50-95,0.17997,1519,138,False,2026-09-10T16:57:21.009005+00:00
t1_last,adverse,bike,mAP50,0.35813,1519,138,False,2026-09-10T16:57:21.009005+00:00
t1_last,adverse,bike,mAP75,0.18845,1519,138,False,2026-09-10T16:57:21.009005+00:00
t1_last,benign,all,mAP50-95,0.3378,7322,81428,True,2026-09-10T16:57:21.009005+00:00
t1_last,benign,all,mAP50,0.54364,7322,81428,True,2026-09-10T16:57:21.009005+00:00
t1_last,benign,all,mAP75,0.33649,7322,81428,True,2026-09-10T16:57:21.009005+00:00
t1_last,benign,car,mAP50-95,0.4718,7322,76550,True,2026-09-10T16:57:21.009005+00:00
t1_last,benign,car,mAP50,0.78676,7322,76550,True,2026-09-10T16:57:21.009005+00:00
t1_last,benign,car,mAP75,0.46511,7322,76550,True,2026-09-10T16:57:21.009005+00:00
t1_last,benign,truck,mAP50-95,0.41141,7322,2854,True,2026-09-10T16:57:21.009005+00:00
t1_last,benign,truck,mAP50,0.56258,7322,2854,True,2026-09-10T16:57:21.009005+00:00
t1_last,benign,truck,mAP75,0.4496,7322,2854,True,2026-09-10T16:57:21.009005+00:00
t1_last,benign,bus,mAP50-95,0.40498,7322,1086,True,2026-09-10T16:57:21.009005+00:00
t1_last,benign,bus,mAP50,0.52735,7322,1086,True,2026-09-10T16:57:21.009005+00:00
t1_last,benign,bus,mAP75,0.45423,7322,1086,True,2026-09-10T16:57:21.009005+00:00
t1_last,benign,motor,mAP50-95,0.18722,7322,337,False,2026-09-10T16:57:21.009005+00:00
t1_last,benign,motor,mAP50,0.3988,7322,337,False,2026-09-10T16:57:21.009005+00:00
t1_last,benign,motor,mAP75,0.14843,7322,337,False,2026-09-10T16:57:21.009005+00:00
t1_last,benign,bike,mAP50-95,0.21361,7322,601,False,2026-09-10T16:57:21.009005+00:00
t1_last,benign,bike,mAP50,0.44271,7322,601,False,2026-09-10T16:57:21.009005+00:00
t1_last,benign,bike,mAP75,0.1651,7322,601,False,2026-09-10T16:57:21.009005+00:00
t1_last,clear,all,mAP50-95,0.33632,5345,56667,True,2026-09-10T16:57:21.009005+00:00
t1_last,clear,all,mAP50,0.54339,5345,56667,True,2026-09-10T16:57:21.009005+00:00
t1_last,clear,all,mAP75,0.33705,5345,56667,True,2026-09-10T16:57:21.009005+00:00
t1_last,clear,car,mAP50-95,0.45873,5345,53654,True,2026-09-10T16:57:21.009005+00:00
t1_last,clear,car,mAP50,0.7802,5345,53654,True,2026-09-10T16:57:21.009005+00:00
t1_last,clear,car,mAP75,0.44647,5345,53654,True,2026-09-10T16:57:21.009005+00:00
t1_last,clear,truck,mAP50-95,0.39893,5345,1740,True,2026-09-10T16:57:21.009005+00:00
t1_last,clear,truck,mAP50,0.54223,5345,1740,True,2026-09-10T16:57:21.009005+00:00
t1_last,clear,truck,mAP75,0.44172,5345,1740,True,2026-09-10T16:57:21.009005+00:00
t1_last,clear,bus,mAP50-95,0.40325,5345,682,False,2026-09-10T16:57:21.009005+00:00
t1_last,clear,bus,mAP50,0.52238,5345,682,False,2026-09-10T16:57:21.009005+00:00
t1_last,clear,bus,mAP75,0.45833,5345,682,False,2026-09-10T16:57:21.009005+00:00
t1_last,clear,motor,mAP50-95,0.19857,5345,200,False,2026-09-10T16:57:21.009005+00:00
t1_last,clear,motor,mAP50,0.42946,5345,200,False,2026-09-10T16:57:21.009005+00:00
t1_last,clear,motor,mAP75,0.15352,5345,200,False,2026-09-10T16:57:21.009005+00:00
t1_last,clear,bike,mAP50-95,0.22215,5345,391,False,2026-09-10T16:57:21.009005+00:00
t1_last,clear,bike,mAP50,0.4427,5345,391,False,2026-09-10T16:57:21.009005+00:00
t1_last,clear,bike,mAP75,0.18524,5345,391,False,2026-09-10T16:57:21.009005+00:00
t1_last,dawndusk,all,mAP50-95,0.36104,714,8512,True,2026-09-10T16:57:21.009005+00:00
t1_last,dawndusk,all,mAP50,0.57716,714,8512,True,2026-09-10T16:57:21.009005+00:00
t1_last,dawndusk,all,mAP75,0.36134,714,8512,True,2026-09-10T16:57:21.009005+00:00
t1_last,dawndusk,car,mAP50-95,0.49335,714,7964,True,2026-09-10T16:57:21.009005+00:00
t1_last,dawndusk,car,mAP50,0.79082,714,7964,True,2026-09-10T16:57:21.009005+00:00
t1_last,dawndusk,car,mAP75,0.50017,714,7964,True,2026-09-10T16:57:21.009005+00:00
t1_last,dawndusk,truck,mAP50-95,0.44542,714,340,False,2026-09-10T16:57:21.009005+00:00
t1_last,dawndusk,truck,mAP50,0.60367,714,340,False,2026-09-10T16:57:21.009005+00:00
t1_last,dawndusk,truck,mAP75,0.49681,714,340,False,2026-09-10T16:57:21.009005+00:00
t1_last,dawndusk,bus,mAP50-95,0.48262,714,127,False,2026-09-10T16:57:21.009005+00:00
t1_last,dawndusk,bus,mAP50,0.6259,714,127,False,2026-09-10T16:57:21.009005+00:00
t1_last,dawndusk,bus,mAP75,0.55667,714,127,False,2026-09-10T16:57:21.009005+00:00
t1_last,dawndusk,motor,mAP50-95,0.11767,714,22,False,2026-09-10T16:57:21.009005+00:00
t1_last,dawndusk,motor,mAP50,0.3185,714,22,False,2026-09-10T16:57:21.009005+00:00
t1_last,dawndusk,motor,mAP75,0.07426,714,22,False,2026-09-10T16:57:21.009005+00:00
t1_last,dawndusk,bike,mAP50-95,0.26614,714,59,False,2026-09-10T16:57:21.009005+00:00
t1_last,dawndusk,bike,mAP50,0.54689,714,59,False,2026-09-10T16:57:21.009005+00:00
t1_last,dawndusk,bike,mAP75,0.1788,714,59,False,2026-09-10T16:57:21.009005+00:00
t1_last,day,all,mAP50-95,0.33836,4264,51930,True,2026-09-10T16:57:21.009005+00:00
t1_last,day,all,mAP50,0.53299,4264,51930,True,2026-09-10T16:57:21.009005+00:00
t1_last,day,all,mAP75,0.34225,4264,51930,True,2026-09-10T16:57:21.009005+00:00
t1_last,day,car,mAP50-95,0.50039,4264,47715,True,2026-09-10T16:57:21.009005+00:00
t1_last,day,car,mAP50,0.79974,4264,47715,True,2026-09-10T16:57:21.009005+00:00
t1_last,day,car,mAP75,0.50533,4264,47715,True,2026-09-10T16:57:21.009005+00:00
t1_last,day,truck,mAP50-95,0.41289,4264,2532,True,2026-09-10T16:57:21.009005+00:00
t1_last,day,truck,mAP50,0.56809,4264,2532,True,2026-09-10T16:57:21.009005+00:00
t1_last,day,truck,mAP75,0.45077,4264,2532,True,2026-09-10T16:57:21.009005+00:00
t1_last,day,bus,mAP50-95,0.39285,4264,927,True,2026-09-10T16:57:21.009005+00:00
t1_last,day,bus,mAP50,0.51444,4264,927,True,2026-09-10T16:57:21.009005+00:00
t1_last,day,bus,mAP75,0.43563,4264,927,True,2026-09-10T16:57:21.009005+00:00
t1_last,day,motor,mAP50-95,0.1954,4264,262,False,2026-09-10T16:57:21.009005+00:00
t1_last,day,motor,mAP50,0.39178,4264,262,False,2026-09-10T16:57:21.009005+00:00
t1_last,day,motor,mAP75,0.16235,4264,262,False,2026-09-10T16:57:21.009005+00:00
t1_last,day,bike,mAP50-95,0.19028,4264,494,False,2026-09-10T16:57:21.009005+00:00
t1_last,day,bike,mAP50,0.39091,4264,494,False,2026-09-10T16:57:21.009005+00:00
t1_last,day,bike,mAP75,0.15717,4264,494,False,2026-09-10T16:57:21.009005+00:00
t1_last,day_adverse,all,mAP50-95,0.33307,823,9252,True,2026-09-10T16:57:21.009005+00:00
t1_last,day_adverse,all,mAP50,0.51887,823,9252,True,2026-09-10T16:57:21.009005+00:00
t1_last,day_adverse,all,mAP75,0.34973,823,9252,True,2026-09-10T16:57:21.009005+00:00
t1_last,day_adverse,car,mAP50-95,0.50631,823,8401,True,2026-09-10T16:57:21.009005+00:00
t1_last,day_adverse,car,mAP50,0.80601,823,8401,True,2026-09-10T16:57:21.009005+00:00
t1_last,day_adverse,car,mAP75,0.51042,823,8401,True,2026-09-10T16:57:21.009005+00:00
t1_last,day_adverse,truck,mAP50-95,0.41906,823,540,False,2026-09-10T16:57:21.009005+00:00
t1_last,day_adverse,truck,mAP50,0.58757,823,540,False,2026-09-10T16:57:21.009005+00:00
t1_last,day_adverse,truck,mAP75,0.46565,823,540,False,2026-09-10T16:57:21.009005+00:00
t1_last,day_adverse,bus,mAP50-95,0.35329,823,194,False,2026-09-10T16:57:21.009005+00:00
t1_last,day_adverse,bus,mAP50,0.46961,823,194,False,2026-09-10T16:57:21.009005+00:00
t1_last,day_adverse,bus,mAP75,0.37893,823,194,False,2026-09-10T16:57:21.009005+00:00
t1_last,day_adverse,motor,mAP50-95,0.20902,823,23,False,2026-09-10T16:57:21.009005+00:00
t1_last,day_adverse,motor,mAP50,0.37207,823,23,False,2026-09-10T16:57:21.009005+00:00
t1_last,day_adverse,motor,mAP75,0.21541,823,23,False,2026-09-10T16:57:21.009005+00:00
t1_last,day_adverse,bike,mAP50-95,0.17766,823,94,False,2026-09-10T16:57:21.009005+00:00
t1_last,day_adverse,bike,mAP50,0.35907,823,94,False,2026-09-10T16:57:21.009005+00:00
t1_last,day_adverse,bike,mAP75,0.17823,823,94,False,2026-09-10T16:57:21.009005+00:00
t1_last,day_clear,all,mAP50-95,0.34526,1764,21352,True,2026-09-10T16:57:21.009005+00:00
t1_last,day_clear,all,mAP50,0.5357,1764,21352,True,2026-09-10T16:57:21.009005+00:00
t1_last,day_clear,all,mAP75,0.35431,1764,21352,True,2026-09-10T16:57:21.009005+00:00
t1_last,day_clear,car,mAP50-95,0.49561,1764,19633,True,2026-09-10T16:57:21.009005+00:00
t1_last,day_clear,car,mAP50,0.794,1764,19633,True,2026-09-10T16:57:21.009005+00:00
t1_last,day_clear,car,mAP75,0.50045,1764,19633,True,2026-09-10T16:57:21.009005+00:00
t1_last,day_clear,truck,mAP50-95,0.40339,1764,1021,True,2026-09-10T16:57:21.009005+00:00
t1_last,day_clear,truck,mAP50,0.54531,1764,1021,True,2026-09-10T16:57:21.009005+00:00
t1_last,day_clear,truck,mAP75,0.44135,1764,1021,True,2026-09-10T16:57:21.009005+00:00
t1_last,day_clear,bus,mAP50-95,0.41281,1764,380,False,2026-09-10T16:57:21.009005+00:00
t1_last,day_clear,bus,mAP50,0.53085,1764,380,False,2026-09-10T16:57:21.009005+00:00
t1_last,day_clear,bus,mAP75,0.47083,1764,380,False,2026-09-10T16:57:21.009005+00:00
t1_last,day_clear,motor,mAP50-95,0.22408,1764,111,False,2026-09-10T16:57:21.009005+00:00
t1_last,day_clear,motor,mAP50,0.44586,1764,111,False,2026-09-10T16:57:21.009005+00:00
t1_last,day_clear,motor,mAP75,0.18485,1764,111,False,2026-09-10T16:57:21.009005+00:00
t1_last,day_clear,bike,mAP50-95,0.19039,1764,207,False,2026-09-10T16:57:21.009005+00:00
t1_last,day_clear,bike,mAP50,0.3625,1764,207,False,2026-09-10T16:57:21.009005+00:00
t1_last,day_clear,bike,mAP75,0.17405,1764,207,False,2026-09-10T16:57:21.009005+00:00
t1_last,day_rainy,all,mAP50-95,0.36456,396,4356,True,2026-09-10T16:57:21.009005+00:00
t1_last,day_rainy,all,mAP50,0.56859,396,4356,True,2026-09-10T16:57:21.009005+00:00
t1_last,day_rainy,all,mAP75,0.38955,396,4356,True,2026-09-10T16:57:21.009005+00:00
t1_last,day_rainy,car,mAP50-95,0.51178,396,3930,True,2026-09-10T16:57:21.009005+00:00
t1_last,day_rainy,car,mAP50,0.81215,396,3930,True,2026-09-10T16:57:21.009005+00:00
t1_last,day_rainy,car,mAP75,0.51726,396,3930,True,2026-09-10T16:57:21.009005+00:00
t1_last,day_rainy,truck,mAP50-95,0.42242,396,272,False,2026-09-10T16:57:21.009005+00:00
t1_last,day_rainy,truck,mAP50,0.60729,396,272,False,2026-09-10T16:57:21.009005+00:00
t1_last,day_rainy,truck,mAP75,0.46453,396,272,False,2026-09-10T16:57:21.009005+00:00
t1_last,day_rainy,bus,mAP50-95,0.36667,396,97,False,2026-09-10T16:57:21.009005+00:00
t1_last,day_rainy,bus,mAP50,0.49257,396,97,False,2026-09-10T16:57:21.009005+00:00
t1_last,day_rainy,bus,mAP75,0.39562,396,97,False,2026-09-10T16:57:21.009005+00:00
t1_last,day_rainy,motor,mAP50-95,0.29917,396,16,False,2026-09-10T16:57:21.009005+00:00
t1_last,day_rainy,motor,mAP50,0.48107,396,16,False,2026-09-10T16:57:21.009005+00:00
t1_last,day_rainy,motor,mAP75,0.3352,396,16,False,2026-09-10T16:57:21.009005+00:00
t1_last,day_rainy,bike,mAP50-95,0.22279,396,41,False,2026-09-10T16:57:21.009005+00:00
t1_last,day_rainy,bike,mAP50,0.44989,396,41,False,2026-09-10T16:57:21.009005+00:00
t1_last,day_rainy,bike,mAP75,0.23513,396,41,False,2026-09-10T16:57:21.009005+00:00
t1_last,day_snowy,all,mAP50-95,0.29209,422,4842,True,2026-09-10T16:57:21.009005+00:00
t1_last,day_snowy,all,mAP50,0.4526,422,4842,True,2026-09-10T16:57:21.009005+00:00
t1_last,day_snowy,all,mAP75,0.2979,422,4842,True,2026-09-10T16:57:21.009005+00:00
t1_last,day_snowy,car,mAP50-95,0.50201,422,4421,True,2026-09-10T16:57:21.009005+00:00
t1_last,day_snowy,car,mAP50,0.80079,422,4421,True,2026-09-10T16:57:21.009005+00:00
t1_last,day_snowy,car,mAP75,0.50497,422,4421,True,2026-09-10T16:57:21.009005+00:00
t1_last,day_snowy,truck,mAP50-95,0.42234,422,264,False,2026-09-10T16:57:21.009005+00:00
t1_last,day_snowy,truck,mAP50,0.57702,422,264,False,2026-09-10T16:57:21.009005+00:00
t1_last,day_snowy,truck,mAP75,0.47356,422,264,False,2026-09-10T16:57:21.009005+00:00
t1_last,day_snowy,bus,mAP50-95,0.34448,422,97,False,2026-09-10T16:57:21.009005+00:00
t1_last,day_snowy,bus,mAP50,0.44566,422,97,False,2026-09-10T16:57:21.009005+00:00
t1_last,day_snowy,bus,mAP75,0.36816,422,97,False,2026-09-10T16:57:21.009005+00:00
t1_last,day_snowy,motor,mAP50-95,0.04455,422,7,False,2026-09-10T16:57:21.009005+00:00
t1_last,day_snowy,motor,mAP50,0.14851,422,7,False,2026-09-10T16:57:21.009005+00:00
t1_last,day_snowy,motor,mAP75,0.0,422,7,False,2026-09-10T16:57:21.009005+00:00
t1_last,day_snowy,bike,mAP50-95,0.14706,422,53,False,2026-09-10T16:57:21.009005+00:00
t1_last,day_snowy,bike,mAP50,0.29102,422,53,False,2026-09-10T16:57:21.009005+00:00
t1_last,day_snowy,bike,mAP75,0.14281,422,53,False,2026-09-10T16:57:21.009005+00:00
t1_last,foggy,all,mAP50-95,0.23635,13,144,False,2026-09-10T16:57:21.009005+00:00
t1_last,foggy,all,mAP50,0.63731,13,144,False,2026-09-10T16:57:21.009005+00:00
t1_last,foggy,all,mAP75,0.21687,13,144,False,2026-09-10T16:57:21.009005+00:00
t1_last,foggy,car,mAP50-95,0.4427,13,138,False,2026-09-10T16:57:21.009005+00:00
t1_last,foggy,car,mAP50,0.70402,13,138,False,2026-09-10T16:57:21.009005+00:00
t1_last,foggy,car,mAP75,0.44269,13,138,False,2026-09-10T16:57:21.009005+00:00
t1_last,foggy,truck,mAP50-95,0.16634,13,5,False,2026-09-10T16:57:21.009005+00:00
t1_last,foggy,truck,mAP50,0.20792,13,5,False,2026-09-10T16:57:21.009005+00:00
t1_last,foggy,truck,mAP75,0.20792,13,5,False,2026-09-10T16:57:21.009005+00:00
t1_last,foggy,bus,mAP50-95,,13,0,False,2026-09-10T16:57:21.009005+00:00
t1_last,foggy,bus,mAP50,,13,0,False,2026-09-10T16:57:21.009005+00:00
t1_last,foggy,bus,mAP75,,13,0,False,2026-09-10T16:57:21.009005+00:00
t1_last,foggy,motor,mAP50-95,0.1,13,1,False,2026-09-10T16:57:21.009005+00:00
t1_last,foggy,motor,mAP50,1.0,13,1,False,2026-09-10T16:57:21.009005+00:00
t1_last,foggy,motor,mAP75,0.0,13,1,False,2026-09-10T16:57:21.009005+00:00
t1_last,foggy,bike,mAP50-95,,13,0,False,2026-09-10T16:57:21.009005+00:00
t1_last,foggy,bike,mAP50,,13,0,False,2026-09-10T16:57:21.009005+00:00
t1_last,foggy,bike,mAP75,,13,0,False,2026-09-10T16:57:21.009005+00:00
t1_last,night,all,mAP50-95,0.32788,3863,36751,True,2026-09-10T16:57:21.009005+00:00
t1_last,night,all,mAP50,0.54347,3863,36751,True,2026-09-10T16:57:21.009005+00:00
t1_last,night,all,mAP75,0.32584,3863,36751,True,2026-09-10T16:57:21.009005+00:00
t1_last,night,car,mAP50-95,0.43279,3863,35439,True,2026-09-10T16:57:21.009005+00:00
t1_last,night,car,mAP50,0.76848,3863,35439,True,2026-09-10T16:57:21.009005+00:00
t1_last,night,car,mAP75,0.40932,3863,35439,True,2026-09-10T16:57:21.009005+00:00
t1_last,night,truck,mAP50-95,0.39198,3863,736,False,2026-09-10T16:57:21.009005+00:00
t1_last,night,truck,mAP50,0.53727,3863,736,False,2026-09-10T16:57:21.009005+00:00
t1_last,night,truck,mAP75,0.43686,3863,736,False,2026-09-10T16:57:21.009005+00:00
t1_last,night,bus,mAP50-95,0.39385,3863,297,False,2026-09-10T16:57:21.009005+00:00
t1_last,night,bus,mAP50,0.50745,3863,297,False,2026-09-10T16:57:21.009005+00:00
t1_last,night,bus,mAP75,0.44455,3863,297,False,2026-09-10T16:57:21.009005+00:00
t1_last,night,motor,mAP50-95,0.17807,3863,93,False,2026-09-10T16:57:21.009005+00:00
t1_last,night,motor,mAP50,0.4165,3863,93,False,2026-09-10T16:57:21.009005+00:00
t1_last,night,motor,mAP75,0.13466,3863,93,False,2026-09-10T16:57:21.009005+00:00
t1_last,night,bike,mAP50-95,0.24271,3863,186,False,2026-09-10T16:57:21.009005+00:00
t1_last,night,bike,mAP50,0.48766,3863,186,False,2026-09-10T16:57:21.009005+00:00
t1_last,night,bike,mAP75,0.20383,3863,186,False,2026-09-10T16:57:21.009005+00:00
t1_last,night_adverse,all,mAP50-95,0.34733,566,4986,True,2026-09-10T16:57:21.009005+00:00
t1_last,night_adverse,all,mAP50,0.52724,566,4986,True,2026-09-10T16:57:21.009005+00:00
t1_last,night_adverse,all,mAP75,0.37927,566,4986,True,2026-09-10T16:57:21.009005+00:00
t1_last,night_adverse,car,mAP50-95,0.44426,566,4743,True,2026-09-10T16:57:21.009005+00:00
t1_last,night_adverse,car,mAP50,0.7654,566,4743,True,2026-09-10T16:57:21.009005+00:00
t1_last,night_adverse,car,mAP75,0.43369,566,4743,True,2026-09-10T16:57:21.009005+00:00
t1_last,night_adverse,truck,mAP50-95,0.36022,566,156,False,2026-09-10T16:57:21.009005+00:00
t1_last,night_adverse,truck,mAP50,0.50748,566,156,False,2026-09-10T16:57:21.009005+00:00
t1_last,night_adverse,truck,mAP75,0.3903,566,156,False,2026-09-10T16:57:21.009005+00:00
t1_last,night_adverse,bus,mAP50-95,0.51994,566,41,False,2026-09-10T16:57:21.009005+00:00
t1_last,night_adverse,bus,mAP50,0.65672,566,41,False,2026-09-10T16:57:21.009005+00:00
t1_last,night_adverse,bus,mAP75,0.6112,566,41,False,2026-09-10T16:57:21.009005+00:00
t1_last,night_adverse,motor,mAP50-95,0.22848,566,12,False,2026-09-10T16:57:21.009005+00:00
t1_last,night_adverse,motor,mAP50,0.33003,566,12,False,2026-09-10T16:57:21.009005+00:00
t1_last,night_adverse,motor,mAP75,0.28053,566,12,False,2026-09-10T16:57:21.009005+00:00
t1_last,night_adverse,bike,mAP50-95,0.18374,566,34,False,2026-09-10T16:57:21.009005+00:00
t1_last,night_adverse,bike,mAP50,0.37656,566,34,False,2026-09-10T16:57:21.009005+00:00
t1_last,night_adverse,bike,mAP75,0.18065,566,34,False,2026-09-10T16:57:21.009005+00:00
t1_last,night_clear,all,mAP50-95,0.32692,3274,31550,True,2026-09-10T16:57:21.009005+00:00
t1_last,night_clear,all,mAP50,0.54825,3274,31550,True,2026-09-10T16:57:21.009005+00:00
t1_last,night_clear,all,mAP75,0.32019,3274,31550,True,2026-09-10T16:57:21.009005+00:00
t1_last,night_clear,car,mAP50-95,0.43042,3274,30489,True,2026-09-10T16:57:21.009005+00:00
t1_last,night_clear,car,mAP50,0.76887,3274,30489,True,2026-09-10T16:57:21.009005+00:00
t1_last,night_clear,car,mAP75,0.40515,3274,30489,True,2026-09-10T16:57:21.009005+00:00
t1_last,night_clear,truck,mAP50-95,0.39825,3274,577,False,2026-09-10T16:57:21.009005+00:00
t1_last,night_clear,truck,mAP50,0.54404,3274,577,False,2026-09-10T16:57:21.009005+00:00
t1_last,night_clear,truck,mAP75,0.44548,3274,577,False,2026-09-10T16:57:21.009005+00:00
t1_last,night_clear,bus,mAP50-95,0.3684,3274,251,False,2026-09-10T16:57:21.009005+00:00
t1_last,night_clear,bus,mAP50,0.47677,3274,251,False,2026-09-10T16:57:21.009005+00:00
t1_last,night_clear,bus,mAP75,0.40962,3274,251,False,2026-09-10T16:57:21.009005+00:00
t1_last,night_clear,motor,mAP50-95,0.17956,3274,81,False,2026-09-10T16:57:21.009005+00:00
t1_last,night_clear,motor,mAP50,0.43708,3274,81,False,2026-09-10T16:57:21.009005+00:00
t1_last,night_clear,motor,mAP75,0.12834,3274,81,False,2026-09-10T16:57:21.009005+00:00
t1_last,night_clear,bike,mAP50-95,0.25797,3274,152,False,2026-09-10T16:57:21.009005+00:00
t1_last,night_clear,bike,mAP50,0.5145,3274,152,False,2026-09-10T16:57:21.009005+00:00
t1_last,night_clear,bike,mAP75,0.21235,3274,152,False,2026-09-10T16:57:21.009005+00:00
t1_last,night_rainy,all,mAP50-95,0.41509,286,2535,True,2026-09-10T16:57:21.009005+00:00
t1_last,night_rainy,all,mAP50,0.59927,286,2535,True,2026-09-10T16:57:21.009005+00:00
t1_last,night_rainy,all,mAP75,0.45949,286,2535,True,2026-09-10T16:57:21.009005+00:00
t1_last,night_rainy,car,mAP50-95,0.43442,286,2416,True,2026-09-10T16:57:21.009005+00:00
t1_last,night_rainy,car,mAP50,0.74643,286,2416,True,2026-09-10T16:57:21.009005+00:00
t1_last,night_rainy,car,mAP75,0.43245,286,2416,True,2026-09-10T16:57:21.009005+00:00
t1_last,night_rainy,truck,mAP50-95,0.43077,286,72,False,2026-09-10T16:57:21.009005+00:00
t1_last,night_rainy,truck,mAP50,0.58293,286,72,False,2026-09-10T16:57:21.009005+00:00
t1_last,night_rainy,truck,mAP75,0.49984,286,72,False,2026-09-10T16:57:21.009005+00:00
t1_last,night_rainy,bus,mAP50-95,0.61807,286,22,False,2026-09-10T16:57:21.009005+00:00
t1_last,night_rainy,bus,mAP50,0.76501,286,22,False,2026-09-10T16:57:21.009005+00:00
t1_last,night_rainy,bus,mAP75,0.68366,286,22,False,2026-09-10T16:57:21.009005+00:00
t1_last,night_rainy,motor,mAP50-95,0.29905,286,10,False,2026-09-10T16:57:21.009005+00:00
t1_last,night_rainy,motor,mAP50,0.43706,286,10,False,2026-09-10T16:57:21.009005+00:00
t1_last,night_rainy,motor,mAP75,0.36634,286,10,False,2026-09-10T16:57:21.009005+00:00
t1_last,night_rainy,bike,mAP50-95,0.29315,286,15,False,2026-09-10T16:57:21.009005+00:00
t1_last,night_rainy,bike,mAP50,0.46492,286,15,False,2026-09-10T16:57:21.009005+00:00
t1_last,night_rainy,bike,mAP75,0.31518,286,15,False,2026-09-10T16:57:21.009005+00:00
t1_last,night_snowy,all,mAP50-95,0.25608,273,2374,True,2026-09-10T16:57:21.009005+00:00
t1_last,night_snowy,all,mAP50,0.42371,273,2374,True,2026-09-10T16:57:21.009005+00:00
t1_last,night_snowy,all,mAP75,0.27125,273,2374,True,2026-09-10T16:57:21.009005+00:00
t1_last,night_snowy,car,mAP50-95,0.45764,273,2251,True,2026-09-10T16:57:21.009005+00:00
t1_last,night_snowy,car,mAP50,0.79112,273,2251,True,2026-09-10T16:57:21.009005+00:00
t1_last,night_snowy,car,mAP75,0.4378,273,2251,True,2026-09-10T16:57:21.009005+00:00
t1_last,night_snowy,truck,mAP50-95,0.30158,273,83,False,2026-09-10T16:57:21.009005+00:00
t1_last,night_snowy,truck,mAP50,0.44142,273,83,False,2026-09-10T16:57:21.009005+00:00
t1_last,night_snowy,truck,mAP75,0.30072,273,83,False,2026-09-10T16:57:21.009005+00:00
t1_last,night_snowy,bus,mAP50-95,0.41172,273,19,False,2026-09-10T16:57:21.009005+00:00
t1_last,night_snowy,bus,mAP50,0.53249,273,19,False,2026-09-10T16:57:21.009005+00:00
t1_last,night_snowy,bus,mAP75,0.53249,273,19,False,2026-09-10T16:57:21.009005+00:00
t1_last,night_snowy,motor,mAP50-95,0.0,273,2,False,2026-09-10T16:57:21.009005+00:00
t1_last,night_snowy,motor,mAP50,0.0,273,2,False,2026-09-10T16:57:21.009005+00:00
t1_last,night_snowy,motor,mAP75,0.0,273,2,False,2026-09-10T16:57:21.009005+00:00
t1_last,night_snowy,bike,mAP50-95,0.10947,273,19,False,2026-09-10T16:57:21.009005+00:00
t1_last,night_snowy,bike,mAP50,0.3535,273,19,False,2026-09-10T16:57:21.009005+00:00
t1_last,night_snowy,bike,mAP75,0.08525,273,19,False,2026-09-10T16:57:21.009005+00:00
t1_last,overcast,all,mAP50-95,0.34588,1239,15505,True,2026-09-10T16:57:21.009005+00:00
t1_last,overcast,all,mAP50,0.55217,1239,15505,True,2026-09-10T16:57:21.009005+00:00
t1_last,overcast,all,mAP75,0.33468,1239,15505,True,2026-09-10T16:57:21.009005+00:00
t1_last,overcast,car,mAP50-95,0.50905,1239,14370,True,2026-09-10T16:57:21.009005+00:00
t1_last,overcast,car,mAP50,0.8091,1239,14370,True,2026-09-10T16:57:21.009005+00:00
t1_last,overcast,car,mAP75,0.51469,1239,14370,True,2026-09-10T16:57:21.009005+00:00
t1_last,overcast,truck,mAP50-95,0.43388,1239,660,False,2026-09-10T16:57:21.009005+00:00
t1_last,overcast,truck,mAP50,0.59689,1239,660,False,2026-09-10T16:57:21.009005+00:00
t1_last,overcast,truck,mAP75,0.46984,1239,660,False,2026-09-10T16:57:21.009005+00:00
t1_last,overcast,bus,mAP50-95,0.41359,1239,262,False,2026-09-10T16:57:21.009005+00:00
t1_last,overcast,bus,mAP50,0.54735,1239,262,False,2026-09-10T16:57:21.009005+00:00
t1_last,overcast,bus,mAP75,0.44358,1239,262,False,2026-09-10T16:57:21.009005+00:00
t1_last,overcast,motor,mAP50-95,0.14854,1239,72,False,2026-09-10T16:57:21.009005+00:00
t1_last,overcast,motor,mAP50,0.32615,1239,72,False,2026-09-10T16:57:21.009005+00:00
t1_last,overcast,motor,mAP75,0.0864,1239,72,False,2026-09-10T16:57:21.009005+00:00
t1_last,overcast,bike,mAP50-95,0.22433,1239,141,False,2026-09-10T16:57:21.009005+00:00
t1_last,overcast,bike,mAP50,0.48136,1239,141,False,2026-09-10T16:57:21.009005+00:00
t1_last,overcast,bike,mAP75,0.15889,1239,141,False,2026-09-10T16:57:21.009005+00:00
t1_last,partlycloudy,all,mAP50-95,0.34081,738,9256,True,2026-09-10T16:57:21.009005+00:00
t1_last,partlycloudy,all,mAP50,0.53328,738,9256,True,2026-09-10T16:57:21.009005+00:00
t1_last,partlycloudy,all,mAP75,0.35161,738,9256,True,2026-09-10T16:57:21.009005+00:00
t1_last,partlycloudy,car,mAP50-95,0.48998,738,8526,True,2026-09-10T16:57:21.009005+00:00
t1_last,partlycloudy,car,mAP50,0.78622,738,8526,True,2026-09-10T16:57:21.009005+00:00
t1_last,partlycloudy,car,mAP75,0.49855,738,8526,True,2026-09-10T16:57:21.009005+00:00
t1_last,partlycloudy,truck,mAP50-95,0.43118,738,454,False,2026-09-10T16:57:21.009005+00:00
t1_last,partlycloudy,truck,mAP50,0.59439,738,454,False,2026-09-10T16:57:21.009005+00:00
t1_last,partlycloudy,truck,mAP75,0.45431,738,454,False,2026-09-10T16:57:21.009005+00:00
t1_last,partlycloudy,bus,mAP50-95,0.40317,738,142,False,2026-09-10T16:57:21.009005+00:00
t1_last,partlycloudy,bus,mAP50,0.51655,738,142,False,2026-09-10T16:57:21.009005+00:00
t1_last,partlycloudy,bus,mAP75,0.46036,738,142,False,2026-09-10T16:57:21.009005+00:00
t1_last,partlycloudy,motor,mAP50-95,0.21808,738,65,False,2026-09-10T16:57:21.009005+00:00
t1_last,partlycloudy,motor,mAP50,0.41475,738,65,False,2026-09-10T16:57:21.009005+00:00
t1_last,partlycloudy,motor,mAP75,0.23369,738,65,False,2026-09-10T16:57:21.009005+00:00
t1_last,partlycloudy,bike,mAP50-95,0.16163,738,69,False,2026-09-10T16:57:21.009005+00:00
t1_last,partlycloudy,bike,mAP50,0.35448,738,69,False,2026-09-10T16:57:21.009005+00:00
t1_last,partlycloudy,bike,mAP75,0.11116,738,69,False,2026-09-10T16:57:21.009005+00:00
t1_last,rainy,all,mAP50-95,0.36454,737,7541,True,2026-09-10T16:57:21.009005+00:00
t1_last,rainy,all,mAP50,0.5564,737,7541,True,2026-09-10T16:57:21.009005+00:00
t1_last,rainy,all,mAP75,0.39617,737,7541,True,2026-09-10T16:57:21.009005+00:00
t1_last,rainy,car,mAP50-95,0.48357,737,6944,True,2026-09-10T16:57:21.009005+00:00
t1_last,rainy,car,mAP50,0.78736,737,6944,True,2026-09-10T16:57:21.009005+00:00
t1_last,rainy,car,mAP75,0.48635,737,6944,True,2026-09-10T16:57:21.009005+00:00
t1_last,rainy,truck,mAP50-95,0.42622,737,378,False,2026-09-10T16:57:21.009005+00:00
t1_last,rainy,truck,mAP50,0.60502,737,378,False,2026-09-10T16:57:21.009005+00:00
t1_last,rainy,truck,mAP75,0.47919,737,378,False,2026-09-10T16:57:21.009005+00:00
t1_last,rainy,bus,mAP50-95,0.41906,737,132,False,2026-09-10T16:57:21.009005+00:00
t1_last,rainy,bus,mAP50,0.55004,737,132,False,2026-09-10T16:57:21.009005+00:00
t1_last,rainy,bus,mAP75,0.45918,737,132,False,2026-09-10T16:57:21.009005+00:00
t1_last,rainy,motor,mAP50-95,0.24866,737,30,False,2026-09-10T16:57:21.009005+00:00
t1_last,rainy,motor,mAP50,0.39244,737,30,False,2026-09-10T16:57:21.009005+00:00
t1_last,rainy,motor,mAP75,0.29023,737,30,False,2026-09-10T16:57:21.009005+00:00
t1_last,rainy,bike,mAP50-95,0.24519,737,57,False,2026-09-10T16:57:21.009005+00:00
t1_last,rainy,bike,mAP50,0.44714,737,57,False,2026-09-10T16:57:21.009005+00:00
t1_last,rainy,bike,mAP75,0.26591,737,57,False,2026-09-10T16:57:21.009005+00:00
t1_last,snowy,all,mAP50-95,0.28242,769,8080,True,2026-09-10T16:57:21.009005+00:00
t1_last,snowy,all,mAP50,0.44308,769,8080,True,2026-09-10T16:57:21.009005+00:00
t1_last,snowy,all,mAP75,0.29104,769,8080,True,2026-09-10T16:57:21.009005+00:00
t1_last,snowy,car,mAP50-95,0.48781,769,7486,True,2026-09-10T16:57:21.009005+00:00
t1_last,snowy,car,mAP50,0.79476,769,7486,True,2026-09-10T16:57:21.009005+00:00
t1_last,snowy,car,mAP75,0.48569,769,7486,True,2026-09-10T16:57:21.009005+00:00
t1_last,snowy,truck,mAP50-95,0.40029,769,371,False,2026-09-10T16:57:21.009005+00:00
t1_last,snowy,truck,mAP50,0.54842,769,371,False,2026-09-10T16:57:21.009005+00:00
t1_last,snowy,truck,mAP75,0.44092,769,371,False,2026-09-10T16:57:21.009005+00:00
t1_last,snowy,bus,mAP50-95,0.35146,769,133,False,2026-09-10T16:57:21.009005+00:00
t1_last,snowy,bus,mAP50,0.45735,769,133,False,2026-09-10T16:57:21.009005+00:00
t1_last,snowy,bus,mAP75,0.39153,769,133,False,2026-09-10T16:57:21.009005+00:00
t1_last,snowy,motor,mAP50-95,0.03564,769,9,False,2026-09-10T16:57:21.009005+00:00
t1_last,snowy,motor,mAP50,0.11881,769,9,False,2026-09-10T16:57:21.009005+00:00
t1_last,snowy,motor,mAP75,0.0,769,9,False,2026-09-10T16:57:21.009005+00:00
t1_last,snowy,bike,mAP50-95,0.13687,769,81,False,2026-09-10T16:57:21.009005+00:00
t1_last,snowy,bike,mAP50,0.29603,769,81,False,2026-09-10T16:57:21.009005+00:00
t1_last,snowy,bike,mAP75,0.13705,769,81,False,2026-09-10T16:57:21.009005+00:00
t1_e90,overall,all,mAP50-95,0.33581,8841,97193,True,2026-09-10T16:57:21.009005+00:00
t1_e90,overall,all,mAP50,0.54048,8841,97193,True,2026-09-10T16:57:21.009005+00:00
t1_e90,overall,all,mAP75,0.33436,8841,97193,True,2026-09-10T16:57:21.009005+00:00
t1_e90,overall,car,mAP50-95,0.4742,8841,91118,True,2026-09-10T16:57:21.009005+00:00
t1_e90,overall,car,mAP50,0.78718,8841,91118,True,2026-09-10T16:57:21.009005+00:00
t1_e90,overall,car,mAP75,0.46804,8841,91118,True,2026-09-10T16:57:21.009005+00:00
t1_e90,overall,truck,mAP50-95,0.41385,8841,3608,True,2026-09-10T16:57:21.009005+00:00
t1_e90,overall,truck,mAP50,0.57025,8841,3608,True,2026-09-10T16:57:21.009005+00:00
t1_e90,overall,truck,mAP75,0.45027,8841,3608,True,2026-09-10T16:57:21.009005+00:00
t1_e90,overall,bus,mAP50-95,0.40041,8841,1351,True,2026-09-10T16:57:21.009005+00:00
t1_e90,overall,bus,mAP50,0.52242,8841,1351,True,2026-09-10T16:57:21.009005+00:00
t1_e90,overall,bus,mAP75,0.44497,8841,1351,True,2026-09-10T16:57:21.009005+00:00
t1_e90,overall,motor,mAP50-95,0.18353,8841,377,False,2026-09-10T16:57:21.009005+00:00
t1_e90,overall,motor,mAP50,0.39367,8841,377,False,2026-09-10T16:57:21.009005+00:00
t1_e90,overall,motor,mAP75,0.14314,8841,377,False,2026-09-10T16:57:21.009005+00:00
t1_e90,overall,bike,mAP50-95,0.20708,8841,739,False,2026-09-10T16:57:21.009005+00:00
t1_e90,overall,bike,mAP50,0.42888,8841,739,False,2026-09-10T16:57:21.009005+00:00
t1_e90,overall,bike,mAP75,0.16538,8841,739,False,2026-09-10T16:57:21.009005+00:00
t1_e90,adverse,all,mAP50-95,0.32675,1519,15765,True,2026-09-10T16:57:21.009005+00:00
t1_e90,adverse,all,mAP50,0.51131,1519,15765,True,2026-09-10T16:57:21.009005+00:00
t1_e90,adverse,all,mAP75,0.33779,1519,15765,True,2026-09-10T16:57:21.009005+00:00
t1_e90,adverse,car,mAP50-95,0.48677,1519,14568,True,2026-09-10T16:57:21.009005+00:00
t1_e90,adverse,car,mAP50,0.79318,1519,14568,True,2026-09-10T16:57:21.009005+00:00
t1_e90,adverse,car,mAP75,0.48629,1519,14568,True,2026-09-10T16:57:21.009005+00:00
t1_e90,adverse,truck,mAP50-95,0.4131,1519,754,False,2026-09-10T16:57:21.009005+00:00
t1_e90,adverse,truck,mAP50,0.58055,1519,754,False,2026-09-10T16:57:21.009005+00:00
t1_e90,adverse,truck,mAP75,0.45654,1519,754,False,2026-09-10T16:57:21.009005+00:00
t1_e90,adverse,bus,mAP50-95,0.38478,1519,265,False,2026-09-10T16:57:21.009005+00:00
t1_e90,adverse,bus,mAP50,0.49948,1519,265,False,2026-09-10T16:57:21.009005+00:00
t1_e90,adverse,bus,mAP75,0.42464,1519,265,False,2026-09-10T16:57:21.009005+00:00
t1_e90,adverse,motor,mAP50-95,0.1696,1519,40,False,2026-09-10T16:57:21.009005+00:00
t1_e90,adverse,motor,mAP50,0.31066,1519,40,False,2026-09-10T16:57:21.009005+00:00
t1_e90,adverse,motor,mAP75,0.17312,1519,40,False,2026-09-10T16:57:21.009005+00:00
t1_e90,adverse,bike,mAP50-95,0.17951,1519,138,False,2026-09-10T16:57:21.009005+00:00
t1_e90,adverse,bike,mAP50,0.37267,1519,138,False,2026-09-10T16:57:21.009005+00:00
t1_e90,adverse,bike,mAP75,0.14834,1519,138,False,2026-09-10T16:57:21.009005+00:00
t1_e90,benign,all,mAP50-95,0.33827,7322,81428,True,2026-09-10T16:57:21.009005+00:00
t1_e90,benign,all,mAP50,0.54617,7322,81428,True,2026-09-10T16:57:21.009005+00:00
t1_e90,benign,all,mAP75,0.33489,7322,81428,True,2026-09-10T16:57:21.009005+00:00
t1_e90,benign,car,mAP50-95,0.47187,7322,76550,True,2026-09-10T16:57:21.009005+00:00
t1_e90,benign,car,mAP50,0.78634,7322,76550,True,2026-09-10T16:57:21.009005+00:00
t1_e90,benign,car,mAP75,0.46508,7322,76550,True,2026-09-10T16:57:21.009005+00:00
t1_e90,benign,truck,mAP50-95,0.41442,7322,2854,True,2026-09-10T16:57:21.009005+00:00
t1_e90,benign,truck,mAP50,0.56761,7322,2854,True,2026-09-10T16:57:21.009005+00:00
t1_e90,benign,truck,mAP75,0.44947,7322,2854,True,2026-09-10T16:57:21.009005+00:00
t1_e90,benign,bus,mAP50-95,0.40506,7322,1086,True,2026-09-10T16:57:21.009005+00:00
t1_e90,benign,bus,mAP50,0.52942,7322,1086,True,2026-09-10T16:57:21.009005+00:00
t1_e90,benign,bus,mAP75,0.44901,7322,1086,True,2026-09-10T16:57:21.009005+00:00
t1_e90,benign,motor,mAP50-95,0.18706,7322,337,False,2026-09-10T16:57:21.009005+00:00
t1_e90,benign,motor,mAP50,0.40548,7322,337,False,2026-09-10T16:57:21.009005+00:00
t1_e90,benign,motor,mAP75,0.14264,7322,337,False,2026-09-10T16:57:21.009005+00:00
t1_e90,benign,bike,mAP50-95,0.21293,7322,601,False,2026-09-10T16:57:21.009005+00:00
t1_e90,benign,bike,mAP50,0.442,7322,601,False,2026-09-10T16:57:21.009005+00:00
t1_e90,benign,bike,mAP75,0.16824,7322,601,False,2026-09-10T16:57:21.009005+00:00
t1_e90,clear,all,mAP50-95,0.33589,5345,56667,True,2026-09-10T16:57:21.009005+00:00
t1_e90,clear,all,mAP50,0.54654,5345,56667,True,2026-09-10T16:57:21.009005+00:00
t1_e90,clear,all,mAP75,0.3355,5345,56667,True,2026-09-10T16:57:21.009005+00:00
t1_e90,clear,car,mAP50-95,0.45873,5345,53654,True,2026-09-10T16:57:21.009005+00:00
t1_e90,clear,car,mAP50,0.77988,5345,53654,True,2026-09-10T16:57:21.009005+00:00
t1_e90,clear,car,mAP75,0.4467,5345,53654,True,2026-09-10T16:57:21.009005+00:00
t1_e90,clear,truck,mAP50-95,0.40264,5345,1740,True,2026-09-10T16:57:21.009005+00:00
t1_e90,clear,truck,mAP50,0.54901,5345,1740,True,2026-09-10T16:57:21.009005+00:00
t1_e90,clear,truck,mAP75,0.44328,5345,1740,True,2026-09-10T16:57:21.009005+00:00
t1_e90,clear,bus,mAP50-95,0.40334,5345,682,False,2026-09-10T16:57:21.009005+00:00
t1_e90,clear,bus,mAP50,0.52357,5345,682,False,2026-09-10T16:57:21.009005+00:00
t1_e90,clear,bus,mAP75,0.45341,5345,682,False,2026-09-10T16:57:21.009005+00:00
t1_e90,clear,motor,mAP50-95,0.19657,5345,200,False,2026-09-10T16:57:21.009005+00:00
t1_e90,clear,motor,mAP50,0.43953,5345,200,False,2026-09-10T16:57:21.009005+00:00
t1_e90,clear,motor,mAP75,0.14537,5345,200,False,2026-09-10T16:57:21.009005+00:00
t1_e90,clear,bike,mAP50-95,0.2182,5345,391,False,2026-09-10T16:57:21.009005+00:00
t1_e90,clear,bike,mAP50,0.44069,5345,391,False,2026-09-10T16:57:21.009005+00:00
t1_e90,clear,bike,mAP75,0.18876,5345,391,False,2026-09-10T16:57:21.009005+00:00
t1_e90,dawndusk,all,mAP50-95,0.36154,714,8512,True,2026-09-10T16:57:21.009005+00:00
t1_e90,dawndusk,all,mAP50,0.57546,714,8512,True,2026-09-10T16:57:21.009005+00:00
t1_e90,dawndusk,all,mAP75,0.35437,714,8512,True,2026-09-10T16:57:21.009005+00:00
t1_e90,dawndusk,car,mAP50-95,0.4925,714,7964,True,2026-09-10T16:57:21.009005+00:00
t1_e90,dawndusk,car,mAP50,0.78946,714,7964,True,2026-09-10T16:57:21.009005+00:00
t1_e90,dawndusk,car,mAP75,0.49929,714,7964,True,2026-09-10T16:57:21.009005+00:00
t1_e90,dawndusk,truck,mAP50-95,0.44401,714,340,False,2026-09-10T16:57:21.009005+00:00
t1_e90,dawndusk,truck,mAP50,0.6055,714,340,False,2026-09-10T16:57:21.009005+00:00
t1_e90,dawndusk,truck,mAP75,0.48884,714,340,False,2026-09-10T16:57:21.009005+00:00
t1_e90,dawndusk,bus,mAP50-95,0.47797,714,127,False,2026-09-10T16:57:21.009005+00:00
t1_e90,dawndusk,bus,mAP50,0.62043,714,127,False,2026-09-10T16:57:21.009005+00:00
t1_e90,dawndusk,bus,mAP75,0.54284,714,127,False,2026-09-10T16:57:21.009005+00:00
t1_e90,dawndusk,motor,mAP50-95,0.12196,714,22,False,2026-09-10T16:57:21.009005+00:00
t1_e90,dawndusk,motor,mAP50,0.29514,714,22,False,2026-09-10T16:57:21.009005+00:00
t1_e90,dawndusk,motor,mAP75,0.07426,714,22,False,2026-09-10T16:57:21.009005+00:00
t1_e90,dawndusk,bike,mAP50-95,0.27129,714,59,False,2026-09-10T16:57:21.009005+00:00
t1_e90,dawndusk,bike,mAP50,0.56677,714,59,False,2026-09-10T16:57:21.009005+00:00
t1_e90,dawndusk,bike,mAP75,0.16663,714,59,False,2026-09-10T16:57:21.009005+00:00
t1_e90,day,all,mAP50-95,0.33918,4264,51930,True,2026-09-10T16:57:21.009005+00:00
t1_e90,day,all,mAP50,0.53683,4264,51930,True,2026-09-10T16:57:21.009005+00:00
t1_e90,day,all,mAP75,0.34145,4264,51930,True,2026-09-10T16:57:21.009005+00:00
t1_e90,day,car,mAP50-95,0.50058,4264,47715,True,2026-09-10T16:57:21.009005+00:00
t1_e90,day,car,mAP50,0.79978,4264,47715,True,2026-09-10T16:57:21.009005+00:00
t1_e90,day,car,mAP75,0.50506,4264,47715,True,2026-09-10T16:57:21.009005+00:00
t1_e90,day,truck,mAP50-95,0.41582,4264,2532,True,2026-09-10T16:57:21.009005+00:00
t1_e90,day,truck,mAP50,0.57437,4264,2532,True,2026-09-10T16:57:21.009005+00:00
t1_e90,day,truck,mAP75,0.44905,4264,2532,True,2026-09-10T16:57:21.009005+00:00
t1_e90,day,bus,mAP50-95,0.39178,4264,927,True,2026-09-10T16:57:21.009005+00:00
t1_e90,day,bus,mAP50,0.51342,4264,927,True,2026-09-10T16:57:21.009005+00:00
t1_e90,day,bus,mAP75,0.43285,4264,927,True,2026-09-10T16:57:21.009005+00:00
t1_e90,day,motor,mAP50-95,0.19558,4264,262,False,2026-09-10T16:57:21.009005+00:00
t1_e90,day,motor,mAP50,0.39964,4264,262,False,2026-09-10T16:57:21.009005+00:00
t1_e90,day,motor,mAP75,0.16232,4264,262,False,2026-09-10T16:57:21.009005+00:00
t1_e90,day,bike,mAP50-95,0.19216,4264,494,False,2026-09-10T16:57:21.009005+00:00
t1_e90,day,bike,mAP50,0.39693,4264,494,False,2026-09-10T16:57:21.009005+00:00
t1_e90,day,bike,mAP75,0.15799,4264,494,False,2026-09-10T16:57:21.009005+00:00
t1_e90,day_adverse,all,mAP50-95,0.33497,823,9252,True,2026-09-10T16:57:21.009005+00:00
t1_e90,day_adverse,all,mAP50,0.52403,823,9252,True,2026-09-10T16:57:21.009005+00:00
t1_e90,day_adverse,all,mAP75,0.34276,823,9252,True,2026-09-10T16:57:21.009005+00:00
t1_e90,day_adverse,car,mAP50-95,0.50734,823,8401,True,2026-09-10T16:57:21.009005+00:00
t1_e90,day_adverse,car,mAP50,0.80773,823,8401,True,2026-09-10T16:57:21.009005+00:00
t1_e90,day_adverse,car,mAP75,0.50972,823,8401,True,2026-09-10T16:57:21.009005+00:00
t1_e90,day_adverse,truck,mAP50-95,0.41829,823,540,False,2026-09-10T16:57:21.009005+00:00
t1_e90,day_adverse,truck,mAP50,0.59326,823,540,False,2026-09-10T16:57:21.009005+00:00
t1_e90,day_adverse,truck,mAP75,0.46138,823,540,False,2026-09-10T16:57:21.009005+00:00
t1_e90,day_adverse,bus,mAP50-95,0.35456,823,194,False,2026-09-10T16:57:21.009005+00:00
t1_e90,day_adverse,bus,mAP50,0.46805,823,194,False,2026-09-10T16:57:21.009005+00:00
t1_e90,day_adverse,bus,mAP75,0.38513,823,194,False,2026-09-10T16:57:21.009005+00:00
t1_e90,day_adverse,motor,mAP50-95,0.21782,823,23,False,2026-09-10T16:57:21.009005+00:00
t1_e90,day_adverse,motor,mAP50,0.37376,823,23,False,2026-09-10T16:57:21.009005+00:00
t1_e90,day_adverse,motor,mAP75,0.21485,823,23,False,2026-09-10T16:57:21.009005+00:00
t1_e90,day_adverse,bike,mAP50-95,0.17681,823,94,False,2026-09-10T16:57:21.009005+00:00
t1_e90,day_adverse,bike,mAP50,0.37735,823,94,False,2026-09-10T16:57:21.009005+00:00
t1_e90,day_adverse,bike,mAP75,0.14273,823,94,False,2026-09-10T16:57:21.009005+00:00
t1_e90,day_clear,all,mAP50-95,0.34396,1764,21352,True,2026-09-10T16:57:21.009005+00:00
t1_e90,day_clear,all,mAP50,0.54011,1764,21352,True,2026-09-10T16:57:21.009005+00:00
t1_e90,day_clear,all,mAP75,0.35369,1764,21352,True,2026-09-10T16:57:21.009005+00:00
t1_e90,day_clear,car,mAP50-95,0.49543,1764,19633,True,2026-09-10T16:57:21.009005+00:00
t1_e90,day_clear,car,mAP50,0.79344,1764,19633,True,2026-09-10T16:57:21.009005+00:00
t1_e90,day_clear,car,mAP75,0.50034,1764,19633,True,2026-09-10T16:57:21.009005+00:00
t1_e90,day_clear,truck,mAP50-95,0.40581,1764,1021,True,2026-09-10T16:57:21.009005+00:00
t1_e90,day_clear,truck,mAP50,0.55072,1764,1021,True,2026-09-10T16:57:21.009005+00:00
t1_e90,day_clear,truck,mAP75,0.4416,1764,1021,True,2026-09-10T16:57:21.009005+00:00
t1_e90,day_clear,bus,mAP50-95,0.408,1764,380,False,2026-09-10T16:57:21.009005+00:00
t1_e90,day_clear,bus,mAP50,0.52614,1764,380,False,2026-09-10T16:57:21.009005+00:00
t1_e90,day_clear,bus,mAP75,0.46107,1764,380,False,2026-09-10T16:57:21.009005+00:00
t1_e90,day_clear,motor,mAP50-95,0.22085,1764,111,False,2026-09-10T16:57:21.009005+00:00
t1_e90,day_clear,motor,mAP50,0.46347,1764,111,False,2026-09-10T16:57:21.009005+00:00
t1_e90,day_clear,motor,mAP75,0.17874,1764,111,False,2026-09-10T16:57:21.009005+00:00
t1_e90,day_clear,bike,mAP50-95,0.18969,1764,207,False,2026-09-10T16:57:21.009005+00:00
t1_e90,day_clear,bike,mAP50,0.36678,1764,207,False,2026-09-10T16:57:21.009005+00:00
t1_e90,day_clear,bike,mAP75,0.18671,1764,207,False,2026-09-10T16:57:21.009005+00:00
t1_e90,day_rainy,all,mAP50-95,0.36471,396,4356,True,2026-09-10T16:57:21.009005+00:00
t1_e90,day_rainy,all,mAP50,0.57695,396,4356,True,2026-09-10T16:57:21.009005+00:00
t1_e90,day_rainy,all,mAP75,0.37687,396,4356,True,2026-09-10T16:57:21.009005+00:00
t1_e90,day_rainy,car,mAP50-95,0.51244,396,3930,True,2026-09-10T16:57:21.009005+00:00
t1_e90,day_rainy,car,mAP50,0.81461,396,3930,True,2026-09-10T16:57:21.009005+00:00
t1_e90,day_rainy,car,mAP75,0.51687,396,3930,True,2026-09-10T16:57:21.009005+00:00
t1_e90,day_rainy,truck,mAP50-95,0.41788,396,272,False,2026-09-10T16:57:21.009005+00:00
t1_e90,day_rainy,truck,mAP50,0.61187,396,272,False,2026-09-10T16:57:21.009005+00:00
t1_e90,day_rainy,truck,mAP75,0.45752,396,272,False,2026-09-10T16:57:21.009005+00:00
t1_e90,day_rainy,bus,mAP50-95,0.36574,396,97,False,2026-09-10T16:57:21.009005+00:00
t1_e90,day_rainy,bus,mAP50,0.49328,396,97,False,2026-09-10T16:57:21.009005+00:00
t1_e90,day_rainy,bus,mAP75,0.39925,396,97,False,2026-09-10T16:57:21.009005+00:00
t1_e90,day_rainy,motor,mAP50-95,0.30393,396,16,False,2026-09-10T16:57:21.009005+00:00
t1_e90,day_rainy,motor,mAP50,0.46985,396,16,False,2026-09-10T16:57:21.009005+00:00
t1_e90,day_rainy,motor,mAP75,0.32223,396,16,False,2026-09-10T16:57:21.009005+00:00
t1_e90,day_rainy,bike,mAP50-95,0.22358,396,41,False,2026-09-10T16:57:21.009005+00:00
t1_e90,day_rainy,bike,mAP50,0.49512,396,41,False,2026-09-10T16:57:21.009005+00:00
t1_e90,day_rainy,bike,mAP75,0.18849,396,41,False,2026-09-10T16:57:21.009005+00:00
t1_e90,day_snowy,all,mAP50-95,0.2926,422,4842,True,2026-09-10T16:57:21.009005+00:00
t1_e90,day_snowy,all,mAP50,0.45364,422,4842,True,2026-09-10T16:57:21.009005+00:00
t1_e90,day_snowy,all,mAP75,0.29442,422,4842,True,2026-09-10T16:57:21.009005+00:00
t1_e90,day_snowy,car,mAP50-95,0.5036,422,4421,True,2026-09-10T16:57:21.009005+00:00
t1_e90,day_snowy,car,mAP50,0.80318,422,4421,True,2026-09-10T16:57:21.009005+00:00
t1_e90,day_snowy,car,mAP75,0.50348,422,4421,True,2026-09-10T16:57:21.009005+00:00
t1_e90,day_snowy,truck,mAP50-95,0.42496,422,264,False,2026-09-10T16:57:21.009005+00:00
t1_e90,day_snowy,truck,mAP50,0.58329,422,264,False,2026-09-10T16:57:21.009005+00:00
t1_e90,day_snowy,truck,mAP75,0.47201,422,264,False,2026-09-10T16:57:21.009005+00:00
t1_e90,day_snowy,bus,mAP50-95,0.34702,422,97,False,2026-09-10T16:57:21.009005+00:00
t1_e90,day_snowy,bus,mAP50,0.44231,422,97,False,2026-09-10T16:57:21.009005+00:00
t1_e90,day_snowy,bus,mAP75,0.37631,422,97,False,2026-09-10T16:57:21.009005+00:00
t1_e90,day_snowy,motor,mAP50-95,0.04455,422,7,False,2026-09-10T16:57:21.009005+00:00
t1_e90,day_snowy,motor,mAP50,0.14851,422,7,False,2026-09-10T16:57:21.009005+00:00
t1_e90,day_snowy,motor,mAP75,0.0,422,7,False,2026-09-10T16:57:21.009005+00:00
t1_e90,day_snowy,bike,mAP50-95,0.14286,422,53,False,2026-09-10T16:57:21.009005+00:00
t1_e90,day_snowy,bike,mAP50,0.29089,422,53,False,2026-09-10T16:57:21.009005+00:00
t1_e90,day_snowy,bike,mAP75,0.1203,422,53,False,2026-09-10T16:57:21.009005+00:00
t1_e90,foggy,all,mAP50-95,0.2696,13,144,False,2026-09-10T16:57:21.009005+00:00
t1_e90,foggy,all,mAP50,0.63813,13,144,False,2026-09-10T16:57:21.009005+00:00
t1_e90,foggy,all,mAP75,0.21674,13,144,False,2026-09-10T16:57:21.009005+00:00
t1_e90,foggy,car,mAP50-95,0.44246,13,138,False,2026-09-10T16:57:21.009005+00:00
t1_e90,foggy,car,mAP50,0.70648,13,138,False,2026-09-10T16:57:21.009005+00:00
t1_e90,foggy,car,mAP75,0.44229,13,138,False,2026-09-10T16:57:21.009005+00:00
t1_e90,foggy,truck,mAP50-95,0.16634,13,5,False,2026-09-10T16:57:21.009005+00:00
t1_e90,foggy,truck,mAP50,0.20792,13,5,False,2026-09-10T16:57:21.009005+00:00
t1_e90,foggy,truck,mAP75,0.20792,13,5,False,2026-09-10T16:57:21.009005+00:00
t1_e90,foggy,bus,mAP50-95,,13,0,False,2026-09-10T16:57:21.009005+00:00
t1_e90,foggy,bus,mAP50,,13,0,False,2026-09-10T16:57:21.009005+00:00
t1_e90,foggy,bus,mAP75,,13,0,False,2026-09-10T16:57:21.009005+00:00
t1_e90,foggy,motor,mAP50-95,0.2,13,1,False,2026-09-10T16:57:21.009005+00:00
t1_e90,foggy,motor,mAP50,1.0,13,1,False,2026-09-10T16:57:21.009005+00:00
t1_e90,foggy,motor,mAP75,0.0,13,1,False,2026-09-10T16:57:21.009005+00:00
t1_e90,foggy,bike,mAP50-95,,13,0,False,2026-09-10T16:57:21.009005+00:00
t1_e90,foggy,bike,mAP50,,13,0,False,2026-09-10T16:57:21.009005+00:00
t1_e90,foggy,bike,mAP75,,13,0,False,2026-09-10T16:57:21.009005+00:00
t1_e90,night,all,mAP50-95,0.32712,3863,36751,True,2026-09-10T16:57:21.009005+00:00
t1_e90,night,all,mAP50,0.54263,3863,36751,True,2026-09-10T16:57:21.009005+00:00
t1_e90,night,all,mAP75,0.3211,3863,36751,True,2026-09-10T16:57:21.009005+00:00
t1_e90,night,car,mAP50-95,0.43317,3863,35439,True,2026-09-10T16:57:21.009005+00:00
t1_e90,night,car,mAP50,0.76868,3863,35439,True,2026-09-10T16:57:21.009005+00:00
t1_e90,night,car,mAP75,0.41021,3863,35439,True,2026-09-10T16:57:21.009005+00:00
t1_e90,night,truck,mAP50-95,0.39586,3863,736,False,2026-09-10T16:57:21.009005+00:00
t1_e90,night,truck,mAP50,0.54527,3863,736,False,2026-09-10T16:57:21.009005+00:00
t1_e90,night,truck,mAP75,0.43821,3863,736,False,2026-09-10T16:57:21.009005+00:00
t1_e90,night,bus,mAP50-95,0.39925,3863,297,False,2026-09-10T16:57:21.009005+00:00
t1_e90,night,bus,mAP50,0.51264,3863,297,False,2026-09-10T16:57:21.009005+00:00
t1_e90,night,bus,mAP75,0.44593,3863,297,False,2026-09-10T16:57:21.009005+00:00
t1_e90,night,motor,mAP50-95,0.1743,3863,93,False,2026-09-10T16:57:21.009005+00:00
t1_e90,night,motor,mAP50,0.41528,3863,93,False,2026-09-10T16:57:21.009005+00:00
t1_e90,night,motor,mAP75,0.12255,3863,93,False,2026-09-10T16:57:21.009005+00:00
t1_e90,night,bike,mAP50-95,0.233,3863,186,False,2026-09-10T16:57:21.009005+00:00
t1_e90,night,bike,mAP50,0.47126,3863,186,False,2026-09-10T16:57:21.009005+00:00
t1_e90,night,bike,mAP75,0.18858,3863,186,False,2026-09-10T16:57:21.009005+00:00
t1_e90,night_adverse,all,mAP50-95,0.33199,566,4986,True,2026-09-10T16:57:21.009005+00:00
t1_e90,night_adverse,all,mAP50,0.50549,566,4986,True,2026-09-10T16:57:21.009005+00:00
t1_e90,night_adverse,all,mAP75,0.34741,566,4986,True,2026-09-10T16:57:21.009005+00:00
t1_e90,night_adverse,car,mAP50-95,0.44665,566,4743,True,2026-09-10T16:57:21.009005+00:00
t1_e90,night_adverse,car,mAP50,0.76805,566,4743,True,2026-09-10T16:57:21.009005+00:00
t1_e90,night_adverse,car,mAP75,0.43896,566,4743,True,2026-09-10T16:57:21.009005+00:00
t1_e90,night_adverse,truck,mAP50-95,0.36444,566,156,False,2026-09-10T16:57:21.009005+00:00
t1_e90,night_adverse,truck,mAP50,0.51084,566,156,False,2026-09-10T16:57:21.009005+00:00
t1_e90,night_adverse,truck,mAP75,0.39655,566,156,False,2026-09-10T16:57:21.009005+00:00
t1_e90,night_adverse,bus,mAP50-95,0.51874,566,41,False,2026-09-10T16:57:21.009005+00:00
t1_e90,night_adverse,bus,mAP50,0.64504,566,41,False,2026-09-10T16:57:21.009005+00:00
t1_e90,night_adverse,bus,mAP75,0.58573,566,41,False,2026-09-10T16:57:21.009005+00:00
t1_e90,night_adverse,motor,mAP50-95,0.14913,566,12,False,2026-09-10T16:57:21.009005+00:00
t1_e90,night_adverse,motor,mAP50,0.23634,566,12,False,2026-09-10T16:57:21.009005+00:00
t1_e90,night_adverse,motor,mAP75,0.18647,566,12,False,2026-09-10T16:57:21.009005+00:00
t1_e90,night_adverse,bike,mAP50-95,0.18098,566,34,False,2026-09-10T16:57:21.009005+00:00
t1_e90,night_adverse,bike,mAP50,0.36718,566,34,False,2026-09-10T16:57:21.009005+00:00
t1_e90,night_adverse,bike,mAP75,0.12932,566,34,False,2026-09-10T16:57:21.009005+00:00
t1_e90,night_clear,all,mAP50-95,0.32674,3274,31550,True,2026-09-10T16:57:21.009005+00:00
t1_e90,night_clear,all,mAP50,0.54912,3274,31550,True,2026-09-10T16:57:21.009005+00:00
t1_e90,night_clear,all,mAP75,0.31797,3274,31550,True,2026-09-10T16:57:21.009005+00:00
t1_e90,night_clear,car,mAP50-95,0.43046,3274,30489,True,2026-09-10T16:57:21.009005+00:00
t1_e90,night_clear,car,mAP50,0.76864,3274,30489,True,2026-09-10T16:57:21.009005+00:00
t1_e90,night_clear,car,mAP75,0.40553,3274,30489,True,2026-09-10T16:57:21.009005+00:00
t1_e90,night_clear,truck,mAP50-95,0.40183,3274,577,False,2026-09-10T16:57:21.009005+00:00
t1_e90,night_clear,truck,mAP50,0.55124,3274,577,False,2026-09-10T16:57:21.009005+00:00
t1_e90,night_clear,truck,mAP75,0.44679,3274,577,False,2026-09-10T16:57:21.009005+00:00
t1_e90,night_clear,bus,mAP50-95,0.37448,3274,251,False,2026-09-10T16:57:21.009005+00:00
t1_e90,night_clear,bus,mAP50,0.48632,3274,251,False,2026-09-10T16:57:21.009005+00:00
t1_e90,night_clear,bus,mAP75,0.41372,3274,251,False,2026-09-10T16:57:21.009005+00:00
t1_e90,night_clear,motor,mAP50-95,0.18151,3274,81,False,2026-09-10T16:57:21.009005+00:00
t1_e90,night_clear,motor,mAP50,0.4425,3274,81,False,2026-09-10T16:57:21.009005+00:00
t1_e90,night_clear,motor,mAP75,0.11983,3274,81,False,2026-09-10T16:57:21.009005+00:00
t1_e90,night_clear,bike,mAP50-95,0.2454,3274,152,False,2026-09-10T16:57:21.009005+00:00
t1_e90,night_clear,bike,mAP50,0.49693,3274,152,False,2026-09-10T16:57:21.009005+00:00
t1_e90,night_clear,bike,mAP75,0.20396,3274,152,False,2026-09-10T16:57:21.009005+00:00
t1_e90,night_rainy,all,mAP50-95,0.39796,286,2535,True,2026-09-10T16:57:21.009005+00:00
t1_e90,night_rainy,all,mAP50,0.57984,286,2535,True,2026-09-10T16:57:21.009005+00:00
t1_e90,night_rainy,all,mAP75,0.41989,286,2535,True,2026-09-10T16:57:21.009005+00:00
t1_e90,night_rainy,car,mAP50-95,0.43812,286,2416,True,2026-09-10T16:57:21.009005+00:00
t1_e90,night_rainy,car,mAP50,0.74945,286,2416,True,2026-09-10T16:57:21.009005+00:00
t1_e90,night_rainy,car,mAP75,0.44128,286,2416,True,2026-09-10T16:57:21.009005+00:00
t1_e90,night_rainy,truck,mAP50-95,0.44237,286,72,False,2026-09-10T16:57:21.009005+00:00
t1_e90,night_rainy,truck,mAP50,0.61069,286,72,False,2026-09-10T16:57:21.009005+00:00
t1_e90,night_rainy,truck,mAP75,0.49513,286,72,False,2026-09-10T16:57:21.009005+00:00
t1_e90,night_rainy,bus,mAP50-95,0.60971,286,22,False,2026-09-10T16:57:21.009005+00:00
t1_e90,night_rainy,bus,mAP50,0.74477,286,22,False,2026-09-10T16:57:21.009005+00:00
t1_e90,night_rainy,bus,mAP75,0.64026,286,22,False,2026-09-10T16:57:21.009005+00:00
t1_e90,night_rainy,motor,mAP50-95,0.2075,286,10,False,2026-09-10T16:57:21.009005+00:00
t1_e90,night_rainy,motor,mAP50,0.31683,286,10,False,2026-09-10T16:57:21.009005+00:00
t1_e90,night_rainy,motor,mAP75,0.26733,286,10,False,2026-09-10T16:57:21.009005+00:00
t1_e90,night_rainy,bike,mAP50-95,0.2921,286,15,False,2026-09-10T16:57:21.009005+00:00
t1_e90,night_rainy,bike,mAP50,0.47746,286,15,False,2026-09-10T16:57:21.009005+00:00
t1_e90,night_rainy,bike,mAP75,0.25545,286,15,False,2026-09-10T16:57:21.009005+00:00
t1_e90,night_snowy,all,mAP50-95,0.2573,273,2374,True,2026-09-10T16:57:21.009005+00:00
t1_e90,night_snowy,all,mAP50,0.42123,273,2374,True,2026-09-10T16:57:21.009005+00:00
t1_e90,night_snowy,all,mAP75,0.26185,273,2374,True,2026-09-10T16:57:21.009005+00:00
t1_e90,night_snowy,car,mAP50-95,0.4586,273,2251,True,2026-09-10T16:57:21.009005+00:00
t1_e90,night_snowy,car,mAP50,0.79483,273,2251,True,2026-09-10T16:57:21.009005+00:00
t1_e90,night_snowy,car,mAP75,0.43963,273,2251,True,2026-09-10T16:57:21.009005+00:00
t1_e90,night_snowy,truck,mAP50-95,0.29872,273,83,False,2026-09-10T16:57:21.009005+00:00
t1_e90,night_snowy,truck,mAP50,0.42341,273,83,False,2026-09-10T16:57:21.009005+00:00
t1_e90,night_snowy,truck,mAP75,0.31128,273,83,False,2026-09-10T16:57:21.009005+00:00
t1_e90,night_snowy,bus,mAP50-95,0.41243,273,19,False,2026-09-10T16:57:21.009005+00:00
t1_e90,night_snowy,bus,mAP50,0.52866,273,19,False,2026-09-10T16:57:21.009005+00:00
t1_e90,night_snowy,bus,mAP75,0.52866,273,19,False,2026-09-10T16:57:21.009005+00:00
t1_e90,night_snowy,motor,mAP50-95,0.01683,273,2,False,2026-09-10T16:57:21.009005+00:00
t1_e90,night_snowy,motor,mAP50,0.05611,273,2,False,2026-09-10T16:57:21.009005+00:00
t1_e90,night_snowy,motor,mAP75,0.0,273,2,False,2026-09-10T16:57:21.009005+00:00
t1_e90,night_snowy,bike,mAP50-95,0.0999,273,19,False,2026-09-10T16:57:21.009005+00:00
t1_e90,night_snowy,bike,mAP50,0.30312,273,19,False,2026-09-10T16:57:21.009005+00:00
t1_e90,night_snowy,bike,mAP75,0.0297,273,19,False,2026-09-10T16:57:21.009005+00:00
t1_e90,overcast,all,mAP50-95,0.34646,1239,15505,True,2026-09-10T16:57:21.009005+00:00
t1_e90,overcast,all,mAP50,0.55648,1239,15505,True,2026-09-10T16:57:21.009005+00:00
t1_e90,overcast,all,mAP75,0.33145,1239,15505,True,2026-09-10T16:57:21.009005+00:00
t1_e90,overcast,car,mAP50-95,0.50804,1239,14370,True,2026-09-10T16:57:21.009005+00:00
t1_e90,overcast,car,mAP50,0.80906,1239,14370,True,2026-09-10T16:57:21.009005+00:00
t1_e90,overcast,car,mAP75,0.51345,1239,14370,True,2026-09-10T16:57:21.009005+00:00
t1_e90,overcast,truck,mAP50-95,0.43435,1239,660,False,2026-09-10T16:57:21.009005+00:00
t1_e90,overcast,truck,mAP50,0.60263,1239,660,False,2026-09-10T16:57:21.009005+00:00
t1_e90,overcast,truck,mAP75,0.46401,1239,660,False,2026-09-10T16:57:21.009005+00:00
t1_e90,overcast,bus,mAP50-95,0.40919,1239,262,False,2026-09-10T16:57:21.009005+00:00
t1_e90,overcast,bus,mAP50,0.54264,1239,262,False,2026-09-10T16:57:21.009005+00:00
t1_e90,overcast,bus,mAP75,0.43675,1239,262,False,2026-09-10T16:57:21.009005+00:00
t1_e90,overcast,motor,mAP50-95,0.15134,1239,72,False,2026-09-10T16:57:21.009005+00:00
t1_e90,overcast,motor,mAP50,0.34915,1239,72,False,2026-09-10T16:57:21.009005+00:00
t1_e90,overcast,motor,mAP75,0.08981,1239,72,False,2026-09-10T16:57:21.009005+00:00
t1_e90,overcast,bike,mAP50-95,0.22939,1239,141,False,2026-09-10T16:57:21.009005+00:00
t1_e90,overcast,bike,mAP50,0.47889,1239,141,False,2026-09-10T16:57:21.009005+00:00
t1_e90,overcast,bike,mAP75,0.15323,1239,141,False,2026-09-10T16:57:21.009005+00:00
t1_e90,partlycloudy,all,mAP50-95,0.34455,738,9256,True,2026-09-10T16:57:21.009005+00:00
t1_e90,partlycloudy,all,mAP50,0.53403,738,9256,True,2026-09-10T16:57:21.009005+00:00
t1_e90,partlycloudy,all,mAP75,0.353,738,9256,True,2026-09-10T16:57:21.009005+00:00
t1_e90,partlycloudy,car,mAP50-95,0.49085,738,8526,True,2026-09-10T16:57:21.009005+00:00
t1_e90,partlycloudy,car,mAP50,0.78485,738,8526,True,2026-09-10T16:57:21.009005+00:00
t1_e90,partlycloudy,car,mAP75,0.49879,738,8526,True,2026-09-10T16:57:21.009005+00:00
t1_e90,partlycloudy,truck,mAP50-95,0.43484,738,454,False,2026-09-10T16:57:21.009005+00:00
t1_e90,partlycloudy,truck,mAP50,0.59337,738,454,False,2026-09-10T16:57:21.009005+00:00
t1_e90,partlycloudy,truck,mAP75,0.4555,738,454,False,2026-09-10T16:57:21.009005+00:00
t1_e90,partlycloudy,bus,mAP50-95,0.41304,738,142,False,2026-09-10T16:57:21.009005+00:00
t1_e90,partlycloudy,bus,mAP50,0.53557,738,142,False,2026-09-10T16:57:21.009005+00:00
t1_e90,partlycloudy,bus,mAP75,0.45962,738,142,False,2026-09-10T16:57:21.009005+00:00
t1_e90,partlycloudy,motor,mAP50-95,0.22076,738,65,False,2026-09-10T16:57:21.009005+00:00
t1_e90,partlycloudy,motor,mAP50,0.39253,738,65,False,2026-09-10T16:57:21.009005+00:00
t1_e90,partlycloudy,motor,mAP75,0.22106,738,65,False,2026-09-10T16:57:21.009005+00:00
t1_e90,partlycloudy,bike,mAP50-95,0.16325,738,69,False,2026-09-10T16:57:21.009005+00:00
t1_e90,partlycloudy,bike,mAP50,0.36384,738,69,False,2026-09-10T16:57:21.009005+00:00
t1_e90,partlycloudy,bike,mAP75,0.13002,738,69,False,2026-09-10T16:57:21.009005+00:00
t1_e90,rainy,all,mAP50-95,0.35999,737,7541,True,2026-09-10T16:57:21.009005+00:00
t1_e90,rainy,all,mAP50,0.55679,737,7541,True,2026-09-10T16:57:21.009005+00:00
t1_e90,rainy,all,mAP75,0.37718,737,7541,True,2026-09-10T16:57:21.009005+00:00
t1_e90,rainy,car,mAP50-95,0.48511,737,6944,True,2026-09-10T16:57:21.009005+00:00
t1_e90,rainy,car,mAP50,0.78971,737,6944,True,2026-09-10T16:57:21.009005+00:00
t1_e90,rainy,car,mAP75,0.48901,737,6944,True,2026-09-10T16:57:21.009005+00:00
t1_e90,rainy,truck,mAP50-95,0.42854,737,378,False,2026-09-10T16:57:21.009005+00:00
t1_e90,rainy,truck,mAP50,0.61688,737,378,False,2026-09-10T16:57:21.009005+00:00
t1_e90,rainy,truck,mAP75,0.47478,737,378,False,2026-09-10T16:57:21.009005+00:00
t1_e90,rainy,bus,mAP50-95,0.41877,737,132,False,2026-09-10T16:57:21.009005+00:00
t1_e90,rainy,bus,mAP50,0.54609,737,132,False,2026-09-10T16:57:21.009005+00:00
t1_e90,rainy,bus,mAP75,0.4575,737,132,False,2026-09-10T16:57:21.009005+00:00
t1_e90,rainy,motor,mAP50-95,0.22423,737,30,False,2026-09-10T16:57:21.009005+00:00
t1_e90,rainy,motor,mAP50,0.35377,737,30,False,2026-09-10T16:57:21.009005+00:00
t1_e90,rainy,motor,mAP75,0.25108,737,30,False,2026-09-10T16:57:21.009005+00:00
t1_e90,rainy,bike,mAP50-95,0.2433,737,57,False,2026-09-10T16:57:21.009005+00:00
t1_e90,rainy,bike,mAP50,0.47749,737,57,False,2026-09-10T16:57:21.009005+00:00
t1_e90,rainy,bike,mAP75,0.21354,737,57,False,2026-09-10T16:57:21.009005+00:00
t1_e90,snowy,all,mAP50-95,0.28394,769,8080,True,2026-09-10T16:57:21.009005+00:00
t1_e90,snowy,all,mAP50,0.44562,769,8080,True,2026-09-10T16:57:21.009005+00:00
t1_e90,snowy,all,mAP75,0.28661,769,8080,True,2026-09-10T16:57:21.009005+00:00
t1_e90,snowy,car,mAP50-95,0.48945,769,7486,True,2026-09-10T16:57:21.009005+00:00
t1_e90,snowy,car,mAP50,0.79808,769,7486,True,2026-09-10T16:57:21.009005+00:00
t1_e90,snowy,car,mAP75,0.48586,769,7486,True,2026-09-10T16:57:21.009005+00:00
t1_e90,snowy,truck,mAP50-95,0.40167,769,371,False,2026-09-10T16:57:21.009005+00:00
t1_e90,snowy,truck,mAP50,0.55037,769,371,False,2026-09-10T16:57:21.009005+00:00
t1_e90,snowy,truck,mAP75,0.44319,769,371,False,2026-09-10T16:57:21.009005+00:00
t1_e90,snowy,bus,mAP50-95,0.35453,769,133,False,2026-09-10T16:57:21.009005+00:00
t1_e90,snowy,bus,mAP50,0.45564,769,133,False,2026-09-10T16:57:21.009005+00:00
t1_e90,snowy,bus,mAP75,0.39743,769,133,False,2026-09-10T16:57:21.009005+00:00
t1_e90,snowy,motor,mAP50-95,0.03837,769,9,False,2026-09-10T16:57:21.009005+00:00
t1_e90,snowy,motor,mAP50,0.12789,769,9,False,2026-09-10T16:57:21.009005+00:00
t1_e90,snowy,motor,mAP75,0.0,769,9,False,2026-09-10T16:57:21.009005+00:00
t1_e90,snowy,bike,mAP50-95,0.13569,769,81,False,2026-09-10T16:57:21.009005+00:00
t1_e90,snowy,bike,mAP50,0.29614,769,81,False,2026-09-10T16:57:21.009005+00:00
t1_e90,snowy,bike,mAP75,0.10657,769,81,False,2026-09-10T16:57:21.009005+00:00
t1_e80,overall,all,mAP50-95,0.33609,8841,97193,True,2026-09-10T16:57:21.009005+00:00
t1_e80,overall,all,mAP50,0.54085,8841,97193,True,2026-09-10T16:57:21.009005+00:00
t1_e80,overall,all,mAP75,0.33459,8841,97193,True,2026-09-10T16:57:21.009005+00:00
t1_e80,overall,car,mAP50-95,0.47435,8841,91118,True,2026-09-10T16:57:21.009005+00:00
t1_e80,overall,car,mAP50,0.78719,8841,91118,True,2026-09-10T16:57:21.009005+00:00
t1_e80,overall,car,mAP75,0.46841,8841,91118,True,2026-09-10T16:57:21.009005+00:00
t1_e80,overall,truck,mAP50-95,0.41825,8841,3608,True,2026-09-10T16:57:21.009005+00:00
t1_e80,overall,truck,mAP50,0.57521,8841,3608,True,2026-09-10T16:57:21.009005+00:00
t1_e80,overall,truck,mAP75,0.45804,8841,3608,True,2026-09-10T16:57:21.009005+00:00
t1_e80,overall,bus,mAP50-95,0.40263,8841,1351,True,2026-09-10T16:57:21.009005+00:00
t1_e80,overall,bus,mAP50,0.52657,8841,1351,True,2026-09-10T16:57:21.009005+00:00
t1_e80,overall,bus,mAP75,0.44661,8841,1351,True,2026-09-10T16:57:21.009005+00:00
t1_e80,overall,motor,mAP50-95,0.18036,8841,377,False,2026-09-10T16:57:21.009005+00:00
t1_e80,overall,motor,mAP50,0.38924,8841,377,False,2026-09-10T16:57:21.009005+00:00
t1_e80,overall,motor,mAP75,0.13187,8841,377,False,2026-09-10T16:57:21.009005+00:00
t1_e80,overall,bike,mAP50-95,0.20485,8841,739,False,2026-09-10T16:57:21.009005+00:00
t1_e80,overall,bike,mAP50,0.42604,8841,739,False,2026-09-10T16:57:21.009005+00:00
t1_e80,overall,bike,mAP75,0.16802,8841,739,False,2026-09-10T16:57:21.009005+00:00
t1_e80,adverse,all,mAP50-95,0.32451,1519,15765,True,2026-09-10T16:57:21.009005+00:00
t1_e80,adverse,all,mAP50,0.51104,1519,15765,True,2026-09-10T16:57:21.009005+00:00
t1_e80,adverse,all,mAP75,0.34201,1519,15765,True,2026-09-10T16:57:21.009005+00:00
t1_e80,adverse,car,mAP50-95,0.48692,1519,14568,True,2026-09-10T16:57:21.009005+00:00
t1_e80,adverse,car,mAP50,0.79364,1519,14568,True,2026-09-10T16:57:21.009005+00:00
t1_e80,adverse,car,mAP75,0.48749,1519,14568,True,2026-09-10T16:57:21.009005+00:00
t1_e80,adverse,truck,mAP50-95,0.41999,1519,754,False,2026-09-10T16:57:21.009005+00:00
t1_e80,adverse,truck,mAP50,0.5886,1519,754,False,2026-09-10T16:57:21.009005+00:00
t1_e80,adverse,truck,mAP75,0.47297,1519,754,False,2026-09-10T16:57:21.009005+00:00
t1_e80,adverse,bus,mAP50-95,0.37804,1519,265,False,2026-09-10T16:57:21.009005+00:00
t1_e80,adverse,bus,mAP50,0.49269,1519,265,False,2026-09-10T16:57:21.009005+00:00
t1_e80,adverse,bus,mAP75,0.42175,1519,265,False,2026-09-10T16:57:21.009005+00:00
t1_e80,adverse,motor,mAP50-95,0.15396,1519,40,False,2026-09-10T16:57:21.009005+00:00
t1_e80,adverse,motor,mAP50,0.29967,1519,40,False,2026-09-10T16:57:21.009005+00:00
t1_e80,adverse,motor,mAP75,0.16539,1519,40,False,2026-09-10T16:57:21.009005+00:00
t1_e80,adverse,bike,mAP50-95,0.18363,1519,138,False,2026-09-10T16:57:21.009005+00:00
t1_e80,adverse,bike,mAP50,0.38058,1519,138,False,2026-09-10T16:57:21.009005+00:00
t1_e80,adverse,bike,mAP75,0.16244,1519,138,False,2026-09-10T16:57:21.009005+00:00
t1_e80,benign,all,mAP50-95,0.33859,7322,81428,True,2026-09-10T16:57:21.009005+00:00
t1_e80,benign,all,mAP50,0.5456,7322,81428,True,2026-09-10T16:57:21.009005+00:00
t1_e80,benign,all,mAP75,0.3342,7322,81428,True,2026-09-10T16:57:21.009005+00:00
t1_e80,benign,car,mAP50-95,0.47205,7322,76550,True,2026-09-10T16:57:21.009005+00:00
t1_e80,benign,car,mAP50,0.78628,7322,76550,True,2026-09-10T16:57:21.009005+00:00
t1_e80,benign,car,mAP75,0.46526,7322,76550,True,2026-09-10T16:57:21.009005+00:00
t1_e80,benign,truck,mAP50-95,0.4179,7322,2854,True,2026-09-10T16:57:21.009005+00:00
t1_e80,benign,truck,mAP50,0.57222,7322,2854,True,2026-09-10T16:57:21.009005+00:00
t1_e80,benign,truck,mAP75,0.45374,7322,2854,True,2026-09-10T16:57:21.009005+00:00
t1_e80,benign,bus,mAP50-95,0.40891,7322,1086,True,2026-09-10T16:57:21.009005+00:00
t1_e80,benign,bus,mAP50,0.53344,7322,1086,True,2026-09-10T16:57:21.009005+00:00
t1_e80,benign,bus,mAP75,0.45168,7322,1086,True,2026-09-10T16:57:21.009005+00:00
t1_e80,benign,motor,mAP50-95,0.18428,7322,337,False,2026-09-10T16:57:21.009005+00:00
t1_e80,benign,motor,mAP50,0.39997,7322,337,False,2026-09-10T16:57:21.009005+00:00
t1_e80,benign,motor,mAP75,0.13004,7322,337,False,2026-09-10T16:57:21.009005+00:00
t1_e80,benign,bike,mAP50-95,0.20979,7322,601,False,2026-09-10T16:57:21.009005+00:00
t1_e80,benign,bike,mAP50,0.43609,7322,601,False,2026-09-10T16:57:21.009005+00:00
t1_e80,benign,bike,mAP75,0.17027,7322,601,False,2026-09-10T16:57:21.009005+00:00
t1_e80,clear,all,mAP50-95,0.33541,5345,56667,True,2026-09-10T16:57:21.009005+00:00
t1_e80,clear,all,mAP50,0.54393,5345,56667,True,2026-09-10T16:57:21.009005+00:00
t1_e80,clear,all,mAP75,0.33149,5345,56667,True,2026-09-10T16:57:21.009005+00:00
t1_e80,clear,car,mAP50-95,0.45882,5345,53654,True,2026-09-10T16:57:21.009005+00:00
t1_e80,clear,car,mAP50,0.7798,5345,53654,True,2026-09-10T16:57:21.009005+00:00
t1_e80,clear,car,mAP75,0.44706,5345,53654,True,2026-09-10T16:57:21.009005+00:00
t1_e80,clear,truck,mAP50-95,0.40533,5345,1740,True,2026-09-10T16:57:21.009005+00:00
t1_e80,clear,truck,mAP50,0.55303,5345,1740,True,2026-09-10T16:57:21.009005+00:00
t1_e80,clear,truck,mAP75,0.44778,5345,1740,True,2026-09-10T16:57:21.009005+00:00
t1_e80,clear,bus,mAP50-95,0.40824,5345,682,False,2026-09-10T16:57:21.009005+00:00
t1_e80,clear,bus,mAP50,0.5306,5345,682,False,2026-09-10T16:57:21.009005+00:00
t1_e80,clear,bus,mAP75,0.45989,5345,682,False,2026-09-10T16:57:21.009005+00:00
t1_e80,clear,motor,mAP50-95,0.18821,5345,200,False,2026-09-10T16:57:21.009005+00:00
t1_e80,clear,motor,mAP50,0.42086,5345,200,False,2026-09-10T16:57:21.009005+00:00
t1_e80,clear,motor,mAP75,0.11483,5345,200,False,2026-09-10T16:57:21.009005+00:00
t1_e80,clear,bike,mAP50-95,0.21647,5345,391,False,2026-09-10T16:57:21.009005+00:00
t1_e80,clear,bike,mAP50,0.43537,5345,391,False,2026-09-10T16:57:21.009005+00:00
t1_e80,clear,bike,mAP75,0.18787,5345,391,False,2026-09-10T16:57:21.009005+00:00
t1_e80,dawndusk,all,mAP50-95,0.36021,714,8512,True,2026-09-10T16:57:21.009005+00:00
t1_e80,dawndusk,all,mAP50,0.57132,714,8512,True,2026-09-10T16:57:21.009005+00:00
t1_e80,dawndusk,all,mAP75,0.36255,714,8512,True,2026-09-10T16:57:21.009005+00:00
t1_e80,dawndusk,car,mAP50-95,0.49245,714,7964,True,2026-09-10T16:57:21.009005+00:00
t1_e80,dawndusk,car,mAP50,0.78931,714,7964,True,2026-09-10T16:57:21.009005+00:00
t1_e80,dawndusk,car,mAP75,0.49944,714,7964,True,2026-09-10T16:57:21.009005+00:00
t1_e80,dawndusk,truck,mAP50-95,0.44484,714,340,False,2026-09-10T16:57:21.009005+00:00
t1_e80,dawndusk,truck,mAP50,0.60246,714,340,False,2026-09-10T16:57:21.009005+00:00
t1_e80,dawndusk,truck,mAP75,0.5032,714,340,False,2026-09-10T16:57:21.009005+00:00
t1_e80,dawndusk,bus,mAP50-95,0.49353,714,127,False,2026-09-10T16:57:21.009005+00:00
t1_e80,dawndusk,bus,mAP50,0.64419,714,127,False,2026-09-10T16:57:21.009005+00:00
t1_e80,dawndusk,bus,mAP75,0.56234,714,127,False,2026-09-10T16:57:21.009005+00:00
t1_e80,dawndusk,motor,mAP50-95,0.11657,714,22,False,2026-09-10T16:57:21.009005+00:00
t1_e80,dawndusk,motor,mAP50,0.27844,714,22,False,2026-09-10T16:57:21.009005+00:00
t1_e80,dawndusk,motor,mAP75,0.07426,714,22,False,2026-09-10T16:57:21.009005+00:00
t1_e80,dawndusk,bike,mAP50-95,0.25366,714,59,False,2026-09-10T16:57:21.009005+00:00
t1_e80,dawndusk,bike,mAP50,0.54223,714,59,False,2026-09-10T16:57:21.009005+00:00
t1_e80,dawndusk,bike,mAP75,0.17353,714,59,False,2026-09-10T16:57:21.009005+00:00
t1_e80,day,all,mAP50-95,0.34076,4264,51930,True,2026-09-10T16:57:21.009005+00:00
t1_e80,day,all,mAP50,0.53819,4264,51930,True,2026-09-10T16:57:21.009005+00:00
t1_e80,day,all,mAP75,0.34361,4264,51930,True,2026-09-10T16:57:21.009005+00:00
t1_e80,day,car,mAP50-95,0.50112,4264,47715,True,2026-09-10T16:57:21.009005+00:00
t1_e80,day,car,mAP50,0.8006,4264,47715,True,2026-09-10T16:57:21.009005+00:00
t1_e80,day,car,mAP75,0.50576,4264,47715,True,2026-09-10T16:57:21.009005+00:00
t1_e80,day,truck,mAP50-95,0.42222,4264,2532,True,2026-09-10T16:57:21.009005+00:00
t1_e80,day,truck,mAP50,0.58047,4264,2532,True,2026-09-10T16:57:21.009005+00:00
t1_e80,day,truck,mAP75,0.45952,4264,2532,True,2026-09-10T16:57:21.009005+00:00
t1_e80,day,bus,mAP50-95,0.39397,4264,927,True,2026-09-10T16:57:21.009005+00:00
t1_e80,day,bus,mAP50,0.51788,4264,927,True,2026-09-10T16:57:21.009005+00:00
t1_e80,day,bus,mAP75,0.4311,4264,927,True,2026-09-10T16:57:21.009005+00:00
t1_e80,day,motor,mAP50-95,0.19427,4264,262,False,2026-09-10T16:57:21.009005+00:00
t1_e80,day,motor,mAP50,0.39412,4264,262,False,2026-09-10T16:57:21.009005+00:00
t1_e80,day,motor,mAP75,0.15886,4264,262,False,2026-09-10T16:57:21.009005+00:00
t1_e80,day,bike,mAP50-95,0.19223,4264,494,False,2026-09-10T16:57:21.009005+00:00
t1_e80,day,bike,mAP50,0.39787,4264,494,False,2026-09-10T16:57:21.009005+00:00
t1_e80,day,bike,mAP75,0.16281,4264,494,False,2026-09-10T16:57:21.009005+00:00
t1_e80,day_adverse,all,mAP50-95,0.33464,823,9252,True,2026-09-10T16:57:21.009005+00:00
t1_e80,day_adverse,all,mAP50,0.52408,823,9252,True,2026-09-10T16:57:21.009005+00:00
t1_e80,day_adverse,all,mAP75,0.35098,823,9252,True,2026-09-10T16:57:21.009005+00:00
t1_e80,day_adverse,car,mAP50-95,0.50774,823,8401,True,2026-09-10T16:57:21.009005+00:00
t1_e80,day_adverse,car,mAP50,0.80921,823,8401,True,2026-09-10T16:57:21.009005+00:00
t1_e80,day_adverse,car,mAP75,0.51267,823,8401,True,2026-09-10T16:57:21.009005+00:00
t1_e80,day_adverse,truck,mAP50-95,0.42928,823,540,False,2026-09-10T16:57:21.009005+00:00
t1_e80,day_adverse,truck,mAP50,0.6007,823,540,False,2026-09-10T16:57:21.009005+00:00
t1_e80,day_adverse,truck,mAP75,0.48918,823,540,False,2026-09-10T16:57:21.009005+00:00
t1_e80,day_adverse,bus,mAP50-95,0.34878,823,194,False,2026-09-10T16:57:21.009005+00:00
t1_e80,day_adverse,bus,mAP50,0.45589,823,194,False,2026-09-10T16:57:21.009005+00:00
t1_e80,day_adverse,bus,mAP75,0.38205,823,194,False,2026-09-10T16:57:21.009005+00:00
t1_e80,day_adverse,motor,mAP50-95,0.20508,823,23,False,2026-09-10T16:57:21.009005+00:00
t1_e80,day_adverse,motor,mAP50,0.37376,823,23,False,2026-09-10T16:57:21.009005+00:00
t1_e80,day_adverse,motor,mAP75,0.2086,823,23,False,2026-09-10T16:57:21.009005+00:00
t1_e80,day_adverse,bike,mAP50-95,0.18235,823,94,False,2026-09-10T16:57:21.009005+00:00
t1_e80,day_adverse,bike,mAP50,0.38082,823,94,False,2026-09-10T16:57:21.009005+00:00
t1_e80,day_adverse,bike,mAP75,0.16241,823,94,False,2026-09-10T16:57:21.009005+00:00
t1_e80,day_clear,all,mAP50-95,0.34486,1764,21352,True,2026-09-10T16:57:21.009005+00:00
t1_e80,day_clear,all,mAP50,0.53914,1764,21352,True,2026-09-10T16:57:21.009005+00:00
t1_e80,day_clear,all,mAP75,0.34961,1764,21352,True,2026-09-10T16:57:21.009005+00:00
t1_e80,day_clear,car,mAP50-95,0.49614,1764,19633,True,2026-09-10T16:57:21.009005+00:00
t1_e80,day_clear,car,mAP50,0.79425,1764,19633,True,2026-09-10T16:57:21.009005+00:00
t1_e80,day_clear,car,mAP75,0.50018,1764,19633,True,2026-09-10T16:57:21.009005+00:00
t1_e80,day_clear,truck,mAP50-95,0.4126,1764,1021,True,2026-09-10T16:57:21.009005+00:00
t1_e80,day_clear,truck,mAP50,0.55799,1764,1021,True,2026-09-10T16:57:21.009005+00:00
t1_e80,day_clear,truck,mAP75,0.45054,1764,1021,True,2026-09-10T16:57:21.009005+00:00
t1_e80,day_clear,bus,mAP50-95,0.41417,1764,380,False,2026-09-10T16:57:21.009005+00:00
t1_e80,day_clear,bus,mAP50,0.54022,1764,380,False,2026-09-10T16:57:21.009005+00:00
t1_e80,day_clear,bus,mAP75,0.46373,1764,380,False,2026-09-10T16:57:21.009005+00:00
t1_e80,day_clear,motor,mAP50-95,0.2119,1764,111,False,2026-09-10T16:57:21.009005+00:00
t1_e80,day_clear,motor,mAP50,0.43321,1764,111,False,2026-09-10T16:57:21.009005+00:00
t1_e80,day_clear,motor,mAP75,0.15304,1764,111,False,2026-09-10T16:57:21.009005+00:00
t1_e80,day_clear,bike,mAP50-95,0.18948,1764,207,False,2026-09-10T16:57:21.009005+00:00
t1_e80,day_clear,bike,mAP50,0.37002,1764,207,False,2026-09-10T16:57:21.009005+00:00
t1_e80,day_clear,bike,mAP75,0.18054,1764,207,False,2026-09-10T16:57:21.009005+00:00
t1_e80,day_rainy,all,mAP50-95,0.36819,396,4356,True,2026-09-10T16:57:21.009005+00:00
t1_e80,day_rainy,all,mAP50,0.58763,396,4356,True,2026-09-10T16:57:21.009005+00:00
t1_e80,day_rainy,all,mAP75,0.38328,396,4356,True,2026-09-10T16:57:21.009005+00:00
t1_e80,day_rainy,car,mAP50-95,0.51317,396,3930,True,2026-09-10T16:57:21.009005+00:00
t1_e80,day_rainy,car,mAP50,0.81648,396,3930,True,2026-09-10T16:57:21.009005+00:00
t1_e80,day_rainy,car,mAP75,0.51947,396,3930,True,2026-09-10T16:57:21.009005+00:00
t1_e80,day_rainy,truck,mAP50-95,0.42089,396,272,False,2026-09-10T16:57:21.009005+00:00
t1_e80,day_rainy,truck,mAP50,0.60393,396,272,False,2026-09-10T16:57:21.009005+00:00
t1_e80,day_rainy,truck,mAP75,0.47621,396,272,False,2026-09-10T16:57:21.009005+00:00
t1_e80,day_rainy,bus,mAP50-95,0.37187,396,97,False,2026-09-10T16:57:21.009005+00:00
t1_e80,day_rainy,bus,mAP50,0.49835,396,97,False,2026-09-10T16:57:21.009005+00:00
t1_e80,day_rainy,bus,mAP75,0.40443,396,97,False,2026-09-10T16:57:21.009005+00:00
t1_e80,day_rainy,motor,mAP50-95,0.28511,396,16,False,2026-09-10T16:57:21.009005+00:00
t1_e80,day_rainy,motor,mAP50,0.47921,396,16,False,2026-09-10T16:57:21.009005+00:00
t1_e80,day_rainy,motor,mAP75,0.30919,396,16,False,2026-09-10T16:57:21.009005+00:00
t1_e80,day_rainy,bike,mAP50-95,0.2499,396,41,False,2026-09-10T16:57:21.009005+00:00
t1_e80,day_rainy,bike,mAP50,0.54021,396,41,False,2026-09-10T16:57:21.009005+00:00
t1_e80,day_rainy,bike,mAP75,0.20713,396,41,False,2026-09-10T16:57:21.009005+00:00
t1_e80,day_snowy,all,mAP50-95,0.29217,422,4842,True,2026-09-10T16:57:21.009005+00:00
t1_e80,day_snowy,all,mAP50,0.45065,422,4842,True,2026-09-10T16:57:21.009005+00:00
t1_e80,day_snowy,all,mAP75,0.30403,422,4842,True,2026-09-10T16:57:21.009005+00:00
t1_e80,day_snowy,car,mAP50-95,0.50348,422,4421,True,2026-09-10T16:57:21.009005+00:00
t1_e80,day_snowy,car,mAP50,0.80438,422,4421,True,2026-09-10T16:57:21.009005+00:00
t1_e80,day_snowy,car,mAP75,0.50711,422,4421,True,2026-09-10T16:57:21.009005+00:00
t1_e80,day_snowy,truck,mAP50-95,0.44478,422,264,False,2026-09-10T16:57:21.009005+00:00
t1_e80,day_snowy,truck,mAP50,0.60627,422,264,False,2026-09-10T16:57:21.009005+00:00
t1_e80,day_snowy,truck,mAP75,0.50861,422,264,False,2026-09-10T16:57:21.009005+00:00
t1_e80,day_snowy,bus,mAP50-95,0.3265,422,97,False,2026-09-10T16:57:21.009005+00:00
t1_e80,day_snowy,bus,mAP50,0.41331,422,97,False,2026-09-10T16:57:21.009005+00:00
t1_e80,day_snowy,bus,mAP75,0.36079,422,97,False,2026-09-10T16:57:21.009005+00:00
t1_e80,day_snowy,motor,mAP50-95,0.04455,422,7,False,2026-09-10T16:57:21.009005+00:00
t1_e80,day_snowy,motor,mAP50,0.14851,422,7,False,2026-09-10T16:57:21.009005+00:00
t1_e80,day_snowy,motor,mAP75,0.0,422,7,False,2026-09-10T16:57:21.009005+00:00
t1_e80,day_snowy,bike,mAP50-95,0.14154,422,53,False,2026-09-10T16:57:21.009005+00:00
t1_e80,day_snowy,bike,mAP50,0.28079,422,53,False,2026-09-10T16:57:21.009005+00:00
t1_e80,day_snowy,bike,mAP75,0.14362,422,53,False,2026-09-10T16:57:21.009005+00:00
t1_e80,foggy,all,mAP50-95,0.23652,13,144,False,2026-09-10T16:57:21.009005+00:00
t1_e80,foggy,all,mAP50,0.64304,13,144,False,2026-09-10T16:57:21.009005+00:00
t1_e80,foggy,all,mAP75,0.21825,13,144,False,2026-09-10T16:57:21.009005+00:00
t1_e80,foggy,car,mAP50-95,0.44322,13,138,False,2026-09-10T16:57:21.009005+00:00
t1_e80,foggy,car,mAP50,0.72121,13,138,False,2026-09-10T16:57:21.009005+00:00
t1_e80,foggy,car,mAP75,0.44683,13,138,False,2026-09-10T16:57:21.009005+00:00
t1_e80,foggy,truck,mAP50-95,0.16634,13,5,False,2026-09-10T16:57:21.009005+00:00
t1_e80,foggy,truck,mAP50,0.20792,13,5,False,2026-09-10T16:57:21.009005+00:00
t1_e80,foggy,truck,mAP75,0.20792,13,5,False,2026-09-10T16:57:21.009005+00:00
t1_e80,foggy,bus,mAP50-95,,13,0,False,2026-09-10T16:57:21.009005+00:00
t1_e80,foggy,bus,mAP50,,13,0,False,2026-09-10T16:57:21.009005+00:00
t1_e80,foggy,bus,mAP75,,13,0,False,2026-09-10T16:57:21.009005+00:00
t1_e80,foggy,motor,mAP50-95,0.1,13,1,False,2026-09-10T16:57:21.009005+00:00
t1_e80,foggy,motor,mAP50,1.0,13,1,False,2026-09-10T16:57:21.009005+00:00
t1_e80,foggy,motor,mAP75,0.0,13,1,False,2026-09-10T16:57:21.009005+00:00
t1_e80,foggy,bike,mAP50-95,,13,0,False,2026-09-10T16:57:21.009005+00:00
t1_e80,foggy,bike,mAP50,,13,0,False,2026-09-10T16:57:21.009005+00:00
t1_e80,foggy,bike,mAP75,,13,0,False,2026-09-10T16:57:21.009005+00:00
t1_e80,night,all,mAP50-95,0.32401,3863,36751,True,2026-09-10T16:57:21.009005+00:00
t1_e80,night,all,mAP50,0.54064,3863,36751,True,2026-09-10T16:57:21.009005+00:00
t1_e80,night,all,mAP75,0.31373,3863,36751,True,2026-09-10T16:57:21.009005+00:00
t1_e80,night,car,mAP50-95,0.43296,3863,35439,True,2026-09-10T16:57:21.009005+00:00
t1_e80,night,car,mAP50,0.76792,3863,35439,True,2026-09-10T16:57:21.009005+00:00
t1_e80,night,car,mAP75,0.41012,3863,35439,True,2026-09-10T16:57:21.009005+00:00
t1_e80,night,truck,mAP50-95,0.39377,3863,736,False,2026-09-10T16:57:21.009005+00:00
t1_e80,night,truck,mAP50,0.54802,3863,736,False,2026-09-10T16:57:21.009005+00:00
t1_e80,night,truck,mAP75,0.43227,3863,736,False,2026-09-10T16:57:21.009005+00:00
t1_e80,night,bus,mAP50-95,0.39618,3863,297,False,2026-09-10T16:57:21.009005+00:00
t1_e80,night,bus,mAP50,0.50722,3863,297,False,2026-09-10T16:57:21.009005+00:00
t1_e80,night,bus,mAP75,0.44967,3863,297,False,2026-09-10T16:57:21.009005+00:00
t1_e80,night,motor,mAP50-95,0.16737,3863,93,False,2026-09-10T16:57:21.009005+00:00
t1_e80,night,motor,mAP50,0.41522,3863,93,False,2026-09-10T16:57:21.009005+00:00
t1_e80,night,motor,mAP75,0.09213,3863,93,False,2026-09-10T16:57:21.009005+00:00
t1_e80,night,bike,mAP50-95,0.22977,3863,186,False,2026-09-10T16:57:21.009005+00:00
t1_e80,night,bike,mAP50,0.46483,3863,186,False,2026-09-10T16:57:21.009005+00:00
t1_e80,night,bike,mAP75,0.18448,3863,186,False,2026-09-10T16:57:21.009005+00:00
t1_e80,night_adverse,all,mAP50-95,0.32605,566,4986,True,2026-09-10T16:57:21.009005+00:00
t1_e80,night_adverse,all,mAP50,0.50861,566,4986,True,2026-09-10T16:57:21.009005+00:00
t1_e80,night_adverse,all,mAP75,0.34133,566,4986,True,2026-09-10T16:57:21.009005+00:00
t1_e80,night_adverse,car,mAP50-95,0.4465,566,4743,True,2026-09-10T16:57:21.009005+00:00
t1_e80,night_adverse,car,mAP50,0.76637,566,4743,True,2026-09-10T16:57:21.009005+00:00
t1_e80,night_adverse,car,mAP75,0.43805,566,4743,True,2026-09-10T16:57:21.009005+00:00
t1_e80,night_adverse,truck,mAP50-95,0.3646,566,156,False,2026-09-10T16:57:21.009005+00:00
t1_e80,night_adverse,truck,mAP50,0.52541,566,156,False,2026-09-10T16:57:21.009005+00:00
t1_e80,night_adverse,truck,mAP75,0.37957,566,156,False,2026-09-10T16:57:21.009005+00:00
t1_e80,night_adverse,bus,mAP50-95,0.49863,566,41,False,2026-09-10T16:57:21.009005+00:00
t1_e80,night_adverse,bus,mAP50,0.64556,566,41,False,2026-09-10T16:57:21.009005+00:00
t1_e80,night_adverse,bus,mAP75,0.57483,566,41,False,2026-09-10T16:57:21.009005+00:00
t1_e80,night_adverse,motor,mAP50-95,0.13742,566,12,False,2026-09-10T16:57:21.009005+00:00
t1_e80,night_adverse,motor,mAP50,0.22741,566,12,False,2026-09-10T16:57:21.009005+00:00
t1_e80,night_adverse,motor,mAP75,0.17684,566,12,False,2026-09-10T16:57:21.009005+00:00
t1_e80,night_adverse,bike,mAP50-95,0.18311,566,34,False,2026-09-10T16:57:21.009005+00:00
t1_e80,night_adverse,bike,mAP50,0.37828,566,34,False,2026-09-10T16:57:21.009005+00:00
t1_e80,night_adverse,bike,mAP75,0.13737,566,34,False,2026-09-10T16:57:21.009005+00:00
t1_e80,night_clear,all,mAP50-95,0.32313,3274,31550,True,2026-09-10T16:57:21.009005+00:00
t1_e80,night_clear,all,mAP50,0.54483,3274,31550,True,2026-09-10T16:57:21.009005+00:00
t1_e80,night_clear,all,mAP75,0.30974,3274,31550,True,2026-09-10T16:57:21.009005+00:00
t1_e80,night_clear,car,mAP50-95,0.42985,3274,30489,True,2026-09-10T16:57:21.009005+00:00
t1_e80,night_clear,car,mAP50,0.76799,3274,30489,True,2026-09-10T16:57:21.009005+00:00
t1_e80,night_clear,car,mAP75,0.40562,3274,30489,True,2026-09-10T16:57:21.009005+00:00
t1_e80,night_clear,truck,mAP50-95,0.39907,3274,577,False,2026-09-10T16:57:21.009005+00:00
t1_e80,night_clear,truck,mAP50,0.5512,3274,577,False,2026-09-10T16:57:21.009005+00:00
t1_e80,night_clear,truck,mAP75,0.44302,3274,577,False,2026-09-10T16:57:21.009005+00:00
t1_e80,night_clear,bus,mAP50-95,0.37348,3274,251,False,2026-09-10T16:57:21.009005+00:00
t1_e80,night_clear,bus,mAP50,0.4783,3274,251,False,2026-09-10T16:57:21.009005+00:00
t1_e80,night_clear,bus,mAP75,0.42036,3274,251,False,2026-09-10T16:57:21.009005+00:00
t1_e80,night_clear,motor,mAP50-95,0.17361,3274,81,False,2026-09-10T16:57:21.009005+00:00
t1_e80,night_clear,motor,mAP50,0.44521,3274,81,False,2026-09-10T16:57:21.009005+00:00
t1_e80,night_clear,motor,mAP75,0.08201,3274,81,False,2026-09-10T16:57:21.009005+00:00
t1_e80,night_clear,bike,mAP50-95,0.23965,3274,152,False,2026-09-10T16:57:21.009005+00:00
t1_e80,night_clear,bike,mAP50,0.48147,3274,152,False,2026-09-10T16:57:21.009005+00:00
t1_e80,night_clear,bike,mAP75,0.19768,3274,152,False,2026-09-10T16:57:21.009005+00:00
t1_e80,night_rainy,all,mAP50-95,0.3867,286,2535,True,2026-09-10T16:57:21.009005+00:00
t1_e80,night_rainy,all,mAP50,0.57551,286,2535,True,2026-09-10T16:57:21.009005+00:00
t1_e80,night_rainy,all,mAP75,0.40343,286,2535,True,2026-09-10T16:57:21.009005+00:00
t1_e80,night_rainy,car,mAP50-95,0.43933,286,2416,True,2026-09-10T16:57:21.009005+00:00
t1_e80,night_rainy,car,mAP50,0.7516,286,2416,True,2026-09-10T16:57:21.009005+00:00
t1_e80,night_rainy,car,mAP75,0.43834,286,2416,True,2026-09-10T16:57:21.009005+00:00
t1_e80,night_rainy,truck,mAP50-95,0.45236,286,72,False,2026-09-10T16:57:21.009005+00:00
t1_e80,night_rainy,truck,mAP50,0.64071,286,72,False,2026-09-10T16:57:21.009005+00:00
t1_e80,night_rainy,truck,mAP75,0.48926,286,72,False,2026-09-10T16:57:21.009005+00:00
t1_e80,night_rainy,bus,mAP50-95,0.61203,286,22,False,2026-09-10T16:57:21.009005+00:00
t1_e80,night_rainy,bus,mAP50,0.78277,286,22,False,2026-09-10T16:57:21.009005+00:00
t1_e80,night_rainy,bus,mAP75,0.65064,286,22,False,2026-09-10T16:57:21.009005+00:00
t1_e80,night_rainy,motor,mAP50-95,0.13846,286,10,False,2026-09-10T16:57:21.009005+00:00
t1_e80,night_rainy,motor,mAP50,0.23338,286,10,False,2026-09-10T16:57:21.009005+00:00
t1_e80,night_rainy,motor,mAP75,0.17162,286,10,False,2026-09-10T16:57:21.009005+00:00
t1_e80,night_rainy,bike,mAP50-95,0.29134,286,15,False,2026-09-10T16:57:21.009005+00:00
t1_e80,night_rainy,bike,mAP50,0.46907,286,15,False,2026-09-10T16:57:21.009005+00:00
t1_e80,night_rainy,bike,mAP75,0.26733,286,15,False,2026-09-10T16:57:21.009005+00:00
t1_e80,night_snowy,all,mAP50-95,0.27692,273,2374,True,2026-09-10T16:57:21.009005+00:00
t1_e80,night_snowy,all,mAP50,0.45397,273,2374,True,2026-09-10T16:57:21.009005+00:00
t1_e80,night_snowy,all,mAP75,0.29578,273,2374,True,2026-09-10T16:57:21.009005+00:00
t1_e80,night_snowy,car,mAP50-95,0.45697,273,2251,True,2026-09-10T16:57:21.009005+00:00
t1_e80,night_snowy,car,mAP50,0.78808,273,2251,True,2026-09-10T16:57:21.009005+00:00
t1_e80,night_snowy,car,mAP75,0.4396,273,2251,True,2026-09-10T16:57:21.009005+00:00
t1_e80,night_snowy,truck,mAP50-95,0.29251,273,83,False,2026-09-10T16:57:21.009005+00:00
t1_e80,night_snowy,truck,mAP50,0.42757,273,83,False,2026-09-10T16:57:21.009005+00:00
t1_e80,night_snowy,truck,mAP75,0.28695,273,83,False,2026-09-10T16:57:21.009005+00:00
t1_e80,night_snowy,bus,mAP50-95,0.35951,273,19,False,2026-09-10T16:57:21.009005+00:00
t1_e80,night_snowy,bus,mAP50,0.47573,273,19,False,2026-09-10T16:57:21.009005+00:00
t1_e80,night_snowy,bus,mAP75,0.47573,273,19,False,2026-09-10T16:57:21.009005+00:00
t1_e80,night_snowy,motor,mAP50-95,0.17673,273,2,False,2026-09-10T16:57:21.009005+00:00
t1_e80,night_snowy,motor,mAP50,0.25248,273,2,False,2026-09-10T16:57:21.009005+00:00
t1_e80,night_snowy,motor,mAP75,0.25248,273,2,False,2026-09-10T16:57:21.009005+00:00
t1_e80,night_snowy,bike,mAP50-95,0.09886,273,19,False,2026-09-10T16:57:21.009005+00:00
t1_e80,night_snowy,bike,mAP50,0.32599,273,19,False,2026-09-10T16:57:21.009005+00:00
t1_e80,night_snowy,bike,mAP75,0.02416,273,19,False,2026-09-10T16:57:21.009005+00:00
t1_e80,overcast,all,mAP50-95,0.34363,1239,15505,True,2026-09-10T16:57:21.009005+00:00
t1_e80,overcast,all,mAP50,0.55068,1239,15505,True,2026-09-10T16:57:21.009005+00:00
t1_e80,overcast,all,mAP75,0.3317,1239,15505,True,2026-09-10T16:57:21.009005+00:00
t1_e80,overcast,car,mAP50-95,0.50901,1239,14370,True,2026-09-10T16:57:21.009005+00:00
t1_e80,overcast,car,mAP50,0.80899,1239,14370,True,2026-09-10T16:57:21.009005+00:00
t1_e80,overcast,car,mAP75,0.51455,1239,14370,True,2026-09-10T16:57:21.009005+00:00
t1_e80,overcast,truck,mAP50-95,0.43688,1239,660,False,2026-09-10T16:57:21.009005+00:00
t1_e80,overcast,truck,mAP50,0.60638,1239,660,False,2026-09-10T16:57:21.009005+00:00
t1_e80,overcast,truck,mAP75,0.46282,1239,660,False,2026-09-10T16:57:21.009005+00:00
t1_e80,overcast,bus,mAP50-95,0.40939,1239,262,False,2026-09-10T16:57:21.009005+00:00
t1_e80,overcast,bus,mAP50,0.54245,1239,262,False,2026-09-10T16:57:21.009005+00:00
t1_e80,overcast,bus,mAP75,0.43843,1239,262,False,2026-09-10T16:57:21.009005+00:00
t1_e80,overcast,motor,mAP50-95,0.14122,1239,72,False,2026-09-10T16:57:21.009005+00:00
t1_e80,overcast,motor,mAP50,0.31462,1239,72,False,2026-09-10T16:57:21.009005+00:00
t1_e80,overcast,motor,mAP75,0.09617,1239,72,False,2026-09-10T16:57:21.009005+00:00
t1_e80,overcast,bike,mAP50-95,0.22164,1239,141,False,2026-09-10T16:57:21.009005+00:00
t1_e80,overcast,bike,mAP50,0.48095,1239,141,False,2026-09-10T16:57:21.009005+00:00
t1_e80,overcast,bike,mAP75,0.14654,1239,141,False,2026-09-10T16:57:21.009005+00:00
t1_e80,partlycloudy,all,mAP50-95,0.35339,738,9256,True,2026-09-10T16:57:21.009005+00:00
t1_e80,partlycloudy,all,mAP50,0.54866,738,9256,True,2026-09-10T16:57:21.009005+00:00
t1_e80,partlycloudy,all,mAP75,0.36646,738,9256,True,2026-09-10T16:57:21.009005+00:00
t1_e80,partlycloudy,car,mAP50-95,0.49037,738,8526,True,2026-09-10T16:57:21.009005+00:00
t1_e80,partlycloudy,car,mAP50,0.78484,738,8526,True,2026-09-10T16:57:21.009005+00:00
t1_e80,partlycloudy,car,mAP75,0.49645,738,8526,True,2026-09-10T16:57:21.009005+00:00
t1_e80,partlycloudy,truck,mAP50-95,0.44223,738,454,False,2026-09-10T16:57:21.009005+00:00
t1_e80,partlycloudy,truck,mAP50,0.60408,738,454,False,2026-09-10T16:57:21.009005+00:00
t1_e80,partlycloudy,truck,mAP75,0.46429,738,454,False,2026-09-10T16:57:21.009005+00:00
t1_e80,partlycloudy,bus,mAP50-95,0.41554,738,142,False,2026-09-10T16:57:21.009005+00:00
t1_e80,partlycloudy,bus,mAP50,0.53934,738,142,False,2026-09-10T16:57:21.009005+00:00
t1_e80,partlycloudy,bus,mAP75,0.45047,738,142,False,2026-09-10T16:57:21.009005+00:00
t1_e80,partlycloudy,motor,mAP50-95,0.25242,738,65,False,2026-09-10T16:57:21.009005+00:00
t1_e80,partlycloudy,motor,mAP50,0.4672,738,65,False,2026-09-10T16:57:21.009005+00:00
t1_e80,partlycloudy,motor,mAP75,0.26751,738,65,False,2026-09-10T16:57:21.009005+00:00
t1_e80,partlycloudy,bike,mAP50-95,0.16639,738,69,False,2026-09-10T16:57:21.009005+00:00
t1_e80,partlycloudy,bike,mAP50,0.34784,738,69,False,2026-09-10T16:57:21.009005+00:00
t1_e80,partlycloudy,bike,mAP75,0.15359,738,69,False,2026-09-10T16:57:21.009005+00:00
t1_e80,rainy,all,mAP50-95,0.35953,737,7541,True,2026-09-10T16:57:21.009005+00:00
t1_e80,rainy,all,mAP50,0.56026,737,7541,True,2026-09-10T16:57:21.009005+00:00
t1_e80,rainy,all,mAP75,0.37607,737,7541,True,2026-09-10T16:57:21.009005+00:00
t1_e80,rainy,car,mAP50-95,0.486,737,6944,True,2026-09-10T16:57:21.009005+00:00
t1_e80,rainy,car,mAP50,0.7913,737,6944,True,2026-09-10T16:57:21.009005+00:00
t1_e80,rainy,car,mAP75,0.48942,737,6944,True,2026-09-10T16:57:21.009005+00:00
t1_e80,rainy,truck,mAP50-95,0.43278,737,378,False,2026-09-10T16:57:21.009005+00:00
t1_e80,rainy,truck,mAP50,0.61579,737,378,False,2026-09-10T16:57:21.009005+00:00
t1_e80,rainy,truck,mAP75,0.4881,737,378,False,2026-09-10T16:57:21.009005+00:00
t1_e80,rainy,bus,mAP50-95,0.42615,737,132,False,2026-09-10T16:57:21.009005+00:00
t1_e80,rainy,bus,mAP50,0.55912,737,132,False,2026-09-10T16:57:21.009005+00:00
t1_e80,rainy,bus,mAP75,0.46319,737,132,False,2026-09-10T16:57:21.009005+00:00
t1_e80,rainy,motor,mAP50-95,0.19319,737,30,False,2026-09-10T16:57:21.009005+00:00
t1_e80,rainy,motor,mAP50,0.32794,737,30,False,2026-09-10T16:57:21.009005+00:00
t1_e80,rainy,motor,mAP75,0.21679,737,30,False,2026-09-10T16:57:21.009005+00:00
t1_e80,rainy,bike,mAP50-95,0.25951,737,57,False,2026-09-10T16:57:21.009005+00:00
t1_e80,rainy,bike,mAP50,0.50713,737,57,False,2026-09-10T16:57:21.009005+00:00
t1_e80,rainy,bike,mAP75,0.22287,737,57,False,2026-09-10T16:57:21.009005+00:00
t1_e80,snowy,all,mAP50-95,0.28605,769,8080,True,2026-09-10T16:57:21.009005+00:00
t1_e80,snowy,all,mAP50,0.45165,769,8080,True,2026-09-10T16:57:21.009005+00:00
t1_e80,snowy,all,mAP75,0.29597,769,8080,True,2026-09-10T16:57:21.009005+00:00
t1_e80,snowy,car,mAP50-95,0.48895,769,7486,True,2026-09-10T16:57:21.009005+00:00
t1_e80,snowy,car,mAP50,0.79725,769,7486,True,2026-09-10T16:57:21.009005+00:00
t1_e80,snowy,car,mAP75,0.48769,769,7486,True,2026-09-10T16:57:21.009005+00:00
t1_e80,snowy,truck,mAP50-95,0.41142,769,371,False,2026-09-10T16:57:21.009005+00:00
t1_e80,snowy,truck,mAP50,0.56696,769,371,False,2026-09-10T16:57:21.009005+00:00
t1_e80,snowy,truck,mAP75,0.46301,769,371,False,2026-09-10T16:57:21.009005+00:00
t1_e80,snowy,bus,mAP50-95,0.33157,769,133,False,2026-09-10T16:57:21.009005+00:00
t1_e80,snowy,bus,mAP50,0.42714,769,133,False,2026-09-10T16:57:21.009005+00:00
t1_e80,snowy,bus,mAP75,0.37843,769,133,False,2026-09-10T16:57:21.009005+00:00
t1_e80,snowy,motor,mAP50-95,0.06386,769,9,False,2026-09-10T16:57:21.009005+00:00
t1_e80,snowy,motor,mAP50,0.17327,769,9,False,2026-09-10T16:57:21.009005+00:00
t1_e80,snowy,motor,mAP75,0.0297,769,9,False,2026-09-10T16:57:21.009005+00:00
t1_e80,snowy,bike,mAP50-95,0.13445,769,81,False,2026-09-10T16:57:21.009005+00:00
t1_e80,snowy,bike,mAP50,0.29365,769,81,False,2026-09-10T16:57:21.009005+00:00
t1_e80,snowy,bike,mAP75,0.12099,769,81,False,2026-09-10T16:57:21.009005+00:00
set2_100,overall,all,mAP50-95,0.34443,8841,97193,True,2026-09-10T16:57:21.009005+00:00
set2_100,overall,all,mAP50,0.55213,8841,97193,True,2026-09-10T16:57:21.009005+00:00
set2_100,overall,all,mAP75,0.34909,8841,97193,True,2026-09-10T16:57:21.009005+00:00
set2_100,overall,car,mAP50-95,0.47629,8841,91118,True,2026-09-10T16:57:21.009005+00:00
set2_100,overall,car,mAP50,0.78932,8841,91118,True,2026-09-10T16:57:21.009005+00:00
set2_100,overall,car,mAP75,0.47023,8841,91118,True,2026-09-10T16:57:21.009005+00:00
set2_100,overall,truck,mAP50-95,0.4251,8841,3608,True,2026-09-10T16:57:21.009005+00:00
set2_100,overall,truck,mAP50,0.58123,8841,3608,True,2026-09-10T16:57:21.009005+00:00
set2_100,overall,truck,mAP75,0.46788,8841,3608,True,2026-09-10T16:57:21.009005+00:00
set2_100,overall,bus,mAP50-95,0.41138,8841,1351,True,2026-09-10T16:57:21.009005+00:00
set2_100,overall,bus,mAP50,0.53809,8841,1351,True,2026-09-10T16:57:21.009005+00:00
set2_100,overall,bus,mAP75,0.46264,8841,1351,True,2026-09-10T16:57:21.009005+00:00
set2_100,overall,motor,mAP50-95,0.18224,8841,377,False,2026-09-10T16:57:21.009005+00:00
set2_100,overall,motor,mAP50,0.39166,8841,377,False,2026-09-10T16:57:21.009005+00:00
set2_100,overall,motor,mAP75,0.15389,8841,377,False,2026-09-10T16:57:21.009005+00:00
set2_100,overall,bike,mAP50-95,0.22711,8841,739,False,2026-09-10T16:57:21.009005+00:00
set2_100,overall,bike,mAP50,0.46035,8841,739,False,2026-09-10T16:57:21.009005+00:00
set2_100,overall,bike,mAP75,0.19081,8841,739,False,2026-09-10T16:57:21.009005+00:00
set2_100,adverse,all,mAP50-95,0.33848,1519,15765,True,2026-09-10T16:57:21.009005+00:00
set2_100,adverse,all,mAP50,0.52148,1519,15765,True,2026-09-10T16:57:21.009005+00:00
set2_100,adverse,all,mAP75,0.35214,1519,15765,True,2026-09-10T16:57:21.009005+00:00
set2_100,adverse,car,mAP50-95,0.48963,1519,14568,True,2026-09-10T16:57:21.009005+00:00
set2_100,adverse,car,mAP50,0.79709,1519,14568,True,2026-09-10T16:57:21.009005+00:00
set2_100,adverse,car,mAP75,0.49017,1519,14568,True,2026-09-10T16:57:21.009005+00:00
set2_100,adverse,truck,mAP50-95,0.43461,1519,754,False,2026-09-10T16:57:21.009005+00:00
set2_100,adverse,truck,mAP50,0.60387,1519,754,False,2026-09-10T16:57:21.009005+00:00
set2_100,adverse,truck,mAP75,0.4916,1519,754,False,2026-09-10T16:57:21.009005+00:00
set2_100,adverse,bus,mAP50-95,0.38418,1519,265,False,2026-09-10T16:57:21.009005+00:00
set2_100,adverse,bus,mAP50,0.49634,1519,265,False,2026-09-10T16:57:21.009005+00:00
set2_100,adverse,bus,mAP75,0.41628,1519,265,False,2026-09-10T16:57:21.009005+00:00
set2_100,adverse,motor,mAP50-95,0.20039,1519,40,False,2026-09-10T16:57:21.009005+00:00
set2_100,adverse,motor,mAP50,0.31374,1519,40,False,2026-09-10T16:57:21.009005+00:00
set2_100,adverse,motor,mAP75,0.23224,1519,40,False,2026-09-10T16:57:21.009005+00:00
set2_100,adverse,bike,mAP50-95,0.1836,1519,138,False,2026-09-10T16:57:21.009005+00:00
set2_100,adverse,bike,mAP50,0.39636,1519,138,False,2026-09-10T16:57:21.009005+00:00
set2_100,adverse,bike,mAP75,0.13039,1519,138,False,2026-09-10T16:57:21.009005+00:00
set2_100,benign,all,mAP50-95,0.34694,7322,81428,True,2026-09-10T16:57:21.009005+00:00
set2_100,benign,all,mAP50,0.55776,7322,81428,True,2026-09-10T16:57:21.009005+00:00
set2_100,benign,all,mAP75,0.35104,7322,81428,True,2026-09-10T16:57:21.009005+00:00
set2_100,benign,car,mAP50-95,0.47398,7322,76550,True,2026-09-10T16:57:21.009005+00:00
set2_100,benign,car,mAP50,0.78826,7322,76550,True,2026-09-10T16:57:21.009005+00:00
set2_100,benign,car,mAP75,0.46715,7322,76550,True,2026-09-10T16:57:21.009005+00:00
set2_100,benign,truck,mAP50-95,0.42291,7322,2854,True,2026-09-10T16:57:21.009005+00:00
set2_100,benign,truck,mAP50,0.5757,7322,2854,True,2026-09-10T16:57:21.009005+00:00
set2_100,benign,truck,mAP75,0.46107,7322,2854,True,2026-09-10T16:57:21.009005+00:00
set2_100,benign,bus,mAP50-95,0.41854,7322,1086,True,2026-09-10T16:57:21.009005+00:00
set2_100,benign,bus,mAP50,0.54863,7322,1086,True,2026-09-10T16:57:21.009005+00:00
set2_100,benign,bus,mAP75,0.47362,7322,1086,True,2026-09-10T16:57:21.009005+00:00
set2_100,benign,motor,mAP50-95,0.18213,7322,337,False,2026-09-10T16:57:21.009005+00:00
set2_100,benign,motor,mAP50,0.40136,7322,337,False,2026-09-10T16:57:21.009005+00:00
set2_100,benign,motor,mAP75,0.14743,7322,337,False,2026-09-10T16:57:21.009005+00:00
set2_100,benign,bike,mAP50-95,0.23715,7322,601,False,2026-09-10T16:57:21.009005+00:00
set2_100,benign,bike,mAP50,0.47485,7322,601,False,2026-09-10T16:57:21.009005+00:00
set2_100,benign,bike,mAP75,0.20594,7322,601,False,2026-09-10T16:57:21.009005+00:00
set2_100,clear,all,mAP50-95,0.3403,5345,56667,True,2026-09-10T16:57:21.009005+00:00
set2_100,clear,all,mAP50,0.55067,5345,56667,True,2026-09-10T16:57:21.009005+00:00
set2_100,clear,all,mAP75,0.34394,5345,56667,True,2026-09-10T16:57:21.009005+00:00
set2_100,clear,car,mAP50-95,0.45981,5345,53654,True,2026-09-10T16:57:21.009005+00:00
set2_100,clear,car,mAP50,0.78035,5345,53654,True,2026-09-10T16:57:21.009005+00:00
set2_100,clear,car,mAP75,0.44809,5345,53654,True,2026-09-10T16:57:21.009005+00:00
set2_100,clear,truck,mAP50-95,0.4093,5345,1740,True,2026-09-10T16:57:21.009005+00:00
set2_100,clear,truck,mAP50,0.55343,5345,1740,True,2026-09-10T16:57:21.009005+00:00
set2_100,clear,truck,mAP75,0.45231,5345,1740,True,2026-09-10T16:57:21.009005+00:00
set2_100,clear,bus,mAP50-95,0.41514,5345,682,False,2026-09-10T16:57:21.009005+00:00
set2_100,clear,bus,mAP50,0.54194,5345,682,False,2026-09-10T16:57:21.009005+00:00
set2_100,clear,bus,mAP75,0.47845,5345,682,False,2026-09-10T16:57:21.009005+00:00
set2_100,clear,motor,mAP50-95,0.1783,5345,200,False,2026-09-10T16:57:21.009005+00:00
set2_100,clear,motor,mAP50,0.40452,5345,200,False,2026-09-10T16:57:21.009005+00:00
set2_100,clear,motor,mAP75,0.12726,5345,200,False,2026-09-10T16:57:21.009005+00:00
set2_100,clear,bike,mAP50-95,0.23898,5345,391,False,2026-09-10T16:57:21.009005+00:00
set2_100,clear,bike,mAP50,0.47314,5345,391,False,2026-09-10T16:57:21.009005+00:00
set2_100,clear,bike,mAP75,0.21359,5345,391,False,2026-09-10T16:57:21.009005+00:00
set2_100,dawndusk,all,mAP50-95,0.3641,714,8512,True,2026-09-10T16:57:21.009005+00:00
set2_100,dawndusk,all,mAP50,0.57024,714,8512,True,2026-09-10T16:57:21.009005+00:00
set2_100,dawndusk,all,mAP75,0.37179,714,8512,True,2026-09-10T16:57:21.009005+00:00
set2_100,dawndusk,car,mAP50-95,0.4952,714,7964,True,2026-09-10T16:57:21.009005+00:00
set2_100,dawndusk,car,mAP50,0.79746,714,7964,True,2026-09-10T16:57:21.009005+00:00
set2_100,dawndusk,car,mAP75,0.50262,714,7964,True,2026-09-10T16:57:21.009005+00:00
set2_100,dawndusk,truck,mAP50-95,0.45107,714,340,False,2026-09-10T16:57:21.009005+00:00
set2_100,dawndusk,truck,mAP50,0.60704,714,340,False,2026-09-10T16:57:21.009005+00:00
set2_100,dawndusk,truck,mAP75,0.5017,714,340,False,2026-09-10T16:57:21.009005+00:00
set2_100,dawndusk,bus,mAP50-95,0.49574,714,127,False,2026-09-10T16:57:21.009005+00:00
set2_100,dawndusk,bus,mAP50,0.63047,714,127,False,2026-09-10T16:57:21.009005+00:00
set2_100,dawndusk,bus,mAP75,0.5674,714,127,False,2026-09-10T16:57:21.009005+00:00
set2_100,dawndusk,motor,mAP50-95,0.09905,714,22,False,2026-09-10T16:57:21.009005+00:00
set2_100,dawndusk,motor,mAP50,0.25697,714,22,False,2026-09-10T16:57:21.009005+00:00
set2_100,dawndusk,motor,mAP75,0.07447,714,22,False,2026-09-10T16:57:21.009005+00:00
set2_100,dawndusk,bike,mAP50-95,0.27944,714,59,False,2026-09-10T16:57:21.009005+00:00
set2_100,dawndusk,bike,mAP50,0.55925,714,59,False,2026-09-10T16:57:21.009005+00:00
set2_100,dawndusk,bike,mAP75,0.21275,714,59,False,2026-09-10T16:57:21.009005+00:00
set2_100,day,all,mAP50-95,0.3482,4264,51930,True,2026-09-10T16:57:21.009005+00:00
set2_100,day,all,mAP50,0.54966,4264,51930,True,2026-09-10T16:57:21.009005+00:00
set2_100,day,all,mAP75,0.35474,4264,51930,True,2026-09-10T16:57:21.009005+00:00
set2_100,day,car,mAP50-95,0.50358,4264,47715,True,2026-09-10T16:57:21.009005+00:00
set2_100,day,car,mAP50,0.80296,4264,47715,True,2026-09-10T16:57:21.009005+00:00
set2_100,day,car,mAP75,0.50876,4264,47715,True,2026-09-10T16:57:21.009005+00:00
set2_100,day,truck,mAP50-95,0.42945,4264,2532,True,2026-09-10T16:57:21.009005+00:00
set2_100,day,truck,mAP50,0.58905,4264,2532,True,2026-09-10T16:57:21.009005+00:00
set2_100,day,truck,mAP75,0.47011,4264,2532,True,2026-09-10T16:57:21.009005+00:00
set2_100,day,bus,mAP50-95,0.40349,4264,927,True,2026-09-10T16:57:21.009005+00:00
set2_100,day,bus,mAP50,0.52868,4264,927,True,2026-09-10T16:57:21.009005+00:00
set2_100,day,bus,mAP75,0.44819,4264,927,True,2026-09-10T16:57:21.009005+00:00
set2_100,day,motor,mAP50-95,0.19845,4264,262,False,2026-09-10T16:57:21.009005+00:00
set2_100,day,motor,mAP50,0.40291,4264,262,False,2026-09-10T16:57:21.009005+00:00
set2_100,day,motor,mAP75,0.17522,4264,262,False,2026-09-10T16:57:21.009005+00:00
set2_100,day,bike,mAP50-95,0.20604,4264,494,False,2026-09-10T16:57:21.009005+00:00
set2_100,day,bike,mAP50,0.4247,4264,494,False,2026-09-10T16:57:21.009005+00:00
set2_100,day,bike,mAP75,0.1714,4264,494,False,2026-09-10T16:57:21.009005+00:00
set2_100,day_adverse,all,mAP50-95,0.3423,823,9252,True,2026-09-10T16:57:21.009005+00:00
set2_100,day_adverse,all,mAP50,0.52887,823,9252,True,2026-09-10T16:57:21.009005+00:00
set2_100,day_adverse,all,mAP75,0.35096,823,9252,True,2026-09-10T16:57:21.009005+00:00
set2_100,day_adverse,car,mAP50-95,0.51203,823,8401,True,2026-09-10T16:57:21.009005+00:00
set2_100,day_adverse,car,mAP50,0.81511,823,8401,True,2026-09-10T16:57:21.009005+00:00
set2_100,day_adverse,car,mAP75,0.51781,823,8401,True,2026-09-10T16:57:21.009005+00:00
set2_100,day_adverse,truck,mAP50-95,0.43928,823,540,False,2026-09-10T16:57:21.009005+00:00
set2_100,day_adverse,truck,mAP50,0.61279,823,540,False,2026-09-10T16:57:21.009005+00:00
set2_100,day_adverse,truck,mAP75,0.49911,823,540,False,2026-09-10T16:57:21.009005+00:00
set2_100,day_adverse,bus,mAP50-95,0.35817,823,194,False,2026-09-10T16:57:21.009005+00:00
set2_100,day_adverse,bus,mAP50,0.46331,823,194,False,2026-09-10T16:57:21.009005+00:00
set2_100,day_adverse,bus,mAP75,0.37747,823,194,False,2026-09-10T16:57:21.009005+00:00
set2_100,day_adverse,motor,mAP50-95,0.22498,823,23,False,2026-09-10T16:57:21.009005+00:00
set2_100,day_adverse,motor,mAP50,0.36782,823,23,False,2026-09-10T16:57:21.009005+00:00
set2_100,day_adverse,motor,mAP75,0.23597,823,23,False,2026-09-10T16:57:21.009005+00:00
set2_100,day_adverse,bike,mAP50-95,0.17705,823,94,False,2026-09-10T16:57:21.009005+00:00
set2_100,day_adverse,bike,mAP50,0.38532,823,94,False,2026-09-10T16:57:21.009005+00:00
set2_100,day_adverse,bike,mAP75,0.12441,823,94,False,2026-09-10T16:57:21.009005+00:00
set2_100,day_clear,all,mAP50-95,0.34827,1764,21352,True,2026-09-10T16:57:21.009005+00:00
set2_100,day_clear,all,mAP50,0.54451,1764,21352,True,2026-09-10T16:57:21.009005+00:00
set2_100,day_clear,all,mAP75,0.35585,1764,21352,True,2026-09-10T16:57:21.009005+00:00
set2_100,day_clear,car,mAP50-95,0.49785,1764,19633,True,2026-09-10T16:57:21.009005+00:00
set2_100,day_clear,car,mAP50,0.79435,1764,19633,True,2026-09-10T16:57:21.009005+00:00
set2_100,day_clear,car,mAP75,0.50363,1764,19633,True,2026-09-10T16:57:21.009005+00:00
set2_100,day_clear,truck,mAP50-95,0.42032,1764,1021,True,2026-09-10T16:57:21.009005+00:00
set2_100,day_clear,truck,mAP50,0.56712,1764,1021,True,2026-09-10T16:57:21.009005+00:00
set2_100,day_clear,truck,mAP75,0.45792,1764,1021,True,2026-09-10T16:57:21.009005+00:00
set2_100,day_clear,bus,mAP50-95,0.42375,1764,380,False,2026-09-10T16:57:21.009005+00:00
set2_100,day_clear,bus,mAP50,0.54797,1764,380,False,2026-09-10T16:57:21.009005+00:00
set2_100,day_clear,bus,mAP75,0.48606,1764,380,False,2026-09-10T16:57:21.009005+00:00
set2_100,day_clear,motor,mAP50-95,0.20417,1764,111,False,2026-09-10T16:57:21.009005+00:00
set2_100,day_clear,motor,mAP50,0.42014,1764,111,False,2026-09-10T16:57:21.009005+00:00
set2_100,day_clear,motor,mAP75,0.15546,1764,111,False,2026-09-10T16:57:21.009005+00:00
set2_100,day_clear,bike,mAP50-95,0.19525,1764,207,False,2026-09-10T16:57:21.009005+00:00
set2_100,day_clear,bike,mAP50,0.39298,1764,207,False,2026-09-10T16:57:21.009005+00:00
set2_100,day_clear,bike,mAP75,0.1762,1764,207,False,2026-09-10T16:57:21.009005+00:00
set2_100,day_rainy,all,mAP50-95,0.37208,396,4356,True,2026-09-10T16:57:21.009005+00:00
set2_100,day_rainy,all,mAP50,0.58557,396,4356,True,2026-09-10T16:57:21.009005+00:00
set2_100,day_rainy,all,mAP75,0.38271,396,4356,True,2026-09-10T16:57:21.009005+00:00
set2_100,day_rainy,car,mAP50-95,0.51971,396,3930,True,2026-09-10T16:57:21.009005+00:00
set2_100,day_rainy,car,mAP50,0.82356,396,3930,True,2026-09-10T16:57:21.009005+00:00
set2_100,day_rainy,car,mAP75,0.52066,396,3930,True,2026-09-10T16:57:21.009005+00:00
set2_100,day_rainy,truck,mAP50-95,0.44341,396,272,False,2026-09-10T16:57:21.009005+00:00
set2_100,day_rainy,truck,mAP50,0.62303,396,272,False,2026-09-10T16:57:21.009005+00:00
set2_100,day_rainy,truck,mAP75,0.50752,396,272,False,2026-09-10T16:57:21.009005+00:00
set2_100,day_rainy,bus,mAP50-95,0.37892,396,97,False,2026-09-10T16:57:21.009005+00:00
set2_100,day_rainy,bus,mAP50,0.49046,396,97,False,2026-09-10T16:57:21.009005+00:00
set2_100,day_rainy,bus,mAP75,0.40782,396,97,False,2026-09-10T16:57:21.009005+00:00
set2_100,day_rainy,motor,mAP50-95,0.30197,396,16,False,2026-09-10T16:57:21.009005+00:00
set2_100,day_rainy,motor,mAP50,0.45965,396,16,False,2026-09-10T16:57:21.009005+00:00
set2_100,day_rainy,motor,mAP75,0.34923,396,16,False,2026-09-10T16:57:21.009005+00:00
set2_100,day_rainy,bike,mAP50-95,0.21637,396,41,False,2026-09-10T16:57:21.009005+00:00
set2_100,day_rainy,bike,mAP50,0.53116,396,41,False,2026-09-10T16:57:21.009005+00:00
set2_100,day_rainy,bike,mAP75,0.12833,396,41,False,2026-09-10T16:57:21.009005+00:00
set2_100,day_snowy,all,mAP50-95,0.29876,422,4842,True,2026-09-10T16:57:21.009005+00:00
set2_100,day_snowy,all,mAP50,0.45938,422,4842,True,2026-09-10T16:57:21.009005+00:00
set2_100,day_snowy,all,mAP75,0.29823,422,4842,True,2026-09-10T16:57:21.009005+00:00
set2_100,day_snowy,car,mAP50-95,0.50554,422,4421,True,2026-09-10T16:57:21.009005+00:00
set2_100,day_snowy,car,mAP50,0.80713,422,4421,True,2026-09-10T16:57:21.009005+00:00
set2_100,day_snowy,car,mAP75,0.51405,422,4421,True,2026-09-10T16:57:21.009005+00:00
set2_100,day_snowy,truck,mAP50-95,0.44049,422,264,False,2026-09-10T16:57:21.009005+00:00
set2_100,day_snowy,truck,mAP50,0.61166,422,264,False,2026-09-10T16:57:21.009005+00:00
set2_100,day_snowy,truck,mAP75,0.49695,422,264,False,2026-09-10T16:57:21.009005+00:00
set2_100,day_snowy,bus,mAP50-95,0.33887,422,97,False,2026-09-10T16:57:21.009005+00:00
set2_100,day_snowy,bus,mAP50,0.43766,422,97,False,2026-09-10T16:57:21.009005+00:00
set2_100,day_snowy,bus,mAP75,0.35237,422,97,False,2026-09-10T16:57:21.009005+00:00
set2_100,day_snowy,motor,mAP50-95,0.05941,422,7,False,2026-09-10T16:57:21.009005+00:00
set2_100,day_snowy,motor,mAP50,0.14851,422,7,False,2026-09-10T16:57:21.009005+00:00
set2_100,day_snowy,motor,mAP75,0.0,422,7,False,2026-09-10T16:57:21.009005+00:00
set2_100,day_snowy,bike,mAP50-95,0.1495,422,53,False,2026-09-10T16:57:21.009005+00:00
set2_100,day_snowy,bike,mAP50,0.29194,422,53,False,2026-09-10T16:57:21.009005+00:00
set2_100,day_snowy,bike,mAP75,0.12778,422,53,False,2026-09-10T16:57:21.009005+00:00
set2_100,foggy,all,mAP50-95,0.24405,13,144,False,2026-09-10T16:57:21.009005+00:00
set2_100,foggy,all,mAP50,0.40913,13,144,False,2026-09-10T16:57:21.009005+00:00
set2_100,foggy,all,mAP75,0.2258,13,144,False,2026-09-10T16:57:21.009005+00:00
set2_100,foggy,car,mAP50-95,0.47002,13,138,False,2026-09-10T16:57:21.009005+00:00
set2_100,foggy,car,mAP50,0.76947,13,138,False,2026-09-10T16:57:21.009005+00:00
set2_100,foggy,car,mAP75,0.46948,13,138,False,2026-09-10T16:57:21.009005+00:00
set2_100,foggy,truck,mAP50-95,0.18713,13,5,False,2026-09-10T16:57:21.009005+00:00
set2_100,foggy,truck,mAP50,0.20792,13,5,False,2026-09-10T16:57:21.009005+00:00
set2_100,foggy,truck,mAP75,0.20792,13,5,False,2026-09-10T16:57:21.009005+00:00
set2_100,foggy,bus,mAP50-95,,13,0,False,2026-09-10T16:57:21.009005+00:00
set2_100,foggy,bus,mAP50,,13,0,False,2026-09-10T16:57:21.009005+00:00
set2_100,foggy,bus,mAP75,,13,0,False,2026-09-10T16:57:21.009005+00:00
set2_100,foggy,motor,mAP50-95,0.075,13,1,False,2026-09-10T16:57:21.009005+00:00
set2_100,foggy,motor,mAP50,0.25,13,1,False,2026-09-10T16:57:21.009005+00:00
set2_100,foggy,motor,mAP75,0.0,13,1,False,2026-09-10T16:57:21.009005+00:00
set2_100,foggy,bike,mAP50-95,,13,0,False,2026-09-10T16:57:21.009005+00:00
set2_100,foggy,bike,mAP50,,13,0,False,2026-09-10T16:57:21.009005+00:00
set2_100,foggy,bike,mAP75,,13,0,False,2026-09-10T16:57:21.009005+00:00
set2_100,night,all,mAP50-95,0.33625,3863,36751,True,2026-09-10T16:57:21.009005+00:00
set2_100,night,all,mAP50,0.55584,3863,36751,True,2026-09-10T16:57:21.009005+00:00
set2_100,night,all,mAP75,0.34049,3863,36751,True,2026-09-10T16:57:21.009005+00:00
set2_100,night,car,mAP50-95,0.43396,3863,35439,True,2026-09-10T16:57:21.009005+00:00
set2_100,night,car,mAP50,0.76866,3863,35439,True,2026-09-10T16:57:21.009005+00:00
set2_100,night,car,mAP75,0.41004,3863,35439,True,2026-09-10T16:57:21.009005+00:00
set2_100,night,truck,mAP50-95,0.3999,3863,736,False,2026-09-10T16:57:21.009005+00:00
set2_100,night,truck,mAP50,0.54469,3863,736,False,2026-09-10T16:57:21.009005+00:00
set2_100,night,truck,mAP75,0.44642,3863,736,False,2026-09-10T16:57:21.009005+00:00
set2_100,night,bus,mAP50-95,0.40199,3863,297,False,2026-09-10T16:57:21.009005+00:00
set2_100,night,bus,mAP50,0.52869,3863,297,False,2026-09-10T16:57:21.009005+00:00
set2_100,night,bus,mAP75,0.46449,3863,297,False,2026-09-10T16:57:21.009005+00:00
set2_100,night,motor,mAP50-95,0.17423,3863,93,False,2026-09-10T16:57:21.009005+00:00
set2_100,night,motor,mAP50,0.41265,3863,93,False,2026-09-10T16:57:21.009005+00:00
set2_100,night,motor,mAP75,0.13282,3863,93,False,2026-09-10T16:57:21.009005+00:00
set2_100,night,bike,mAP50-95,0.27116,3863,186,False,2026-09-10T16:57:21.009005+00:00
set2_100,night,bike,mAP50,0.52451,3863,186,False,2026-09-10T16:57:21.009005+00:00
set2_100,night,bike,mAP75,0.24868,3863,186,False,2026-09-10T16:57:21.009005+00:00
set2_100,night_adverse,all,mAP50-95,0.36006,566,4986,True,2026-09-10T16:57:21.009005+00:00
set2_100,night_adverse,all,mAP50,0.54585,566,4986,True,2026-09-10T16:57:21.009005+00:00
set2_100,night_adverse,all,mAP75,0.39587,566,4986,True,2026-09-10T16:57:21.009005+00:00
set2_100,night_adverse,car,mAP50-95,0.44883,566,4743,True,2026-09-10T16:57:21.009005+00:00
set2_100,night_adverse,car,mAP50,0.76967,566,4743,True,2026-09-10T16:57:21.009005+00:00
set2_100,night_adverse,car,mAP75,0.43948,566,4743,True,2026-09-10T16:57:21.009005+00:00
set2_100,night_adverse,truck,mAP50-95,0.3912,566,156,False,2026-09-10T16:57:21.009005+00:00
set2_100,night_adverse,truck,mAP50,0.55302,566,156,False,2026-09-10T16:57:21.009005+00:00
set2_100,night_adverse,truck,mAP75,0.42777,566,156,False,2026-09-10T16:57:21.009005+00:00
set2_100,night_adverse,bus,mAP50-95,0.50935,566,41,False,2026-09-10T16:57:21.009005+00:00
set2_100,night_adverse,bus,mAP50,0.65048,566,41,False,2026-09-10T16:57:21.009005+00:00
set2_100,night_adverse,bus,mAP75,0.58611,566,41,False,2026-09-10T16:57:21.009005+00:00
set2_100,night_adverse,motor,mAP50-95,0.24898,566,12,False,2026-09-10T16:57:21.009005+00:00
set2_100,night_adverse,motor,mAP50,0.35446,566,12,False,2026-09-10T16:57:21.009005+00:00
set2_100,night_adverse,motor,mAP75,0.33663,566,12,False,2026-09-10T16:57:21.009005+00:00
set2_100,night_adverse,bike,mAP50-95,0.20196,566,34,False,2026-09-10T16:57:21.009005+00:00
set2_100,night_adverse,bike,mAP50,0.40165,566,34,False,2026-09-10T16:57:21.009005+00:00
set2_100,night_adverse,bike,mAP75,0.18936,566,34,False,2026-09-10T16:57:21.009005+00:00
set2_100,night_clear,all,mAP50-95,0.33301,3274,31550,True,2026-09-10T16:57:21.009005+00:00
set2_100,night_clear,all,mAP50,0.55795,3274,31550,True,2026-09-10T16:57:21.009005+00:00
set2_100,night_clear,all,mAP75,0.33298,3274,31550,True,2026-09-10T16:57:21.009005+00:00
set2_100,night_clear,car,mAP50-95,0.43102,3274,30489,True,2026-09-10T16:57:21.009005+00:00
set2_100,night_clear,car,mAP50,0.76844,3274,30489,True,2026-09-10T16:57:21.009005+00:00
set2_100,night_clear,car,mAP75,0.40506,3274,30489,True,2026-09-10T16:57:21.009005+00:00
set2_100,night_clear,truck,mAP50-95,0.40003,3274,577,False,2026-09-10T16:57:21.009005+00:00
set2_100,night_clear,truck,mAP50,0.5423,3274,577,False,2026-09-10T16:57:21.009005+00:00
set2_100,night_clear,truck,mAP75,0.44943,3274,577,False,2026-09-10T16:57:21.009005+00:00
set2_100,night_clear,bus,mAP50-95,0.37858,3274,251,False,2026-09-10T16:57:21.009005+00:00
set2_100,night_clear,bus,mAP50,0.5033,3274,251,False,2026-09-10T16:57:21.009005+00:00
set2_100,night_clear,bus,mAP75,0.43659,3274,251,False,2026-09-10T16:57:21.009005+00:00
set2_100,night_clear,motor,mAP50-95,0.1664,3274,81,False,2026-09-10T16:57:21.009005+00:00
set2_100,night_clear,motor,mAP50,0.42119,3274,81,False,2026-09-10T16:57:21.009005+00:00
set2_100,night_clear,motor,mAP75,0.11205,3274,81,False,2026-09-10T16:57:21.009005+00:00
set2_100,night_clear,bike,mAP50-95,0.28904,3274,152,False,2026-09-10T16:57:21.009005+00:00
set2_100,night_clear,bike,mAP50,0.55451,3274,152,False,2026-09-10T16:57:21.009005+00:00
set2_100,night_clear,bike,mAP75,0.26178,3274,152,False,2026-09-10T16:57:21.009005+00:00
set2_100,night_rainy,all,mAP50-95,0.41726,286,2535,True,2026-09-10T16:57:21.009005+00:00
set2_100,night_rainy,all,mAP50,0.61739,286,2535,True,2026-09-10T16:57:21.009005+00:00
set2_100,night_rainy,all,mAP75,0.45574,286,2535,True,2026-09-10T16:57:21.009005+00:00
set2_100,night_rainy,car,mAP50-95,0.43982,286,2416,True,2026-09-10T16:57:21.009005+00:00
set2_100,night_rainy,car,mAP50,0.7525,286,2416,True,2026-09-10T16:57:21.009005+00:00
set2_100,night_rainy,car,mAP75,0.43414,286,2416,True,2026-09-10T16:57:21.009005+00:00
set2_100,night_rainy,truck,mAP50-95,0.48167,286,72,False,2026-09-10T16:57:21.009005+00:00
set2_100,night_rainy,truck,mAP50,0.67989,286,72,False,2026-09-10T16:57:21.009005+00:00
set2_100,night_rainy,truck,mAP75,0.52389,286,72,False,2026-09-10T16:57:21.009005+00:00
set2_100,night_rainy,bus,mAP50-95,0.62898,286,22,False,2026-09-10T16:57:21.009005+00:00
set2_100,night_rainy,bus,mAP50,0.80052,286,22,False,2026-09-10T16:57:21.009005+00:00
set2_100,night_rainy,bus,mAP75,0.69857,286,22,False,2026-09-10T16:57:21.009005+00:00
set2_100,night_rainy,motor,mAP50-95,0.22095,286,10,False,2026-09-10T16:57:21.009005+00:00
set2_100,night_rainy,motor,mAP50,0.33299,286,10,False,2026-09-10T16:57:21.009005+00:00
set2_100,night_rainy,motor,mAP75,0.30693,286,10,False,2026-09-10T16:57:21.009005+00:00
set2_100,night_rainy,bike,mAP50-95,0.31487,286,15,False,2026-09-10T16:57:21.009005+00:00
set2_100,night_rainy,bike,mAP50,0.52106,286,15,False,2026-09-10T16:57:21.009005+00:00
set2_100,night_rainy,bike,mAP75,0.31518,286,15,False,2026-09-10T16:57:21.009005+00:00
set2_100,night_snowy,all,mAP50-95,0.33539,273,2374,True,2026-09-10T16:57:21.009005+00:00
set2_100,night_snowy,all,mAP50,0.50992,273,2374,True,2026-09-10T16:57:21.009005+00:00
set2_100,night_snowy,all,mAP75,0.37135,273,2374,True,2026-09-10T16:57:21.009005+00:00
set2_100,night_snowy,car,mAP50-95,0.46047,273,2251,True,2026-09-10T16:57:21.009005+00:00
set2_100,night_snowy,car,mAP50,0.7924,273,2251,True,2026-09-10T16:57:21.009005+00:00
set2_100,night_snowy,car,mAP75,0.44634,273,2251,True,2026-09-10T16:57:21.009005+00:00
set2_100,night_snowy,truck,mAP50-95,0.31939,273,83,False,2026-09-10T16:57:21.009005+00:00
set2_100,night_snowy,truck,mAP50,0.45374,273,83,False,2026-09-10T16:57:21.009005+00:00
set2_100,night_snowy,truck,mAP75,0.34782,273,83,False,2026-09-10T16:57:21.009005+00:00
set2_100,night_snowy,bus,mAP50-95,0.37762,273,19,False,2026-09-10T16:57:21.009005+00:00
set2_100,night_snowy,bus,mAP50,0.48375,273,19,False,2026-09-10T16:57:21.009005+00:00
set2_100,night_snowy,bus,mAP75,0.46773,273,19,False,2026-09-10T16:57:21.009005+00:00
set2_100,night_snowy,motor,mAP50-95,0.40396,273,2,False,2026-09-10T16:57:21.009005+00:00
set2_100,night_snowy,motor,mAP50,0.50495,273,2,False,2026-09-10T16:57:21.009005+00:00
set2_100,night_snowy,motor,mAP75,0.50495,273,2,False,2026-09-10T16:57:21.009005+00:00
set2_100,night_snowy,bike,mAP50-95,0.11551,273,19,False,2026-09-10T16:57:21.009005+00:00
set2_100,night_snowy,bike,mAP50,0.31474,273,19,False,2026-09-10T16:57:21.009005+00:00
set2_100,night_snowy,bike,mAP75,0.08991,273,19,False,2026-09-10T16:57:21.009005+00:00
set2_100,overcast,all,mAP50-95,0.355,1239,15505,True,2026-09-10T16:57:21.009005+00:00
set2_100,overcast,all,mAP50,0.5679,1239,15505,True,2026-09-10T16:57:21.009005+00:00
set2_100,overcast,all,mAP75,0.35634,1239,15505,True,2026-09-10T16:57:21.009005+00:00
set2_100,overcast,car,mAP50-95,0.51292,1239,14370,True,2026-09-10T16:57:21.009005+00:00
set2_100,overcast,car,mAP50,0.81507,1239,14370,True,2026-09-10T16:57:21.009005+00:00
set2_100,overcast,car,mAP75,0.51922,1239,14370,True,2026-09-10T16:57:21.009005+00:00
set2_100,overcast,truck,mAP50-95,0.4483,1239,660,False,2026-09-10T16:57:21.009005+00:00
set2_100,overcast,truck,mAP50,0.62283,1239,660,False,2026-09-10T16:57:21.009005+00:00
set2_100,overcast,truck,mAP75,0.4834,1239,660,False,2026-09-10T16:57:21.009005+00:00
set2_100,overcast,bus,mAP50-95,0.41874,1239,262,False,2026-09-10T16:57:21.009005+00:00
set2_100,overcast,bus,mAP50,0.55539,1239,262,False,2026-09-10T16:57:21.009005+00:00
set2_100,overcast,bus,mAP75,0.45583,1239,262,False,2026-09-10T16:57:21.009005+00:00
set2_100,overcast,motor,mAP50-95,0.14559,1239,72,False,2026-09-10T16:57:21.009005+00:00
set2_100,overcast,motor,mAP50,0.34465,1239,72,False,2026-09-10T16:57:21.009005+00:00
set2_100,overcast,motor,mAP75,0.12598,1239,72,False,2026-09-10T16:57:21.009005+00:00
set2_100,overcast,bike,mAP50-95,0.24947,1239,141,False,2026-09-10T16:57:21.009005+00:00
set2_100,overcast,bike,mAP50,0.50155,1239,141,False,2026-09-10T16:57:21.009005+00:00
set2_100,overcast,bike,mAP75,0.19727,1239,141,False,2026-09-10T16:57:21.009005+00:00
set2_100,partlycloudy,all,mAP50-95,0.37145,738,9256,True,2026-09-10T16:57:21.009005+00:00
set2_100,partlycloudy,all,mAP50,0.57928,738,9256,True,2026-09-10T16:57:21.009005+00:00
set2_100,partlycloudy,all,mAP75,0.38519,738,9256,True,2026-09-10T16:57:21.009005+00:00
set2_100,partlycloudy,car,mAP50-95,0.49399,738,8526,True,2026-09-10T16:57:21.009005+00:00
set2_100,partlycloudy,car,mAP50,0.79181,738,8526,True,2026-09-10T16:57:21.009005+00:00
set2_100,partlycloudy,car,mAP75,0.49883,738,8526,True,2026-09-10T16:57:21.009005+00:00
set2_100,partlycloudy,truck,mAP50-95,0.44149,738,454,False,2026-09-10T16:57:21.009005+00:00
set2_100,partlycloudy,truck,mAP50,0.59725,738,454,False,2026-09-10T16:57:21.009005+00:00
set2_100,partlycloudy,truck,mAP75,0.46776,738,454,False,2026-09-10T16:57:21.009005+00:00
set2_100,partlycloudy,bus,mAP50-95,0.44467,738,142,False,2026-09-10T16:57:21.009005+00:00
set2_100,partlycloudy,bus,mAP50,0.58185,738,142,False,2026-09-10T16:57:21.009005+00:00
set2_100,partlycloudy,bus,mAP75,0.4922,738,142,False,2026-09-10T16:57:21.009005+00:00
set2_100,partlycloudy,motor,mAP50-95,0.26032,738,65,False,2026-09-10T16:57:21.009005+00:00
set2_100,partlycloudy,motor,mAP50,0.47918,738,65,False,2026-09-10T16:57:21.009005+00:00
set2_100,partlycloudy,motor,mAP75,0.27372,738,65,False,2026-09-10T16:57:21.009005+00:00
set2_100,partlycloudy,bike,mAP50-95,0.21677,738,69,False,2026-09-10T16:57:21.009005+00:00
set2_100,partlycloudy,bike,mAP50,0.44629,738,69,False,2026-09-10T16:57:21.009005+00:00
set2_100,partlycloudy,bike,mAP75,0.19345,738,69,False,2026-09-10T16:57:21.009005+00:00
set2_100,rainy,all,mAP50-95,0.37141,737,7541,True,2026-09-10T16:57:21.009005+00:00
set2_100,rainy,all,mAP50,0.57405,737,7541,True,2026-09-10T16:57:21.009005+00:00
set2_100,rainy,all,mAP75,0.38965,737,7541,True,2026-09-10T16:57:21.009005+00:00
set2_100,rainy,car,mAP50-95,0.4894,737,6944,True,2026-09-10T16:57:21.009005+00:00
set2_100,rainy,car,mAP50,0.79623,737,6944,True,2026-09-10T16:57:21.009005+00:00
set2_100,rainy,car,mAP75,0.48653,737,6944,True,2026-09-10T16:57:21.009005+00:00
set2_100,rainy,truck,mAP50-95,0.45738,737,378,False,2026-09-10T16:57:21.009005+00:00
set2_100,rainy,truck,mAP50,0.63921,737,378,False,2026-09-10T16:57:21.009005+00:00
set2_100,rainy,truck,mAP75,0.51858,737,378,False,2026-09-10T16:57:21.009005+00:00
set2_100,rainy,bus,mAP50-95,0.42675,737,132,False,2026-09-10T16:57:21.009005+00:00
set2_100,rainy,bus,mAP50,0.55047,737,132,False,2026-09-10T16:57:21.009005+00:00
set2_100,rainy,bus,mAP75,0.4646,737,132,False,2026-09-10T16:57:21.009005+00:00
set2_100,rainy,motor,mAP50-95,0.22994,737,30,False,2026-09-10T16:57:21.009005+00:00
set2_100,rainy,motor,mAP50,0.35162,737,30,False,2026-09-10T16:57:21.009005+00:00
set2_100,rainy,motor,mAP75,0.28497,737,30,False,2026-09-10T16:57:21.009005+00:00
set2_100,rainy,bike,mAP50-95,0.25356,737,57,False,2026-09-10T16:57:21.009005+00:00
set2_100,rainy,bike,mAP50,0.5327,737,57,False,2026-09-10T16:57:21.009005+00:00
set2_100,rainy,bike,mAP75,0.19358,737,57,False,2026-09-10T16:57:21.009005+00:00
set2_100,snowy,all,mAP50-95,0.30585,769,8080,True,2026-09-10T16:57:21.009005+00:00
set2_100,snowy,all,mAP50,0.46945,769,8080,True,2026-09-10T16:57:21.009005+00:00
set2_100,snowy,all,mAP75,0.30969,769,8080,True,2026-09-10T16:57:21.009005+00:00
set2_100,snowy,car,mAP50-95,0.49067,769,7486,True,2026-09-10T16:57:21.009005+00:00
set2_100,snowy,car,mAP50,0.79998,769,7486,True,2026-09-10T16:57:21.009005+00:00
set2_100,snowy,car,mAP75,0.49347,769,7486,True,2026-09-10T16:57:21.009005+00:00
set2_100,snowy,truck,mAP50-95,0.4167,769,371,False,2026-09-10T16:57:21.009005+00:00
set2_100,snowy,truck,mAP50,0.57447,769,371,False,2026-09-10T16:57:21.009005+00:00
set2_100,snowy,truck,mAP75,0.47129,769,371,False,2026-09-10T16:57:21.009005+00:00
set2_100,snowy,bus,mAP50-95,0.34458,769,133,False,2026-09-10T16:57:21.009005+00:00
set2_100,snowy,bus,mAP50,0.44319,769,133,False,2026-09-10T16:57:21.009005+00:00
set2_100,snowy,bus,mAP75,0.37192,769,133,False,2026-09-10T16:57:21.009005+00:00
set2_100,snowy,motor,mAP50-95,0.13861,769,9,False,2026-09-10T16:57:21.009005+00:00
set2_100,snowy,motor,mAP50,0.22772,769,9,False,2026-09-10T16:57:21.009005+00:00
set2_100,snowy,motor,mAP75,0.11881,769,9,False,2026-09-10T16:57:21.009005+00:00
set2_100,snowy,bike,mAP50-95,0.13869,769,81,False,2026-09-10T16:57:21.009005+00:00
set2_100,snowy,bike,mAP50,0.30186,769,81,False,2026-09-10T16:57:21.009005+00:00
set2_100,snowy,bike,mAP75,0.09299,769,81,False,2026-09-10T16:57:21.009005+00:00
m3_lowlight_irfs,overall,all,mAP50-95,0.34015,8841,97193,True,2026-09-10T16:57:21.009005+00:00
m3_lowlight_irfs,overall,all,mAP50,0.54601,8841,97193,True,2026-09-10T16:57:21.009005+00:00
m3_lowlight_irfs,overall,all,mAP75,0.34573,8841,97193,True,2026-09-10T16:57:21.009005+00:00
m3_lowlight_irfs,overall,car,mAP50-95,0.46924,8841,91118,True,2026-09-10T16:57:21.009005+00:00
m3_lowlight_irfs,overall,car,mAP50,0.78199,8841,91118,True,2026-09-10T16:57:21.009005+00:00
m3_lowlight_irfs,overall,car,mAP75,0.46329,8841,91118,True,2026-09-10T16:57:21.009005+00:00
m3_lowlight_irfs,overall,truck,mAP50-95,0.41608,8841,3608,True,2026-09-10T16:57:21.009005+00:00
m3_lowlight_irfs,overall,truck,mAP50,0.57354,8841,3608,True,2026-09-10T16:57:21.009005+00:00
m3_lowlight_irfs,overall,truck,mAP75,0.45886,8841,3608,True,2026-09-10T16:57:21.009005+00:00
m3_lowlight_irfs,overall,bus,mAP50-95,0.40764,8841,1351,True,2026-09-10T16:57:21.009005+00:00
m3_lowlight_irfs,overall,bus,mAP50,0.53395,8841,1351,True,2026-09-10T16:57:21.009005+00:00
m3_lowlight_irfs,overall,bus,mAP75,0.45644,8841,1351,True,2026-09-10T16:57:21.009005+00:00
m3_lowlight_irfs,overall,motor,mAP50-95,0.18575,8841,377,False,2026-09-10T16:57:21.009005+00:00
m3_lowlight_irfs,overall,motor,mAP50,0.38212,8841,377,False,2026-09-10T16:57:21.009005+00:00
m3_lowlight_irfs,overall,motor,mAP75,0.16298,8841,377,False,2026-09-10T16:57:21.009005+00:00
m3_lowlight_irfs,overall,bike,mAP50-95,0.22204,8841,739,False,2026-09-10T16:57:21.009005+00:00
m3_lowlight_irfs,overall,bike,mAP50,0.45845,8841,739,False,2026-09-10T16:57:21.009005+00:00
m3_lowlight_irfs,overall,bike,mAP75,0.18708,8841,739,False,2026-09-10T16:57:21.009005+00:00
m3_lowlight_irfs,adverse,all,mAP50-95,0.33359,1519,15765,True,2026-09-10T16:57:21.009005+00:00
m3_lowlight_irfs,adverse,all,mAP50,0.52961,1519,15765,True,2026-09-10T16:57:21.009005+00:00
m3_lowlight_irfs,adverse,all,mAP75,0.33748,1519,15765,True,2026-09-10T16:57:21.009005+00:00
m3_lowlight_irfs,adverse,car,mAP50-95,0.48202,1519,14568,True,2026-09-10T16:57:21.009005+00:00
m3_lowlight_irfs,adverse,car,mAP50,0.78784,1519,14568,True,2026-09-10T16:57:21.009005+00:00
m3_lowlight_irfs,adverse,car,mAP75,0.48392,1519,14568,True,2026-09-10T16:57:21.009005+00:00
m3_lowlight_irfs,adverse,truck,mAP50-95,0.42667,1519,754,False,2026-09-10T16:57:21.009005+00:00
m3_lowlight_irfs,adverse,truck,mAP50,0.60138,1519,754,False,2026-09-10T16:57:21.009005+00:00
m3_lowlight_irfs,adverse,truck,mAP75,0.4732,1519,754,False,2026-09-10T16:57:21.009005+00:00
m3_lowlight_irfs,adverse,bus,mAP50-95,0.39939,1519,265,False,2026-09-10T16:57:21.009005+00:00
m3_lowlight_irfs,adverse,bus,mAP50,0.51368,1519,265,False,2026-09-10T16:57:21.009005+00:00
m3_lowlight_irfs,adverse,bus,mAP75,0.42689,1519,265,False,2026-09-10T16:57:21.009005+00:00
m3_lowlight_irfs,adverse,motor,mAP50-95,0.16568,1519,40,False,2026-09-10T16:57:21.009005+00:00
m3_lowlight_irfs,adverse,motor,mAP50,0.32347,1519,40,False,2026-09-10T16:57:21.009005+00:00
m3_lowlight_irfs,adverse,motor,mAP75,0.15179,1519,40,False,2026-09-10T16:57:21.009005+00:00
m3_lowlight_irfs,adverse,bike,mAP50-95,0.1942,1519,138,False,2026-09-10T16:57:21.009005+00:00
m3_lowlight_irfs,adverse,bike,mAP50,0.42168,1519,138,False,2026-09-10T16:57:21.009005+00:00
m3_lowlight_irfs,adverse,bike,mAP75,0.15159,1519,138,False,2026-09-10T16:57:21.009005+00:00
m3_lowlight_irfs,benign,all,mAP50-95,0.34178,7322,81428,True,2026-09-10T16:57:21.009005+00:00
m3_lowlight_irfs,benign,all,mAP50,0.54917,7322,81428,True,2026-09-10T16:57:21.009005+00:00
m3_lowlight_irfs,benign,all,mAP75,0.34761,7322,81428,True,2026-09-10T16:57:21.009005+00:00
m3_lowlight_irfs,benign,car,mAP50-95,0.4667,7322,76550,True,2026-09-10T16:57:21.009005+00:00
m3_lowlight_irfs,benign,car,mAP50,0.78117,7322,76550,True,2026-09-10T16:57:21.009005+00:00
m3_lowlight_irfs,benign,car,mAP75,0.45868,7322,76550,True,2026-09-10T16:57:21.009005+00:00
m3_lowlight_irfs,benign,truck,mAP50-95,0.4136,7322,2854,True,2026-09-10T16:57:21.009005+00:00
m3_lowlight_irfs,benign,truck,mAP50,0.56706,7322,2854,True,2026-09-10T16:57:21.009005+00:00
m3_lowlight_irfs,benign,truck,mAP75,0.4551,7322,2854,True,2026-09-10T16:57:21.009005+00:00
m3_lowlight_irfs,benign,bus,mAP50-95,0.41032,7322,1086,True,2026-09-10T16:57:21.009005+00:00
m3_lowlight_irfs,benign,bus,mAP50,0.53853,7322,1086,True,2026-09-10T16:57:21.009005+00:00
m3_lowlight_irfs,benign,bus,mAP75,0.46331,7322,1086,True,2026-09-10T16:57:21.009005+00:00
m3_lowlight_irfs,benign,motor,mAP50-95,0.18963,7322,337,False,2026-09-10T16:57:21.009005+00:00
m3_lowlight_irfs,benign,motor,mAP50,0.3923,7322,337,False,2026-09-10T16:57:21.009005+00:00
m3_lowlight_irfs,benign,motor,mAP75,0.16597,7322,337,False,2026-09-10T16:57:21.009005+00:00
m3_lowlight_irfs,benign,bike,mAP50-95,0.22863,7322,601,False,2026-09-10T16:57:21.009005+00:00
m3_lowlight_irfs,benign,bike,mAP50,0.4668,7322,601,False,2026-09-10T16:57:21.009005+00:00
m3_lowlight_irfs,benign,bike,mAP75,0.19501,7322,601,False,2026-09-10T16:57:21.009005+00:00
m3_lowlight_irfs,clear,all,mAP50-95,0.341,5345,56667,True,2026-09-10T16:57:21.009005+00:00
m3_lowlight_irfs,clear,all,mAP50,0.54775,5345,56667,True,2026-09-10T16:57:21.009005+00:00
m3_lowlight_irfs,clear,all,mAP75,0.3518,5345,56667,True,2026-09-10T16:57:21.009005+00:00
m3_lowlight_irfs,clear,car,mAP50-95,0.45369,5345,53654,True,2026-09-10T16:57:21.009005+00:00
m3_lowlight_irfs,clear,car,mAP50,0.7743,5345,53654,True,2026-09-10T16:57:21.009005+00:00
m3_lowlight_irfs,clear,car,mAP75,0.44066,5345,53654,True,2026-09-10T16:57:21.009005+00:00
m3_lowlight_irfs,clear,truck,mAP50-95,0.40187,5345,1740,True,2026-09-10T16:57:21.009005+00:00
m3_lowlight_irfs,clear,truck,mAP50,0.54725,5345,1740,True,2026-09-10T16:57:21.009005+00:00
m3_lowlight_irfs,clear,truck,mAP75,0.4523,5345,1740,True,2026-09-10T16:57:21.009005+00:00
m3_lowlight_irfs,clear,bus,mAP50-95,0.41355,5345,682,False,2026-09-10T16:57:21.009005+00:00
m3_lowlight_irfs,clear,bus,mAP50,0.54043,5345,682,False,2026-09-10T16:57:21.009005+00:00
m3_lowlight_irfs,clear,bus,mAP75,0.46968,5345,682,False,2026-09-10T16:57:21.009005+00:00
m3_lowlight_irfs,clear,motor,mAP50-95,0.201,5345,200,False,2026-09-10T16:57:21.009005+00:00
m3_lowlight_irfs,clear,motor,mAP50,0.41682,5345,200,False,2026-09-10T16:57:21.009005+00:00
m3_lowlight_irfs,clear,motor,mAP75,0.18211,5345,200,False,2026-09-10T16:57:21.009005+00:00
m3_lowlight_irfs,clear,bike,mAP50-95,0.2349,5345,391,False,2026-09-10T16:57:21.009005+00:00
m3_lowlight_irfs,clear,bike,mAP50,0.45995,5345,391,False,2026-09-10T16:57:21.009005+00:00
m3_lowlight_irfs,clear,bike,mAP75,0.21425,5345,391,False,2026-09-10T16:57:21.009005+00:00
m3_lowlight_irfs,dawndusk,all,mAP50-95,0.36117,714,8512,True,2026-09-10T16:57:21.009005+00:00
m3_lowlight_irfs,dawndusk,all,mAP50,0.57585,714,8512,True,2026-09-10T16:57:21.009005+00:00
m3_lowlight_irfs,dawndusk,all,mAP75,0.36497,714,8512,True,2026-09-10T16:57:21.009005+00:00
m3_lowlight_irfs,dawndusk,car,mAP50-95,0.48882,714,7964,True,2026-09-10T16:57:21.009005+00:00
m3_lowlight_irfs,dawndusk,car,mAP50,0.78625,714,7964,True,2026-09-10T16:57:21.009005+00:00
m3_lowlight_irfs,dawndusk,car,mAP75,0.49579,714,7964,True,2026-09-10T16:57:21.009005+00:00
m3_lowlight_irfs,dawndusk,truck,mAP50-95,0.43981,714,340,False,2026-09-10T16:57:21.009005+00:00
m3_lowlight_irfs,dawndusk,truck,mAP50,0.60034,714,340,False,2026-09-10T16:57:21.009005+00:00
m3_lowlight_irfs,dawndusk,truck,mAP75,0.4845,714,340,False,2026-09-10T16:57:21.009005+00:00
m3_lowlight_irfs,dawndusk,bus,mAP50-95,0.46589,714,127,False,2026-09-10T16:57:21.009005+00:00
m3_lowlight_irfs,dawndusk,bus,mAP50,0.6,714,127,False,2026-09-10T16:57:21.009005+00:00
m3_lowlight_irfs,dawndusk,bus,mAP75,0.53831,714,127,False,2026-09-10T16:57:21.009005+00:00
m3_lowlight_irfs,dawndusk,motor,mAP50-95,0.14966,714,22,False,2026-09-10T16:57:21.009005+00:00
m3_lowlight_irfs,dawndusk,motor,mAP50,0.32456,714,22,False,2026-09-10T16:57:21.009005+00:00
m3_lowlight_irfs,dawndusk,motor,mAP75,0.10769,714,22,False,2026-09-10T16:57:21.009005+00:00
m3_lowlight_irfs,dawndusk,bike,mAP50-95,0.26167,714,59,False,2026-09-10T16:57:21.009005+00:00
m3_lowlight_irfs,dawndusk,bike,mAP50,0.56809,714,59,False,2026-09-10T16:57:21.009005+00:00
m3_lowlight_irfs,dawndusk,bike,mAP75,0.19857,714,59,False,2026-09-10T16:57:21.009005+00:00
m3_lowlight_irfs,day,all,mAP50-95,0.3408,4264,51930,True,2026-09-10T16:57:21.009005+00:00
m3_lowlight_irfs,day,all,mAP50,0.5396,4264,51930,True,2026-09-10T16:57:21.009005+00:00
m3_lowlight_irfs,day,all,mAP75,0.34786,4264,51930,True,2026-09-10T16:57:21.009005+00:00
m3_lowlight_irfs,day,car,mAP50-95,0.49552,4264,47715,True,2026-09-10T16:57:21.009005+00:00
m3_lowlight_irfs,day,car,mAP50,0.79333,4264,47715,True,2026-09-10T16:57:21.009005+00:00
m3_lowlight_irfs,day,car,mAP75,0.50126,4264,47715,True,2026-09-10T16:57:21.009005+00:00
m3_lowlight_irfs,day,truck,mAP50-95,0.41844,4264,2532,True,2026-09-10T16:57:21.009005+00:00
m3_lowlight_irfs,day,truck,mAP50,0.57915,4264,2532,True,2026-09-10T16:57:21.009005+00:00
m3_lowlight_irfs,day,truck,mAP75,0.45897,4264,2532,True,2026-09-10T16:57:21.009005+00:00
m3_lowlight_irfs,day,bus,mAP50-95,0.39606,4264,927,True,2026-09-10T16:57:21.009005+00:00
m3_lowlight_irfs,day,bus,mAP50,0.52191,4264,927,True,2026-09-10T16:57:21.009005+00:00
m3_lowlight_irfs,day,bus,mAP75,0.44067,4264,927,True,2026-09-10T16:57:21.009005+00:00
m3_lowlight_irfs,day,motor,mAP50-95,0.1918,4264,262,False,2026-09-10T16:57:21.009005+00:00
m3_lowlight_irfs,day,motor,mAP50,0.38123,4264,262,False,2026-09-10T16:57:21.009005+00:00
m3_lowlight_irfs,day,motor,mAP75,0.16777,4264,262,False,2026-09-10T16:57:21.009005+00:00
m3_lowlight_irfs,day,bike,mAP50-95,0.2022,4264,494,False,2026-09-10T16:57:21.009005+00:00
m3_lowlight_irfs,day,bike,mAP50,0.42236,4264,494,False,2026-09-10T16:57:21.009005+00:00
m3_lowlight_irfs,day,bike,mAP75,0.17062,4264,494,False,2026-09-10T16:57:21.009005+00:00
m3_lowlight_irfs,day_adverse,all,mAP50-95,0.34935,823,9252,True,2026-09-10T16:57:21.009005+00:00
m3_lowlight_irfs,day_adverse,all,mAP50,0.56003,823,9252,True,2026-09-10T16:57:21.009005+00:00
m3_lowlight_irfs,day_adverse,all,mAP75,0.34569,823,9252,True,2026-09-10T16:57:21.009005+00:00
m3_lowlight_irfs,day_adverse,car,mAP50-95,0.50399,823,8401,True,2026-09-10T16:57:21.009005+00:00
m3_lowlight_irfs,day_adverse,car,mAP50,0.80416,823,8401,True,2026-09-10T16:57:21.009005+00:00
m3_lowlight_irfs,day_adverse,car,mAP75,0.51081,823,8401,True,2026-09-10T16:57:21.009005+00:00
m3_lowlight_irfs,day_adverse,truck,mAP50-95,0.435,823,540,False,2026-09-10T16:57:21.009005+00:00
m3_lowlight_irfs,day_adverse,truck,mAP50,0.61483,823,540,False,2026-09-10T16:57:21.009005+00:00
m3_lowlight_irfs,day_adverse,truck,mAP75,0.48641,823,540,False,2026-09-10T16:57:21.009005+00:00
m3_lowlight_irfs,day_adverse,bus,mAP50-95,0.36685,823,194,False,2026-09-10T16:57:21.009005+00:00
m3_lowlight_irfs,day_adverse,bus,mAP50,0.47638,823,194,False,2026-09-10T16:57:21.009005+00:00
m3_lowlight_irfs,day_adverse,bus,mAP75,0.38294,823,194,False,2026-09-10T16:57:21.009005+00:00
m3_lowlight_irfs,day_adverse,motor,mAP50-95,0.23892,823,23,False,2026-09-10T16:57:21.009005+00:00
m3_lowlight_irfs,day_adverse,motor,mAP50,0.45692,823,23,False,2026-09-10T16:57:21.009005+00:00
m3_lowlight_irfs,day_adverse,motor,mAP75,0.20793,823,23,False,2026-09-10T16:57:21.009005+00:00
m3_lowlight_irfs,day_adverse,bike,mAP50-95,0.20198,823,94,False,2026-09-10T16:57:21.009005+00:00
m3_lowlight_irfs,day_adverse,bike,mAP50,0.44786,823,94,False,2026-09-10T16:57:21.009005+00:00
m3_lowlight_irfs,day_adverse,bike,mAP75,0.14034,823,94,False,2026-09-10T16:57:21.009005+00:00
m3_lowlight_irfs,day_clear,all,mAP50-95,0.3404,1764,21352,True,2026-09-10T16:57:21.009005+00:00
m3_lowlight_irfs,day_clear,all,mAP50,0.52807,1764,21352,True,2026-09-10T16:57:21.009005+00:00
m3_lowlight_irfs,day_clear,all,mAP75,0.36144,1764,21352,True,2026-09-10T16:57:21.009005+00:00
m3_lowlight_irfs,day_clear,car,mAP50-95,0.49086,1764,19633,True,2026-09-10T16:57:21.009005+00:00
m3_lowlight_irfs,day_clear,car,mAP50,0.78746,1764,19633,True,2026-09-10T16:57:21.009005+00:00
m3_lowlight_irfs,day_clear,car,mAP75,0.49646,1764,19633,True,2026-09-10T16:57:21.009005+00:00
m3_lowlight_irfs,day_clear,truck,mAP50-95,0.40733,1764,1021,True,2026-09-10T16:57:21.009005+00:00
m3_lowlight_irfs,day_clear,truck,mAP50,0.55367,1764,1021,True,2026-09-10T16:57:21.009005+00:00
m3_lowlight_irfs,day_clear,truck,mAP75,0.45336,1764,1021,True,2026-09-10T16:57:21.009005+00:00
m3_lowlight_irfs,day_clear,bus,mAP50-95,0.41324,1764,380,False,2026-09-10T16:57:21.009005+00:00
m3_lowlight_irfs,day_clear,bus,mAP50,0.54093,1764,380,False,2026-09-10T16:57:21.009005+00:00
m3_lowlight_irfs,day_clear,bus,mAP75,0.47167,1764,380,False,2026-09-10T16:57:21.009005+00:00
m3_lowlight_irfs,day_clear,motor,mAP50-95,0.20456,1764,111,False,2026-09-10T16:57:21.009005+00:00
m3_lowlight_irfs,day_clear,motor,mAP50,0.39883,1764,111,False,2026-09-10T16:57:21.009005+00:00
m3_lowlight_irfs,day_clear,motor,mAP75,0.19425,1764,111,False,2026-09-10T16:57:21.009005+00:00
m3_lowlight_irfs,day_clear,bike,mAP50-95,0.18603,1764,207,False,2026-09-10T16:57:21.009005+00:00
m3_lowlight_irfs,day_clear,bike,mAP50,0.35946,1764,207,False,2026-09-10T16:57:21.009005+00:00
m3_lowlight_irfs,day_clear,bike,mAP75,0.19146,1764,207,False,2026-09-10T16:57:21.009005+00:00
m3_lowlight_irfs,day_rainy,all,mAP50-95,0.36887,396,4356,True,2026-09-10T16:57:21.009005+00:00
m3_lowlight_irfs,day_rainy,all,mAP50,0.58618,396,4356,True,2026-09-10T16:57:21.009005+00:00
m3_lowlight_irfs,day_rainy,all,mAP75,0.37148,396,4356,True,2026-09-10T16:57:21.009005+00:00
m3_lowlight_irfs,day_rainy,car,mAP50-95,0.51024,396,3930,True,2026-09-10T16:57:21.009005+00:00
m3_lowlight_irfs,day_rainy,car,mAP50,0.81125,396,3930,True,2026-09-10T16:57:21.009005+00:00
m3_lowlight_irfs,day_rainy,car,mAP75,0.51594,396,3930,True,2026-09-10T16:57:21.009005+00:00
m3_lowlight_irfs,day_rainy,truck,mAP50-95,0.4357,396,272,False,2026-09-10T16:57:21.009005+00:00
m3_lowlight_irfs,day_rainy,truck,mAP50,0.6232,396,272,False,2026-09-10T16:57:21.009005+00:00
m3_lowlight_irfs,day_rainy,truck,mAP75,0.48182,396,272,False,2026-09-10T16:57:21.009005+00:00
m3_lowlight_irfs,day_rainy,bus,mAP50-95,0.36857,396,97,False,2026-09-10T16:57:21.009005+00:00
m3_lowlight_irfs,day_rainy,bus,mAP50,0.48208,396,97,False,2026-09-10T16:57:21.009005+00:00
m3_lowlight_irfs,day_rainy,bus,mAP75,0.39834,396,97,False,2026-09-10T16:57:21.009005+00:00
m3_lowlight_irfs,day_rainy,motor,mAP50-95,0.27594,396,16,False,2026-09-10T16:57:21.009005+00:00
m3_lowlight_irfs,day_rainy,motor,mAP50,0.47624,396,16,False,2026-09-10T16:57:21.009005+00:00
m3_lowlight_irfs,day_rainy,motor,mAP75,0.28069,396,16,False,2026-09-10T16:57:21.009005+00:00
m3_lowlight_irfs,day_rainy,bike,mAP50-95,0.2539,396,41,False,2026-09-10T16:57:21.009005+00:00
m3_lowlight_irfs,day_rainy,bike,mAP50,0.53814,396,41,False,2026-09-10T16:57:21.009005+00:00
m3_lowlight_irfs,day_rainy,bike,mAP75,0.1806,396,41,False,2026-09-10T16:57:21.009005+00:00
m3_lowlight_irfs,day_snowy,all,mAP50-95,0.32364,422,4842,True,2026-09-10T16:57:21.009005+00:00
m3_lowlight_irfs,day_snowy,all,mAP50,0.53446,422,4842,True,2026-09-10T16:57:21.009005+00:00
m3_lowlight_irfs,day_snowy,all,mAP75,0.30491,422,4842,True,2026-09-10T16:57:21.009005+00:00
m3_lowlight_irfs,day_snowy,car,mAP50-95,0.49837,422,4421,True,2026-09-10T16:57:21.009005+00:00
m3_lowlight_irfs,day_snowy,car,mAP50,0.79733,422,4421,True,2026-09-10T16:57:21.009005+00:00
m3_lowlight_irfs,day_snowy,car,mAP75,0.50676,422,4421,True,2026-09-10T16:57:21.009005+00:00
m3_lowlight_irfs,day_snowy,truck,mAP50-95,0.44079,422,264,False,2026-09-10T16:57:21.009005+00:00
m3_lowlight_irfs,day_snowy,truck,mAP50,0.61558,422,264,False,2026-09-10T16:57:21.009005+00:00
m3_lowlight_irfs,day_snowy,truck,mAP75,0.49816,422,264,False,2026-09-10T16:57:21.009005+00:00
m3_lowlight_irfs,day_snowy,bus,mAP50-95,0.36719,422,97,False,2026-09-10T16:57:21.009005+00:00
m3_lowlight_irfs,day_snowy,bus,mAP50,0.47206,422,97,False,2026-09-10T16:57:21.009005+00:00
m3_lowlight_irfs,day_snowy,bus,mAP75,0.37251,422,97,False,2026-09-10T16:57:21.009005+00:00
m3_lowlight_irfs,day_snowy,motor,mAP50-95,0.14917,422,7,False,2026-09-10T16:57:21.009005+00:00
m3_lowlight_irfs,day_snowy,motor,mAP50,0.41584,422,7,False,2026-09-10T16:57:21.009005+00:00
m3_lowlight_irfs,day_snowy,motor,mAP75,0.02475,422,7,False,2026-09-10T16:57:21.009005+00:00
m3_lowlight_irfs,day_snowy,bike,mAP50-95,0.1627,422,53,False,2026-09-10T16:57:21.009005+00:00
m3_lowlight_irfs,day_snowy,bike,mAP50,0.37149,422,53,False,2026-09-10T16:57:21.009005+00:00
m3_lowlight_irfs,day_snowy,bike,mAP75,0.12235,422,53,False,2026-09-10T16:57:21.009005+00:00
m3_lowlight_irfs,foggy,all,mAP50-95,0.27728,13,144,False,2026-09-10T16:57:21.009005+00:00
m3_lowlight_irfs,foggy,all,mAP50,0.64207,13,144,False,2026-09-10T16:57:21.009005+00:00
m3_lowlight_irfs,foggy,all,mAP75,0.22328,13,144,False,2026-09-10T16:57:21.009005+00:00
m3_lowlight_irfs,foggy,car,mAP50-95,0.4447,13,138,False,2026-09-10T16:57:21.009005+00:00
m3_lowlight_irfs,foggy,car,mAP50,0.7183,13,138,False,2026-09-10T16:57:21.009005+00:00
m3_lowlight_irfs,foggy,car,mAP75,0.46192,13,138,False,2026-09-10T16:57:21.009005+00:00
m3_lowlight_irfs,foggy,truck,mAP50-95,0.18713,13,5,False,2026-09-10T16:57:21.009005+00:00
m3_lowlight_irfs,foggy,truck,mAP50,0.20792,13,5,False,2026-09-10T16:57:21.009005+00:00
m3_lowlight_irfs,foggy,truck,mAP75,0.20792,13,5,False,2026-09-10T16:57:21.009005+00:00
m3_lowlight_irfs,foggy,bus,mAP50-95,,13,0,False,2026-09-10T16:57:21.009005+00:00
m3_lowlight_irfs,foggy,bus,mAP50,,13,0,False,2026-09-10T16:57:21.009005+00:00
m3_lowlight_irfs,foggy,bus,mAP75,,13,0,False,2026-09-10T16:57:21.009005+00:00
m3_lowlight_irfs,foggy,motor,mAP50-95,0.2,13,1,False,2026-09-10T16:57:21.009005+00:00
m3_lowlight_irfs,foggy,motor,mAP50,1.0,13,1,False,2026-09-10T16:57:21.009005+00:00
m3_lowlight_irfs,foggy,motor,mAP75,0.0,13,1,False,2026-09-10T16:57:21.009005+00:00
m3_lowlight_irfs,foggy,bike,mAP50-95,,13,0,False,2026-09-10T16:57:21.009005+00:00
m3_lowlight_irfs,foggy,bike,mAP50,,13,0,False,2026-09-10T16:57:21.009005+00:00
m3_lowlight_irfs,foggy,bike,mAP75,,13,0,False,2026-09-10T16:57:21.009005+00:00
m3_lowlight_irfs,night,all,mAP50-95,0.34171,3863,36751,True,2026-09-10T16:57:21.009005+00:00
m3_lowlight_irfs,night,all,mAP50,0.56099,3863,36751,True,2026-09-10T16:57:21.009005+00:00
m3_lowlight_irfs,night,all,mAP75,0.34685,3863,36751,True,2026-09-10T16:57:21.009005+00:00
m3_lowlight_irfs,night,car,mAP50-95,0.42762,3863,35439,True,2026-09-10T16:57:21.009005+00:00
m3_lowlight_irfs,night,car,mAP50,0.76283,3863,35439,True,2026-09-10T16:57:21.009005+00:00
m3_lowlight_irfs,night,car,mAP75,0.40307,3863,35439,True,2026-09-10T16:57:21.009005+00:00
m3_lowlight_irfs,night,truck,mAP50-95,0.39854,3863,736,False,2026-09-10T16:57:21.009005+00:00
m3_lowlight_irfs,night,truck,mAP50,0.54572,3863,736,False,2026-09-10T16:57:21.009005+00:00
m3_lowlight_irfs,night,truck,mAP75,0.44874,3863,736,False,2026-09-10T16:57:21.009005+00:00
m3_lowlight_irfs,night,bus,mAP50-95,0.42104,3863,297,False,2026-09-10T16:57:21.009005+00:00
m3_lowlight_irfs,night,bus,mAP50,0.54545,3863,297,False,2026-09-10T16:57:21.009005+00:00
m3_lowlight_irfs,night,bus,mAP75,0.46842,3863,297,False,2026-09-10T16:57:21.009005+00:00
m3_lowlight_irfs,night,motor,mAP50-95,0.19354,3863,93,False,2026-09-10T16:57:21.009005+00:00
m3_lowlight_irfs,night,motor,mAP50,0.42555,3863,93,False,2026-09-10T16:57:21.009005+00:00
m3_lowlight_irfs,night,motor,mAP75,0.18116,3863,93,False,2026-09-10T16:57:21.009005+00:00
m3_lowlight_irfs,night,bike,mAP50-95,0.2678,3863,186,False,2026-09-10T16:57:21.009005+00:00
m3_lowlight_irfs,night,bike,mAP50,0.52541,3863,186,False,2026-09-10T16:57:21.009005+00:00
m3_lowlight_irfs,night,bike,mAP75,0.23286,3863,186,False,2026-09-10T16:57:21.009005+00:00
m3_lowlight_irfs,night_adverse,all,mAP50-95,0.33562,566,4986,True,2026-09-10T16:57:21.009005+00:00
m3_lowlight_irfs,night_adverse,all,mAP50,0.51444,566,4986,True,2026-09-10T16:57:21.009005+00:00
m3_lowlight_irfs,night_adverse,all,mAP75,0.34912,566,4986,True,2026-09-10T16:57:21.009005+00:00
m3_lowlight_irfs,night_adverse,car,mAP50-95,0.44004,566,4743,True,2026-09-10T16:57:21.009005+00:00
m3_lowlight_irfs,night_adverse,car,mAP50,0.75941,566,4743,True,2026-09-10T16:57:21.009005+00:00
m3_lowlight_irfs,night_adverse,car,mAP75,0.43018,566,4743,True,2026-09-10T16:57:21.009005+00:00
m3_lowlight_irfs,night_adverse,truck,mAP50-95,0.37824,566,156,False,2026-09-10T16:57:21.009005+00:00
m3_lowlight_irfs,night_adverse,truck,mAP50,0.53439,566,156,False,2026-09-10T16:57:21.009005+00:00
m3_lowlight_irfs,night_adverse,truck,mAP75,0.40485,566,156,False,2026-09-10T16:57:21.009005+00:00
m3_lowlight_irfs,night_adverse,bus,mAP50-95,0.55867,566,41,False,2026-09-10T16:57:21.009005+00:00
m3_lowlight_irfs,night_adverse,bus,mAP50,0.70811,566,41,False,2026-09-10T16:57:21.009005+00:00
m3_lowlight_irfs,night_adverse,bus,mAP75,0.59715,566,41,False,2026-09-10T16:57:21.009005+00:00
m3_lowlight_irfs,night_adverse,motor,mAP50-95,0.11994,566,12,False,2026-09-10T16:57:21.009005+00:00
m3_lowlight_irfs,night_adverse,motor,mAP50,0.19701,566,12,False,2026-09-10T16:57:21.009005+00:00
m3_lowlight_irfs,night_adverse,motor,mAP75,0.16832,566,12,False,2026-09-10T16:57:21.009005+00:00
m3_lowlight_irfs,night_adverse,bike,mAP50-95,0.1812,566,34,False,2026-09-10T16:57:21.009005+00:00
m3_lowlight_irfs,night_adverse,bike,mAP50,0.37328,566,34,False,2026-09-10T16:57:21.009005+00:00
m3_lowlight_irfs,night_adverse,bike,mAP75,0.14512,566,34,False,2026-09-10T16:57:21.009005+00:00
m3_lowlight_irfs,night_clear,all,mAP50-95,0.34357,3274,31550,True,2026-09-10T16:57:21.009005+00:00
m3_lowlight_irfs,night_clear,all,mAP50,0.56994,3274,31550,True,2026-09-10T16:57:21.009005+00:00
m3_lowlight_irfs,night_clear,all,mAP75,0.34651,3274,31550,True,2026-09-10T16:57:21.009005+00:00
m3_lowlight_irfs,night_clear,car,mAP50-95,0.42495,3274,30489,True,2026-09-10T16:57:21.009005+00:00
m3_lowlight_irfs,night_clear,car,mAP50,0.76193,3274,30489,True,2026-09-10T16:57:21.009005+00:00
m3_lowlight_irfs,night_clear,car,mAP75,0.39788,3274,30489,True,2026-09-10T16:57:21.009005+00:00
m3_lowlight_irfs,night_clear,truck,mAP50-95,0.40152,3274,577,False,2026-09-10T16:57:21.009005+00:00
m3_lowlight_irfs,night_clear,truck,mAP50,0.54723,3274,577,False,2026-09-10T16:57:21.009005+00:00
m3_lowlight_irfs,night_clear,truck,mAP75,0.45656,3274,577,False,2026-09-10T16:57:21.009005+00:00
m3_lowlight_irfs,night_clear,bus,mAP50-95,0.3947,3274,251,False,2026-09-10T16:57:21.009005+00:00
m3_lowlight_irfs,night_clear,bus,mAP50,0.51598,3274,251,False,2026-09-10T16:57:21.009005+00:00
m3_lowlight_irfs,night_clear,bus,mAP75,0.44003,3274,251,False,2026-09-10T16:57:21.009005+00:00
m3_lowlight_irfs,night_clear,motor,mAP50-95,0.20861,3274,81,False,2026-09-10T16:57:21.009005+00:00
m3_lowlight_irfs,night_clear,motor,mAP50,0.46603,3274,81,False,2026-09-10T16:57:21.009005+00:00
m3_lowlight_irfs,night_clear,motor,mAP75,0.1852,3274,81,False,2026-09-10T16:57:21.009005+00:00
m3_lowlight_irfs,night_clear,bike,mAP50-95,0.28806,3274,152,False,2026-09-10T16:57:21.009005+00:00
m3_lowlight_irfs,night_clear,bike,mAP50,0.55855,3274,152,False,2026-09-10T16:57:21.009005+00:00
m3_lowlight_irfs,night_clear,bike,mAP75,0.25285,3274,152,False,2026-09-10T16:57:21.009005+00:00
m3_lowlight_irfs,night_rainy,all,mAP50-95,0.39114,286,2535,True,2026-09-10T16:57:21.009005+00:00
m3_lowlight_irfs,night_rainy,all,mAP50,0.58107,286,2535,True,2026-09-10T16:57:21.009005+00:00
m3_lowlight_irfs,night_rainy,all,mAP75,0.40829,286,2535,True,2026-09-10T16:57:21.009005+00:00
m3_lowlight_irfs,night_rainy,car,mAP50-95,0.43168,286,2416,True,2026-09-10T16:57:21.009005+00:00
m3_lowlight_irfs,night_rainy,car,mAP50,0.74767,286,2416,True,2026-09-10T16:57:21.009005+00:00
m3_lowlight_irfs,night_rainy,car,mAP75,0.42626,286,2416,True,2026-09-10T16:57:21.009005+00:00
m3_lowlight_irfs,night_rainy,truck,mAP50-95,0.47936,286,72,False,2026-09-10T16:57:21.009005+00:00
m3_lowlight_irfs,night_rainy,truck,mAP50,0.66992,286,72,False,2026-09-10T16:57:21.009005+00:00
m3_lowlight_irfs,night_rainy,truck,mAP75,0.50637,286,72,False,2026-09-10T16:57:21.009005+00:00
m3_lowlight_irfs,night_rainy,bus,mAP50-95,0.64205,286,22,False,2026-09-10T16:57:21.009005+00:00
m3_lowlight_irfs,night_rainy,bus,mAP50,0.80792,286,22,False,2026-09-10T16:57:21.009005+00:00
m3_lowlight_irfs,night_rainy,bus,mAP75,0.70414,286,22,False,2026-09-10T16:57:21.009005+00:00
m3_lowlight_irfs,night_rainy,motor,mAP50-95,0.12808,286,10,False,2026-09-10T16:57:21.009005+00:00
m3_lowlight_irfs,night_rainy,motor,mAP50,0.20654,286,10,False,2026-09-10T16:57:21.009005+00:00
m3_lowlight_irfs,night_rainy,motor,mAP75,0.15347,286,10,False,2026-09-10T16:57:21.009005+00:00
m3_lowlight_irfs,night_rainy,bike,mAP50-95,0.27455,286,15,False,2026-09-10T16:57:21.009005+00:00
m3_lowlight_irfs,night_rainy,bike,mAP50,0.47327,286,15,False,2026-09-10T16:57:21.009005+00:00
m3_lowlight_irfs,night_rainy,bike,mAP75,0.25121,286,15,False,2026-09-10T16:57:21.009005+00:00
m3_lowlight_irfs,night_snowy,all,mAP50-95,0.32366,273,2374,True,2026-09-10T16:57:21.009005+00:00
m3_lowlight_irfs,night_snowy,all,mAP50,0.51576,273,2374,True,2026-09-10T16:57:21.009005+00:00
m3_lowlight_irfs,night_snowy,all,mAP75,0.3598,273,2374,True,2026-09-10T16:57:21.009005+00:00
m3_lowlight_irfs,night_snowy,car,mAP50-95,0.45188,273,2251,True,2026-09-10T16:57:21.009005+00:00
m3_lowlight_irfs,night_snowy,car,mAP50,0.77731,273,2251,True,2026-09-10T16:57:21.009005+00:00
m3_lowlight_irfs,night_snowy,car,mAP75,0.43731,273,2251,True,2026-09-10T16:57:21.009005+00:00
m3_lowlight_irfs,night_snowy,truck,mAP50-95,0.296,273,83,False,2026-09-10T16:57:21.009005+00:00
m3_lowlight_irfs,night_snowy,truck,mAP50,0.41911,273,83,False,2026-09-10T16:57:21.009005+00:00
m3_lowlight_irfs,night_snowy,truck,mAP75,0.3198,273,83,False,2026-09-10T16:57:21.009005+00:00
m3_lowlight_irfs,night_snowy,bus,mAP50-95,0.4533,273,19,False,2026-09-10T16:57:21.009005+00:00
m3_lowlight_irfs,night_snowy,bus,mAP50,0.57069,273,19,False,2026-09-10T16:57:21.009005+00:00
m3_lowlight_irfs,night_snowy,bus,mAP75,0.46368,273,19,False,2026-09-10T16:57:21.009005+00:00
m3_lowlight_irfs,night_snowy,motor,mAP50-95,0.30297,273,2,False,2026-09-10T16:57:21.009005+00:00
m3_lowlight_irfs,night_snowy,motor,mAP50,0.50495,273,2,False,2026-09-10T16:57:21.009005+00:00
m3_lowlight_irfs,night_snowy,motor,mAP75,0.50495,273,2,False,2026-09-10T16:57:21.009005+00:00
m3_lowlight_irfs,night_snowy,bike,mAP50-95,0.11413,273,19,False,2026-09-10T16:57:21.009005+00:00
m3_lowlight_irfs,night_snowy,bike,mAP50,0.30676,273,19,False,2026-09-10T16:57:21.009005+00:00
m3_lowlight_irfs,night_snowy,bike,mAP75,0.07328,273,19,False,2026-09-10T16:57:21.009005+00:00
m3_lowlight_irfs,overcast,all,mAP50-95,0.34283,1239,15505,True,2026-09-10T16:57:21.009005+00:00
m3_lowlight_irfs,overcast,all,mAP50,0.55357,1239,15505,True,2026-09-10T16:57:21.009005+00:00
m3_lowlight_irfs,overcast,all,mAP75,0.33272,1239,15505,True,2026-09-10T16:57:21.009005+00:00
m3_lowlight_irfs,overcast,car,mAP50-95,0.50396,1239,14370,True,2026-09-10T16:57:21.009005+00:00
m3_lowlight_irfs,overcast,car,mAP50,0.8059,1239,14370,True,2026-09-10T16:57:21.009005+00:00
m3_lowlight_irfs,overcast,car,mAP75,0.50867,1239,14370,True,2026-09-10T16:57:21.009005+00:00
m3_lowlight_irfs,overcast,truck,mAP50-95,0.43151,1239,660,False,2026-09-10T16:57:21.009005+00:00
m3_lowlight_irfs,overcast,truck,mAP50,0.60025,1239,660,False,2026-09-10T16:57:21.009005+00:00
m3_lowlight_irfs,overcast,truck,mAP75,0.45788,1239,660,False,2026-09-10T16:57:21.009005+00:00
m3_lowlight_irfs,overcast,bus,mAP50-95,0.3989,1239,262,False,2026-09-10T16:57:21.009005+00:00
m3_lowlight_irfs,overcast,bus,mAP50,0.52754,1239,262,False,2026-09-10T16:57:21.009005+00:00
m3_lowlight_irfs,overcast,bus,mAP75,0.44027,1239,262,False,2026-09-10T16:57:21.009005+00:00
m3_lowlight_irfs,overcast,motor,mAP50-95,0.13904,1239,72,False,2026-09-10T16:57:21.009005+00:00
m3_lowlight_irfs,overcast,motor,mAP50,0.3045,1239,72,False,2026-09-10T16:57:21.009005+00:00
m3_lowlight_irfs,overcast,motor,mAP75,0.09316,1239,72,False,2026-09-10T16:57:21.009005+00:00
m3_lowlight_irfs,overcast,bike,mAP50-95,0.24076,1239,141,False,2026-09-10T16:57:21.009005+00:00
m3_lowlight_irfs,overcast,bike,mAP50,0.52966,1239,141,False,2026-09-10T16:57:21.009005+00:00
m3_lowlight_irfs,overcast,bike,mAP75,0.1636,1239,141,False,2026-09-10T16:57:21.009005+00:00
m3_lowlight_irfs,partlycloudy,all,mAP50-95,0.35278,738,9256,True,2026-09-10T16:57:21.009005+00:00
m3_lowlight_irfs,partlycloudy,all,mAP50,0.55053,738,9256,True,2026-09-10T16:57:21.009005+00:00
m3_lowlight_irfs,partlycloudy,all,mAP75,0.36819,738,9256,True,2026-09-10T16:57:21.009005+00:00
m3_lowlight_irfs,partlycloudy,car,mAP50-95,0.48487,738,8526,True,2026-09-10T16:57:21.009005+00:00
m3_lowlight_irfs,partlycloudy,car,mAP50,0.77848,738,8526,True,2026-09-10T16:57:21.009005+00:00
m3_lowlight_irfs,partlycloudy,car,mAP75,0.49038,738,8526,True,2026-09-10T16:57:21.009005+00:00
m3_lowlight_irfs,partlycloudy,truck,mAP50-95,0.43557,738,454,False,2026-09-10T16:57:21.009005+00:00
m3_lowlight_irfs,partlycloudy,truck,mAP50,0.59773,738,454,False,2026-09-10T16:57:21.009005+00:00
m3_lowlight_irfs,partlycloudy,truck,mAP75,0.46463,738,454,False,2026-09-10T16:57:21.009005+00:00
m3_lowlight_irfs,partlycloudy,bus,mAP50-95,0.42532,738,142,False,2026-09-10T16:57:21.009005+00:00
m3_lowlight_irfs,partlycloudy,bus,mAP50,0.55698,738,142,False,2026-09-10T16:57:21.009005+00:00
m3_lowlight_irfs,partlycloudy,bus,mAP75,0.48236,738,142,False,2026-09-10T16:57:21.009005+00:00
m3_lowlight_irfs,partlycloudy,motor,mAP50-95,0.23355,738,65,False,2026-09-10T16:57:21.009005+00:00
m3_lowlight_irfs,partlycloudy,motor,mAP50,0.43281,738,65,False,2026-09-10T16:57:21.009005+00:00
m3_lowlight_irfs,partlycloudy,motor,mAP75,0.22877,738,65,False,2026-09-10T16:57:21.009005+00:00
m3_lowlight_irfs,partlycloudy,bike,mAP50-95,0.18458,738,69,False,2026-09-10T16:57:21.009005+00:00
m3_lowlight_irfs,partlycloudy,bike,mAP50,0.38665,738,69,False,2026-09-10T16:57:21.009005+00:00
m3_lowlight_irfs,partlycloudy,bike,mAP75,0.1748,738,69,False,2026-09-10T16:57:21.009005+00:00
m3_lowlight_irfs,rainy,all,mAP50-95,0.35982,737,7541,True,2026-09-10T16:57:21.009005+00:00
m3_lowlight_irfs,rainy,all,mAP50,0.55928,737,7541,True,2026-09-10T16:57:21.009005+00:00
m3_lowlight_irfs,rainy,all,mAP75,0.36332,737,7541,True,2026-09-10T16:57:21.009005+00:00
m3_lowlight_irfs,rainy,car,mAP50-95,0.48142,737,6944,True,2026-09-10T16:57:21.009005+00:00
m3_lowlight_irfs,rainy,car,mAP50,0.78697,737,6944,True,2026-09-10T16:57:21.009005+00:00
m3_lowlight_irfs,rainy,car,mAP75,0.48224,737,6944,True,2026-09-10T16:57:21.009005+00:00
m3_lowlight_irfs,rainy,truck,mAP50-95,0.44767,737,378,False,2026-09-10T16:57:21.009005+00:00
m3_lowlight_irfs,rainy,truck,mAP50,0.63761,737,378,False,2026-09-10T16:57:21.009005+00:00
m3_lowlight_irfs,rainy,truck,mAP75,0.48681,737,378,False,2026-09-10T16:57:21.009005+00:00
m3_lowlight_irfs,rainy,bus,mAP50-95,0.43171,737,132,False,2026-09-10T16:57:21.009005+00:00
m3_lowlight_irfs,rainy,bus,mAP50,0.55565,737,132,False,2026-09-10T16:57:21.009005+00:00
m3_lowlight_irfs,rainy,bus,mAP75,0.46915,737,132,False,2026-09-10T16:57:21.009005+00:00
m3_lowlight_irfs,rainy,motor,mAP50-95,0.17325,737,30,False,2026-09-10T16:57:21.009005+00:00
m3_lowlight_irfs,rainy,motor,mAP50,0.29881,737,30,False,2026-09-10T16:57:21.009005+00:00
m3_lowlight_irfs,rainy,motor,mAP75,0.17032,737,30,False,2026-09-10T16:57:21.009005+00:00
m3_lowlight_irfs,rainy,bike,mAP50-95,0.26506,737,57,False,2026-09-10T16:57:21.009005+00:00
m3_lowlight_irfs,rainy,bike,mAP50,0.51736,737,57,False,2026-09-10T16:57:21.009005+00:00
m3_lowlight_irfs,rainy,bike,mAP75,0.20811,737,57,False,2026-09-10T16:57:21.009005+00:00
m3_lowlight_irfs,snowy,all,mAP50-95,0.31381,769,8080,True,2026-09-10T16:57:21.009005+00:00
m3_lowlight_irfs,snowy,all,mAP50,0.50725,769,8080,True,2026-09-10T16:57:21.009005+00:00
m3_lowlight_irfs,snowy,all,mAP75,0.31779,769,8080,True,2026-09-10T16:57:21.009005+00:00
m3_lowlight_irfs,snowy,car,mAP50-95,0.48392,769,7486,True,2026-09-10T16:57:21.009005+00:00
m3_lowlight_irfs,snowy,car,mAP50,0.78969,769,7486,True,2026-09-10T16:57:21.009005+00:00
m3_lowlight_irfs,snowy,car,mAP75,0.48619,769,7486,True,2026-09-10T16:57:21.009005+00:00
m3_lowlight_irfs,snowy,truck,mAP50-95,0.41007,769,371,False,2026-09-10T16:57:21.009005+00:00
m3_lowlight_irfs,snowy,truck,mAP50,0.57102,769,371,False,2026-09-10T16:57:21.009005+00:00
m3_lowlight_irfs,snowy,truck,mAP75,0.46557,769,371,False,2026-09-10T16:57:21.009005+00:00
m3_lowlight_irfs,snowy,bus,mAP50-95,0.37032,769,133,False,2026-09-10T16:57:21.009005+00:00
m3_lowlight_irfs,snowy,bus,mAP50,0.47526,769,133,False,2026-09-10T16:57:21.009005+00:00
m3_lowlight_irfs,snowy,bus,mAP75,0.38806,769,133,False,2026-09-10T16:57:21.009005+00:00
m3_lowlight_irfs,snowy,motor,mAP50-95,0.15666,769,9,False,2026-09-10T16:57:21.009005+00:00
m3_lowlight_irfs,snowy,motor,mAP50,0.34894,769,9,False,2026-09-10T16:57:21.009005+00:00
m3_lowlight_irfs,snowy,motor,mAP75,0.13437,769,9,False,2026-09-10T16:57:21.009005+00:00
m3_lowlight_irfs,snowy,bike,mAP50-95,0.14808,769,81,False,2026-09-10T16:57:21.009005+00:00
m3_lowlight_irfs,snowy,bike,mAP50,0.35134,769,81,False,2026-09-10T16:57:21.009005+00:00
m3_lowlight_irfs,snowy,bike,mAP75,0.11478,769,81,False,2026-09-10T16:57:21.009005+00:00
