arm,slice,class,metric,value,n_images,n_instances,reportable,timestamp
base_100,overall,all,mAP50-95,0.34383,8841,97193,True,2026-09-12T08:36:12.482376+00:00
base_100,overall,all,mAP50,0.54775,8841,97193,True,2026-09-12T08:36:12.482376+00:00
base_100,overall,all,mAP75,0.34743,8841,97193,True,2026-09-12T08:36:12.482376+00:00
base_100,overall,car,mAP50-95,0.47525,8841,91118,True,2026-09-12T08:36:12.482376+00:00
base_100,overall,car,mAP50,0.78792,8841,91118,True,2026-09-12T08:36:12.482376+00:00
base_100,overall,car,mAP75,0.46953,8841,91118,True,2026-09-12T08:36:12.482376+00:00
base_100,overall,truck,mAP50-95,0.4263,8841,3608,True,2026-09-12T08:36:12.482376+00:00
base_100,overall,truck,mAP50,0.58309,8841,3608,True,2026-09-12T08:36:12.482376+00:00
base_100,overall,truck,mAP75,0.47389,8841,3608,True,2026-09-12T08:36:12.482376+00:00
base_100,overall,bus,mAP50-95,0.41511,8841,1351,True,2026-09-12T08:36:12.482376+00:00
base_100,overall,bus,mAP50,0.5378,8841,1351,True,2026-09-12T08:36:12.482376+00:00
base_100,overall,bus,mAP75,0.46239,8841,1351,True,2026-09-12T08:36:12.482376+00:00
base_100,overall,motor,mAP50-95,0.18363,8841,377,False,2026-09-12T08:36:12.482376+00:00
base_100,overall,motor,mAP50,0.37564,8841,377,False,2026-09-12T08:36:12.482376+00:00
base_100,overall,motor,mAP75,0.15196,8841,377,False,2026-09-12T08:36:12.482376+00:00
base_100,overall,bike,mAP50-95,0.21888,8841,739,False,2026-09-12T08:36:12.482376+00:00
base_100,overall,bike,mAP50,0.45431,8841,739,False,2026-09-12T08:36:12.482376+00:00
base_100,overall,bike,mAP75,0.1794,8841,739,False,2026-09-12T08:36:12.482376+00:00
base_100,adverse,all,mAP50-95,0.33675,1519,15765,True,2026-09-12T08:36:12.482376+00:00
base_100,adverse,all,mAP50,0.5175,1519,15765,True,2026-09-12T08:36:12.482376+00:00
base_100,adverse,all,mAP75,0.35437,1519,15765,True,2026-09-12T08:36:12.482376+00:00
base_100,adverse,car,mAP50-95,0.48754,1519,14568,True,2026-09-12T08:36:12.482376+00:00
base_100,adverse,car,mAP50,0.79447,1519,14568,True,2026-09-12T08:36:12.482376+00:00
base_100,adverse,car,mAP75,0.49046,1519,14568,True,2026-09-12T08:36:12.482376+00:00
base_100,adverse,truck,mAP50-95,0.43158,1519,754,False,2026-09-12T08:36:12.482376+00:00
base_100,adverse,truck,mAP50,0.59794,1519,754,False,2026-09-12T08:36:12.482376+00:00
base_100,adverse,truck,mAP75,0.48468,1519,754,False,2026-09-12T08:36:12.482376+00:00
base_100,adverse,bus,mAP50-95,0.38828,1519,265,False,2026-09-12T08:36:12.482376+00:00
base_100,adverse,bus,mAP50,0.4969,1519,265,False,2026-09-12T08:36:12.482376+00:00
base_100,adverse,bus,mAP75,0.42891,1519,265,False,2026-09-12T08:36:12.482376+00:00
base_100,adverse,motor,mAP50-95,0.19407,1519,40,False,2026-09-12T08:36:12.482376+00:00
base_100,adverse,motor,mAP50,0.30442,1519,40,False,2026-09-12T08:36:12.482376+00:00
base_100,adverse,motor,mAP75,0.20613,1519,40,False,2026-09-12T08:36:12.482376+00:00
base_100,adverse,bike,mAP50-95,0.18228,1519,138,False,2026-09-12T08:36:12.482376+00:00
base_100,adverse,bike,mAP50,0.39378,1519,138,False,2026-09-12T08:36:12.482376+00:00
base_100,adverse,bike,mAP75,0.16168,1519,138,False,2026-09-12T08:36:12.482376+00:00
base_100,benign,all,mAP50-95,0.34623,7322,81428,True,2026-09-12T08:36:12.482376+00:00
base_100,benign,all,mAP50,0.55357,7322,81428,True,2026-09-12T08:36:12.482376+00:00
base_100,benign,all,mAP75,0.34786,7322,81428,True,2026-09-12T08:36:12.482376+00:00
base_100,benign,car,mAP50-95,0.47307,7322,76550,True,2026-09-12T08:36:12.482376+00:00
base_100,benign,car,mAP50,0.78703,7322,76550,True,2026-09-12T08:36:12.482376+00:00
base_100,benign,car,mAP75,0.46632,7322,76550,True,2026-09-12T08:36:12.482376+00:00
base_100,benign,truck,mAP50-95,0.42506,7322,2854,True,2026-09-12T08:36:12.482376+00:00
base_100,benign,truck,mAP50,0.57929,7322,2854,True,2026-09-12T08:36:12.482376+00:00
base_100,benign,truck,mAP75,0.47085,7322,2854,True,2026-09-12T08:36:12.482376+00:00
base_100,benign,bus,mAP50-95,0.42246,7322,1086,True,2026-09-12T08:36:12.482376+00:00
base_100,benign,bus,mAP50,0.54814,7322,1086,True,2026-09-12T08:36:12.482376+00:00
base_100,benign,bus,mAP75,0.47119,7322,1086,True,2026-09-12T08:36:12.482376+00:00
base_100,benign,motor,mAP50-95,0.1841,7322,337,False,2026-09-12T08:36:12.482376+00:00
base_100,benign,motor,mAP50,0.38548,7322,337,False,2026-09-12T08:36:12.482376+00:00
base_100,benign,motor,mAP75,0.14815,7322,337,False,2026-09-12T08:36:12.482376+00:00
base_100,benign,bike,mAP50-95,0.22648,7322,601,False,2026-09-12T08:36:12.482376+00:00
base_100,benign,bike,mAP50,0.46791,7322,601,False,2026-09-12T08:36:12.482376+00:00
base_100,benign,bike,mAP75,0.18279,7322,601,False,2026-09-12T08:36:12.482376+00:00
base_100,clear,all,mAP50-95,0.34428,5345,56667,True,2026-09-12T08:36:12.482376+00:00
base_100,clear,all,mAP50,0.55393,5345,56667,True,2026-09-12T08:36:12.482376+00:00
base_100,clear,all,mAP75,0.34691,5345,56667,True,2026-09-12T08:36:12.482376+00:00
base_100,clear,car,mAP50-95,0.45888,5345,53654,True,2026-09-12T08:36:12.482376+00:00
base_100,clear,car,mAP50,0.77882,5345,53654,True,2026-09-12T08:36:12.482376+00:00
base_100,clear,car,mAP75,0.44777,5345,53654,True,2026-09-12T08:36:12.482376+00:00
base_100,clear,truck,mAP50-95,0.41655,5345,1740,True,2026-09-12T08:36:12.482376+00:00
base_100,clear,truck,mAP50,0.56203,5345,1740,True,2026-09-12T08:36:12.482376+00:00
base_100,clear,truck,mAP75,0.46773,5345,1740,True,2026-09-12T08:36:12.482376+00:00
base_100,clear,bus,mAP50-95,0.42098,5345,682,False,2026-09-12T08:36:12.482376+00:00
base_100,clear,bus,mAP50,0.54273,5345,682,False,2026-09-12T08:36:12.482376+00:00
base_100,clear,bus,mAP75,0.48169,5345,682,False,2026-09-12T08:36:12.482376+00:00
base_100,clear,motor,mAP50-95,0.19472,5345,200,False,2026-09-12T08:36:12.482376+00:00
base_100,clear,motor,mAP50,0.41884,5345,200,False,2026-09-12T08:36:12.482376+00:00
base_100,clear,motor,mAP75,0.14403,5345,200,False,2026-09-12T08:36:12.482376+00:00
base_100,clear,bike,mAP50-95,0.23029,5345,391,False,2026-09-12T08:36:12.482376+00:00
base_100,clear,bike,mAP50,0.46726,5345,391,False,2026-09-12T08:36:12.482376+00:00
base_100,clear,bike,mAP75,0.19334,5345,391,False,2026-09-12T08:36:12.482376+00:00
base_100,dawndusk,all,mAP50-95,0.36457,714,8512,True,2026-09-12T08:36:12.482376+00:00
base_100,dawndusk,all,mAP50,0.5739,714,8512,True,2026-09-12T08:36:12.482376+00:00
base_100,dawndusk,all,mAP75,0.37275,714,8512,True,2026-09-12T08:36:12.482376+00:00
base_100,dawndusk,car,mAP50-95,0.49398,714,7964,True,2026-09-12T08:36:12.482376+00:00
base_100,dawndusk,car,mAP50,0.79259,714,7964,True,2026-09-12T08:36:12.482376+00:00
base_100,dawndusk,car,mAP75,0.50068,714,7964,True,2026-09-12T08:36:12.482376+00:00
base_100,dawndusk,truck,mAP50-95,0.45403,714,340,False,2026-09-12T08:36:12.482376+00:00
base_100,dawndusk,truck,mAP50,0.62714,714,340,False,2026-09-12T08:36:12.482376+00:00
base_100,dawndusk,truck,mAP75,0.51703,714,340,False,2026-09-12T08:36:12.482376+00:00
base_100,dawndusk,bus,mAP50-95,0.50701,714,127,False,2026-09-12T08:36:12.482376+00:00
base_100,dawndusk,bus,mAP50,0.641,714,127,False,2026-09-12T08:36:12.482376+00:00
base_100,dawndusk,bus,mAP75,0.56733,714,127,False,2026-09-12T08:36:12.482376+00:00
base_100,dawndusk,motor,mAP50-95,0.10906,714,22,False,2026-09-12T08:36:12.482376+00:00
base_100,dawndusk,motor,mAP50,0.2689,714,22,False,2026-09-12T08:36:12.482376+00:00
base_100,dawndusk,motor,mAP75,0.08275,714,22,False,2026-09-12T08:36:12.482376+00:00
base_100,dawndusk,bike,mAP50-95,0.25876,714,59,False,2026-09-12T08:36:12.482376+00:00
base_100,dawndusk,bike,mAP50,0.53986,714,59,False,2026-09-12T08:36:12.482376+00:00
base_100,dawndusk,bike,mAP75,0.19593,714,59,False,2026-09-12T08:36:12.482376+00:00
base_100,day,all,mAP50-95,0.34463,4264,51930,True,2026-09-12T08:36:12.482376+00:00
base_100,day,all,mAP50,0.54074,4264,51930,True,2026-09-12T08:36:12.482376+00:00
base_100,day,all,mAP75,0.3494,4264,51930,True,2026-09-12T08:36:12.482376+00:00
base_100,day,car,mAP50-95,0.50241,4264,47715,True,2026-09-12T08:36:12.482376+00:00
base_100,day,car,mAP50,0.80178,4264,47715,True,2026-09-12T08:36:12.482376+00:00
base_100,day,car,mAP75,0.50757,4264,47715,True,2026-09-12T08:36:12.482376+00:00
base_100,day,truck,mAP50-95,0.42867,4264,2532,True,2026-09-12T08:36:12.482376+00:00
base_100,day,truck,mAP50,0.58751,4264,2532,True,2026-09-12T08:36:12.482376+00:00
base_100,day,truck,mAP75,0.4713,4264,2532,True,2026-09-12T08:36:12.482376+00:00
base_100,day,bus,mAP50-95,0.40172,4264,927,True,2026-09-12T08:36:12.482376+00:00
base_100,day,bus,mAP50,0.52241,4264,927,True,2026-09-12T08:36:12.482376+00:00
base_100,day,bus,mAP75,0.44214,4264,927,True,2026-09-12T08:36:12.482376+00:00
base_100,day,motor,mAP50-95,0.19057,4264,262,False,2026-09-12T08:36:12.482376+00:00
base_100,day,motor,mAP50,0.37355,4264,262,False,2026-09-12T08:36:12.482376+00:00
base_100,day,motor,mAP75,0.16174,4264,262,False,2026-09-12T08:36:12.482376+00:00
base_100,day,bike,mAP50-95,0.19976,4264,494,False,2026-09-12T08:36:12.482376+00:00
base_100,day,bike,mAP50,0.41847,4264,494,False,2026-09-12T08:36:12.482376+00:00
base_100,day,bike,mAP75,0.16426,4264,494,False,2026-09-12T08:36:12.482376+00:00
base_100,day_adverse,all,mAP50-95,0.34023,823,9252,True,2026-09-12T08:36:12.482376+00:00
base_100,day_adverse,all,mAP50,0.52615,823,9252,True,2026-09-12T08:36:12.482376+00:00
base_100,day_adverse,all,mAP75,0.35173,823,9252,True,2026-09-12T08:36:12.482376+00:00
base_100,day_adverse,car,mAP50-95,0.50909,823,8401,True,2026-09-12T08:36:12.482376+00:00
base_100,day_adverse,car,mAP50,0.80948,823,8401,True,2026-09-12T08:36:12.482376+00:00
base_100,day_adverse,car,mAP75,0.51961,823,8401,True,2026-09-12T08:36:12.482376+00:00
base_100,day_adverse,truck,mAP50-95,0.43541,823,540,False,2026-09-12T08:36:12.482376+00:00
base_100,day_adverse,truck,mAP50,0.60693,823,540,False,2026-09-12T08:36:12.482376+00:00
base_100,day_adverse,truck,mAP75,0.48503,823,540,False,2026-09-12T08:36:12.482376+00:00
base_100,day_adverse,bus,mAP50-95,0.35705,823,194,False,2026-09-12T08:36:12.482376+00:00
base_100,day_adverse,bus,mAP50,0.46096,823,194,False,2026-09-12T08:36:12.482376+00:00
base_100,day_adverse,bus,mAP75,0.38412,823,194,False,2026-09-12T08:36:12.482376+00:00
base_100,day_adverse,motor,mAP50-95,0.22203,823,23,False,2026-09-12T08:36:12.482376+00:00
base_100,day_adverse,motor,mAP50,0.35494,823,23,False,2026-09-12T08:36:12.482376+00:00
base_100,day_adverse,motor,mAP75,0.22183,823,23,False,2026-09-12T08:36:12.482376+00:00
base_100,day_adverse,bike,mAP50-95,0.17758,823,94,False,2026-09-12T08:36:12.482376+00:00
base_100,day_adverse,bike,mAP50,0.39843,823,94,False,2026-09-12T08:36:12.482376+00:00
base_100,day_adverse,bike,mAP75,0.14804,823,94,False,2026-09-12T08:36:12.482376+00:00
base_100,day_clear,all,mAP50-95,0.3486,1764,21352,True,2026-09-12T08:36:12.482376+00:00
base_100,day_clear,all,mAP50,0.54073,1764,21352,True,2026-09-12T08:36:12.482376+00:00
base_100,day_clear,all,mAP75,0.35772,1764,21352,True,2026-09-12T08:36:12.482376+00:00
base_100,day_clear,car,mAP50-95,0.49628,1764,19633,True,2026-09-12T08:36:12.482376+00:00
base_100,day_clear,car,mAP50,0.79349,1764,19633,True,2026-09-12T08:36:12.482376+00:00
base_100,day_clear,car,mAP75,0.50067,1764,19633,True,2026-09-12T08:36:12.482376+00:00
base_100,day_clear,truck,mAP50-95,0.42337,1764,1021,True,2026-09-12T08:36:12.482376+00:00
base_100,day_clear,truck,mAP50,0.56899,1764,1021,True,2026-09-12T08:36:12.482376+00:00
base_100,day_clear,truck,mAP75,0.46783,1764,1021,True,2026-09-12T08:36:12.482376+00:00
base_100,day_clear,bus,mAP50-95,0.42108,1764,380,False,2026-09-12T08:36:12.482376+00:00
base_100,day_clear,bus,mAP50,0.53735,1764,380,False,2026-09-12T08:36:12.482376+00:00
base_100,day_clear,bus,mAP75,0.48205,1764,380,False,2026-09-12T08:36:12.482376+00:00
base_100,day_clear,motor,mAP50-95,0.21087,1764,111,False,2026-09-12T08:36:12.482376+00:00
base_100,day_clear,motor,mAP50,0.4241,1764,111,False,2026-09-12T08:36:12.482376+00:00
base_100,day_clear,motor,mAP75,0.1632,1764,111,False,2026-09-12T08:36:12.482376+00:00
base_100,day_clear,bike,mAP50-95,0.19141,1764,207,False,2026-09-12T08:36:12.482376+00:00
base_100,day_clear,bike,mAP50,0.37972,1764,207,False,2026-09-12T08:36:12.482376+00:00
base_100,day_clear,bike,mAP75,0.17487,1764,207,False,2026-09-12T08:36:12.482376+00:00
base_100,day_rainy,all,mAP50-95,0.3642,396,4356,True,2026-09-12T08:36:12.482376+00:00
base_100,day_rainy,all,mAP50,0.56309,396,4356,True,2026-09-12T08:36:12.482376+00:00
base_100,day_rainy,all,mAP75,0.38318,396,4356,True,2026-09-12T08:36:12.482376+00:00
base_100,day_rainy,car,mAP50-95,0.5156,396,3930,True,2026-09-12T08:36:12.482376+00:00
base_100,day_rainy,car,mAP50,0.82042,396,3930,True,2026-09-12T08:36:12.482376+00:00
base_100,day_rainy,car,mAP75,0.52504,396,3930,True,2026-09-12T08:36:12.482376+00:00
base_100,day_rainy,truck,mAP50-95,0.43299,396,272,False,2026-09-12T08:36:12.482376+00:00
base_100,day_rainy,truck,mAP50,0.60598,396,272,False,2026-09-12T08:36:12.482376+00:00
base_100,day_rainy,truck,mAP75,0.48067,396,272,False,2026-09-12T08:36:12.482376+00:00
base_100,day_rainy,bus,mAP50-95,0.36218,396,97,False,2026-09-12T08:36:12.482376+00:00
base_100,day_rainy,bus,mAP50,0.46786,396,97,False,2026-09-12T08:36:12.482376+00:00
base_100,day_rainy,bus,mAP75,0.38922,396,97,False,2026-09-12T08:36:12.482376+00:00
base_100,day_rainy,motor,mAP50-95,0.30244,396,16,False,2026-09-12T08:36:12.482376+00:00
base_100,day_rainy,motor,mAP50,0.45869,396,16,False,2026-09-12T08:36:12.482376+00:00
base_100,day_rainy,motor,mAP75,0.33303,396,16,False,2026-09-12T08:36:12.482376+00:00
base_100,day_rainy,bike,mAP50-95,0.20777,396,41,False,2026-09-12T08:36:12.482376+00:00
base_100,day_rainy,bike,mAP50,0.46249,396,41,False,2026-09-12T08:36:12.482376+00:00
base_100,day_rainy,bike,mAP75,0.18792,396,41,False,2026-09-12T08:36:12.482376+00:00
base_100,day_snowy,all,mAP50-95,0.30285,422,4842,True,2026-09-12T08:36:12.482376+00:00
base_100,day_snowy,all,mAP50,0.47357,422,4842,True,2026-09-12T08:36:12.482376+00:00
base_100,day_snowy,all,mAP75,0.3041,422,4842,True,2026-09-12T08:36:12.482376+00:00
base_100,day_snowy,car,mAP50-95,0.50377,422,4421,True,2026-09-12T08:36:12.482376+00:00
base_100,day_snowy,car,mAP50,0.80123,422,4421,True,2026-09-12T08:36:12.482376+00:00
base_100,day_snowy,car,mAP75,0.51381,422,4421,True,2026-09-12T08:36:12.482376+00:00
base_100,day_snowy,truck,mAP50-95,0.44226,422,264,False,2026-09-12T08:36:12.482376+00:00
base_100,day_snowy,truck,mAP50,0.61581,422,264,False,2026-09-12T08:36:12.482376+00:00
base_100,day_snowy,truck,mAP75,0.49452,422,264,False,2026-09-12T08:36:12.482376+00:00
base_100,day_snowy,bus,mAP50-95,0.35465,422,97,False,2026-09-12T08:36:12.482376+00:00
base_100,day_snowy,bus,mAP50,0.45309,422,97,False,2026-09-12T08:36:12.482376+00:00
base_100,day_snowy,bus,mAP75,0.38419,422,97,False,2026-09-12T08:36:12.482376+00:00
base_100,day_snowy,motor,mAP50-95,0.05941,422,7,False,2026-09-12T08:36:12.482376+00:00
base_100,day_snowy,motor,mAP50,0.14851,422,7,False,2026-09-12T08:36:12.482376+00:00
base_100,day_snowy,motor,mAP75,0.0,422,7,False,2026-09-12T08:36:12.482376+00:00
base_100,day_snowy,bike,mAP50-95,0.15417,422,53,False,2026-09-12T08:36:12.482376+00:00
base_100,day_snowy,bike,mAP50,0.34919,422,53,False,2026-09-12T08:36:12.482376+00:00
base_100,day_snowy,bike,mAP75,0.12797,422,53,False,2026-09-12T08:36:12.482376+00:00
base_100,foggy,all,mAP50-95,0.27822,13,144,False,2026-09-12T08:36:12.482376+00:00
base_100,foggy,all,mAP50,0.6461,13,144,False,2026-09-12T08:36:12.482376+00:00
base_100,foggy,all,mAP75,0.2242,13,144,False,2026-09-12T08:36:12.482376+00:00
base_100,foggy,car,mAP50-95,0.44752,13,138,False,2026-09-12T08:36:12.482376+00:00
base_100,foggy,car,mAP50,0.73038,13,138,False,2026-09-12T08:36:12.482376+00:00
base_100,foggy,car,mAP75,0.46469,13,138,False,2026-09-12T08:36:12.482376+00:00
base_100,foggy,truck,mAP50-95,0.18713,13,5,False,2026-09-12T08:36:12.482376+00:00
base_100,foggy,truck,mAP50,0.20792,13,5,False,2026-09-12T08:36:12.482376+00:00
base_100,foggy,truck,mAP75,0.20792,13,5,False,2026-09-12T08:36:12.482376+00:00
base_100,foggy,bus,mAP50-95,,13,0,False,2026-09-12T08:36:12.482376+00:00
base_100,foggy,bus,mAP50,,13,0,False,2026-09-12T08:36:12.482376+00:00
base_100,foggy,bus,mAP75,,13,0,False,2026-09-12T08:36:12.482376+00:00
base_100,foggy,motor,mAP50-95,0.2,13,1,False,2026-09-12T08:36:12.482376+00:00
base_100,foggy,motor,mAP50,1.0,13,1,False,2026-09-12T08:36:12.482376+00:00
base_100,foggy,motor,mAP75,0.0,13,1,False,2026-09-12T08:36:12.482376+00:00
base_100,foggy,bike,mAP50-95,,13,0,False,2026-09-12T08:36:12.482376+00:00
base_100,foggy,bike,mAP50,,13,0,False,2026-09-12T08:36:12.482376+00:00
base_100,foggy,bike,mAP75,,13,0,False,2026-09-12T08:36:12.482376+00:00
base_100,night,all,mAP50-95,0.34317,3863,36751,True,2026-09-12T08:36:12.482376+00:00
base_100,night,all,mAP50,0.56255,3863,36751,True,2026-09-12T08:36:12.482376+00:00
base_100,night,all,mAP75,0.34598,3863,36751,True,2026-09-12T08:36:12.482376+00:00
base_100,night,car,mAP50-95,0.4331,3863,35439,True,2026-09-12T08:36:12.482376+00:00
base_100,night,car,mAP50,0.76705,3863,35439,True,2026-09-12T08:36:12.482376+00:00
base_100,night,car,mAP75,0.41051,3863,35439,True,2026-09-12T08:36:12.482376+00:00
base_100,night,truck,mAP50-95,0.40902,3863,736,False,2026-09-12T08:36:12.482376+00:00
base_100,night,truck,mAP50,0.55295,3863,736,False,2026-09-12T08:36:12.482376+00:00
base_100,night,truck,mAP75,0.46724,3863,736,False,2026-09-12T08:36:12.482376+00:00
base_100,night,bus,mAP50-95,0.42128,3863,297,False,2026-09-12T08:36:12.482376+00:00
base_100,night,bus,mAP50,0.54484,3863,297,False,2026-09-12T08:36:12.482376+00:00
base_100,night,bus,mAP75,0.48224,3863,297,False,2026-09-12T08:36:12.482376+00:00
base_100,night,motor,mAP50-95,0.18916,3863,93,False,2026-09-12T08:36:12.482376+00:00
base_100,night,motor,mAP50,0.41824,3863,93,False,2026-09-12T08:36:12.482376+00:00
base_100,night,motor,mAP75,0.14858,3863,93,False,2026-09-12T08:36:12.482376+00:00
base_100,night,bike,mAP50-95,0.26329,3863,186,False,2026-09-12T08:36:12.482376+00:00
base_100,night,bike,mAP50,0.52967,3863,186,False,2026-09-12T08:36:12.482376+00:00
base_100,night,bike,mAP75,0.22135,3863,186,False,2026-09-12T08:36:12.482376+00:00
base_100,night_adverse,all,mAP50-95,0.36742,566,4986,True,2026-09-12T08:36:12.482376+00:00
base_100,night_adverse,all,mAP50,0.54226,566,4986,True,2026-09-12T08:36:12.482376+00:00
base_100,night_adverse,all,mAP75,0.39808,566,4986,True,2026-09-12T08:36:12.482376+00:00
base_100,night_adverse,car,mAP50-95,0.44596,566,4743,True,2026-09-12T08:36:12.482376+00:00
base_100,night_adverse,car,mAP50,0.76663,566,4743,True,2026-09-12T08:36:12.482376+00:00
base_100,night_adverse,car,mAP75,0.43672,566,4743,True,2026-09-12T08:36:12.482376+00:00
base_100,night_adverse,truck,mAP50-95,0.39115,566,156,False,2026-09-12T08:36:12.482376+00:00
base_100,night_adverse,truck,mAP50,0.54201,566,156,False,2026-09-12T08:36:12.482376+00:00
base_100,night_adverse,truck,mAP75,0.4425,566,156,False,2026-09-12T08:36:12.482376+00:00
base_100,night_adverse,bus,mAP50-95,0.54185,566,41,False,2026-09-12T08:36:12.482376+00:00
base_100,night_adverse,bus,mAP50,0.68764,566,41,False,2026-09-12T08:36:12.482376+00:00
base_100,night_adverse,bus,mAP75,0.62603,566,41,False,2026-09-12T08:36:12.482376+00:00
base_100,night_adverse,motor,mAP50-95,0.25193,566,12,False,2026-09-12T08:36:12.482376+00:00
base_100,night_adverse,motor,mAP50,0.30206,566,12,False,2026-09-12T08:36:12.482376+00:00
base_100,night_adverse,motor,mAP75,0.30206,566,12,False,2026-09-12T08:36:12.482376+00:00
base_100,night_adverse,bike,mAP50-95,0.20621,566,34,False,2026-09-12T08:36:12.482376+00:00
base_100,night_adverse,bike,mAP50,0.41297,566,34,False,2026-09-12T08:36:12.482376+00:00
base_100,night_adverse,bike,mAP75,0.1831,566,34,False,2026-09-12T08:36:12.482376+00:00
base_100,night_clear,all,mAP50-95,0.34004,3274,31550,True,2026-09-12T08:36:12.482376+00:00
base_100,night_clear,all,mAP50,0.56546,3274,31550,True,2026-09-12T08:36:12.482376+00:00
base_100,night_clear,all,mAP75,0.33804,3274,31550,True,2026-09-12T08:36:12.482376+00:00
base_100,night_clear,car,mAP50-95,0.4304,3274,30489,True,2026-09-12T08:36:12.482376+00:00
base_100,night_clear,car,mAP50,0.76563,3274,30489,True,2026-09-12T08:36:12.482376+00:00
base_100,night_clear,car,mAP75,0.40626,3274,30489,True,2026-09-12T08:36:12.482376+00:00
base_100,night_clear,truck,mAP50-95,0.41161,3274,577,False,2026-09-12T08:36:12.482376+00:00
base_100,night_clear,truck,mAP50,0.55515,3274,577,False,2026-09-12T08:36:12.482376+00:00
base_100,night_clear,truck,mAP75,0.47067,3274,577,False,2026-09-12T08:36:12.482376+00:00
base_100,night_clear,bus,mAP50-95,0.39602,3274,251,False,2026-09-12T08:36:12.482376+00:00
base_100,night_clear,bus,mAP50,0.51548,3274,251,False,2026-09-12T08:36:12.482376+00:00
base_100,night_clear,bus,mAP75,0.45158,3274,251,False,2026-09-12T08:36:12.482376+00:00
base_100,night_clear,motor,mAP50-95,0.18557,3274,81,False,2026-09-12T08:36:12.482376+00:00
base_100,night_clear,motor,mAP50,0.43535,3274,81,False,2026-09-12T08:36:12.482376+00:00
base_100,night_clear,motor,mAP75,0.13263,3274,81,False,2026-09-12T08:36:12.482376+00:00
base_100,night_clear,bike,mAP50-95,0.27661,3274,152,False,2026-09-12T08:36:12.482376+00:00
base_100,night_clear,bike,mAP50,0.55568,3274,152,False,2026-09-12T08:36:12.482376+00:00
base_100,night_clear,bike,mAP75,0.22905,3274,152,False,2026-09-12T08:36:12.482376+00:00
base_100,night_rainy,all,mAP50-95,0.41754,286,2535,True,2026-09-12T08:36:12.482376+00:00
base_100,night_rainy,all,mAP50,0.59713,286,2535,True,2026-09-12T08:36:12.482376+00:00
base_100,night_rainy,all,mAP75,0.46287,286,2535,True,2026-09-12T08:36:12.482376+00:00
base_100,night_rainy,car,mAP50-95,0.43899,286,2416,True,2026-09-12T08:36:12.482376+00:00
base_100,night_rainy,car,mAP50,0.7506,286,2416,True,2026-09-12T08:36:12.482376+00:00
base_100,night_rainy,car,mAP75,0.43238,286,2416,True,2026-09-12T08:36:12.482376+00:00
base_100,night_rainy,truck,mAP50-95,0.48167,286,72,False,2026-09-12T08:36:12.482376+00:00
base_100,night_rainy,truck,mAP50,0.65818,286,72,False,2026-09-12T08:36:12.482376+00:00
base_100,night_rainy,truck,mAP75,0.56819,286,72,False,2026-09-12T08:36:12.482376+00:00
base_100,night_rainy,bus,mAP50-95,0.61257,286,22,False,2026-09-12T08:36:12.482376+00:00
base_100,night_rainy,bus,mAP50,0.78314,286,22,False,2026-09-12T08:36:12.482376+00:00
base_100,night_rainy,bus,mAP75,0.67681,286,22,False,2026-09-12T08:36:12.482376+00:00
base_100,night_rainy,motor,mAP50-95,0.23317,286,10,False,2026-09-12T08:36:12.482376+00:00
base_100,night_rainy,motor,mAP50,0.28713,286,10,False,2026-09-12T08:36:12.482376+00:00
base_100,night_rainy,motor,mAP75,0.28713,286,10,False,2026-09-12T08:36:12.482376+00:00
base_100,night_rainy,bike,mAP50-95,0.32127,286,15,False,2026-09-12T08:36:12.482376+00:00
base_100,night_rainy,bike,mAP50,0.5066,286,15,False,2026-09-12T08:36:12.482376+00:00
base_100,night_rainy,bike,mAP75,0.34983,286,15,False,2026-09-12T08:36:12.482376+00:00
base_100,night_snowy,all,mAP50-95,0.35919,273,2374,True,2026-09-12T08:36:12.482376+00:00
base_100,night_snowy,all,mAP50,0.53014,273,2374,True,2026-09-12T08:36:12.482376+00:00
base_100,night_snowy,all,mAP75,0.37832,273,2374,True,2026-09-12T08:36:12.482376+00:00
base_100,night_snowy,car,mAP50-95,0.45591,273,2251,True,2026-09-12T08:36:12.482376+00:00
base_100,night_snowy,car,mAP50,0.79001,273,2251,True,2026-09-12T08:36:12.482376+00:00
base_100,night_snowy,car,mAP75,0.44256,273,2251,True,2026-09-12T08:36:12.482376+00:00
base_100,night_snowy,truck,mAP50-95,0.31594,273,83,False,2026-09-12T08:36:12.482376+00:00
base_100,night_snowy,truck,mAP50,0.44409,273,83,False,2026-09-12T08:36:12.482376+00:00
base_100,night_snowy,truck,mAP75,0.33546,273,83,False,2026-09-12T08:36:12.482376+00:00
base_100,night_snowy,bus,mAP50-95,0.45072,273,19,False,2026-09-12T08:36:12.482376+00:00
base_100,night_snowy,bus,mAP50,0.55841,273,19,False,2026-09-12T08:36:12.482376+00:00
base_100,night_snowy,bus,mAP75,0.55841,273,19,False,2026-09-12T08:36:12.482376+00:00
base_100,night_snowy,motor,mAP50-95,0.45446,273,2,False,2026-09-12T08:36:12.482376+00:00
base_100,night_snowy,motor,mAP50,0.50495,273,2,False,2026-09-12T08:36:12.482376+00:00
base_100,night_snowy,motor,mAP75,0.50495,273,2,False,2026-09-12T08:36:12.482376+00:00
base_100,night_snowy,bike,mAP50-95,0.11891,273,19,False,2026-09-12T08:36:12.482376+00:00
base_100,night_snowy,bike,mAP50,0.35322,273,19,False,2026-09-12T08:36:12.482376+00:00
base_100,night_snowy,bike,mAP75,0.05025,273,19,False,2026-09-12T08:36:12.482376+00:00
base_100,overcast,all,mAP50-95,0.35073,1239,15505,True,2026-09-12T08:36:12.482376+00:00
base_100,overcast,all,mAP50,0.56194,1239,15505,True,2026-09-12T08:36:12.482376+00:00
base_100,overcast,all,mAP75,0.3463,1239,15505,True,2026-09-12T08:36:12.482376+00:00
base_100,overcast,car,mAP50-95,0.51197,1239,14370,True,2026-09-12T08:36:12.482376+00:00
base_100,overcast,car,mAP50,0.81383,1239,14370,True,2026-09-12T08:36:12.482376+00:00
base_100,overcast,car,mAP75,0.517,1239,14370,True,2026-09-12T08:36:12.482376+00:00
base_100,overcast,truck,mAP50-95,0.43845,1239,660,False,2026-09-12T08:36:12.482376+00:00
base_100,overcast,truck,mAP50,0.613,1239,660,False,2026-09-12T08:36:12.482376+00:00
base_100,overcast,truck,mAP75,0.48259,1239,660,False,2026-09-12T08:36:12.482376+00:00
base_100,overcast,bus,mAP50-95,0.41185,1239,262,False,2026-09-12T08:36:12.482376+00:00
base_100,overcast,bus,mAP50,0.54155,1239,262,False,2026-09-12T08:36:12.482376+00:00
base_100,overcast,bus,mAP75,0.44194,1239,262,False,2026-09-12T08:36:12.482376+00:00
base_100,overcast,motor,mAP50-95,0.14407,1239,72,False,2026-09-12T08:36:12.482376+00:00
base_100,overcast,motor,mAP50,0.31447,1239,72,False,2026-09-12T08:36:12.482376+00:00
base_100,overcast,motor,mAP75,0.11095,1239,72,False,2026-09-12T08:36:12.482376+00:00
base_100,overcast,bike,mAP50-95,0.2473,1239,141,False,2026-09-12T08:36:12.482376+00:00
base_100,overcast,bike,mAP50,0.52685,1239,141,False,2026-09-12T08:36:12.482376+00:00
base_100,overcast,bike,mAP75,0.17903,1239,141,False,2026-09-12T08:36:12.482376+00:00
base_100,partlycloudy,all,mAP50-95,0.3597,738,9256,True,2026-09-12T08:36:12.482376+00:00
base_100,partlycloudy,all,mAP50,0.54793,738,9256,True,2026-09-12T08:36:12.482376+00:00
base_100,partlycloudy,all,mAP75,0.3678,738,9256,True,2026-09-12T08:36:12.482376+00:00
base_100,partlycloudy,car,mAP50-95,0.49404,738,8526,True,2026-09-12T08:36:12.482376+00:00
base_100,partlycloudy,car,mAP50,0.79174,738,8526,True,2026-09-12T08:36:12.482376+00:00
base_100,partlycloudy,car,mAP75,0.49791,738,8526,True,2026-09-12T08:36:12.482376+00:00
base_100,partlycloudy,truck,mAP50-95,0.44385,738,454,False,2026-09-12T08:36:12.482376+00:00
base_100,partlycloudy,truck,mAP50,0.60369,738,454,False,2026-09-12T08:36:12.482376+00:00
base_100,partlycloudy,truck,mAP75,0.47192,738,454,False,2026-09-12T08:36:12.482376+00:00
base_100,partlycloudy,bus,mAP50-95,0.45287,738,142,False,2026-09-12T08:36:12.482376+00:00
base_100,partlycloudy,bus,mAP50,0.59398,738,142,False,2026-09-12T08:36:12.482376+00:00
base_100,partlycloudy,bus,mAP75,0.47968,738,142,False,2026-09-12T08:36:12.482376+00:00
base_100,partlycloudy,motor,mAP50-95,0.22009,738,65,False,2026-09-12T08:36:12.482376+00:00
base_100,partlycloudy,motor,mAP50,0.37757,738,65,False,2026-09-12T08:36:12.482376+00:00
base_100,partlycloudy,motor,mAP75,0.22396,738,65,False,2026-09-12T08:36:12.482376+00:00
base_100,partlycloudy,bike,mAP50-95,0.18765,738,69,False,2026-09-12T08:36:12.482376+00:00
base_100,partlycloudy,bike,mAP50,0.37268,738,69,False,2026-09-12T08:36:12.482376+00:00
base_100,partlycloudy,bike,mAP75,0.16555,738,69,False,2026-09-12T08:36:12.482376+00:00
base_100,rainy,all,mAP50-95,0.36336,737,7541,True,2026-09-12T08:36:12.482376+00:00
base_100,rainy,all,mAP50,0.55034,737,7541,True,2026-09-12T08:36:12.482376+00:00
base_100,rainy,all,mAP75,0.38705,737,7541,True,2026-09-12T08:36:12.482376+00:00
base_100,rainy,car,mAP50-95,0.48721,737,6944,True,2026-09-12T08:36:12.482376+00:00
base_100,rainy,car,mAP50,0.79385,737,6944,True,2026-09-12T08:36:12.482376+00:00
base_100,rainy,car,mAP75,0.48948,737,6944,True,2026-09-12T08:36:12.482376+00:00
base_100,rainy,truck,mAP50-95,0.44611,737,378,False,2026-09-12T08:36:12.482376+00:00
base_100,rainy,truck,mAP50,0.6224,737,378,False,2026-09-12T08:36:12.482376+00:00
base_100,rainy,truck,mAP75,0.50053,737,378,False,2026-09-12T08:36:12.482376+00:00
base_100,rainy,bus,mAP50-95,0.41188,737,132,False,2026-09-12T08:36:12.482376+00:00
base_100,rainy,bus,mAP50,0.52862,737,132,False,2026-09-12T08:36:12.482376+00:00
base_100,rainy,bus,mAP75,0.44665,737,132,False,2026-09-12T08:36:12.482376+00:00
base_100,rainy,motor,mAP50-95,0.21968,737,30,False,2026-09-12T08:36:12.482376+00:00
base_100,rainy,motor,mAP50,0.31781,737,30,False,2026-09-12T08:36:12.482376+00:00
base_100,rainy,motor,mAP75,0.25472,737,30,False,2026-09-12T08:36:12.482376+00:00
base_100,rainy,bike,mAP50-95,0.25193,737,57,False,2026-09-12T08:36:12.482376+00:00
base_100,rainy,bike,mAP50,0.48904,737,57,False,2026-09-12T08:36:12.482376+00:00
base_100,rainy,bike,mAP75,0.24386,737,57,False,2026-09-12T08:36:12.482376+00:00
base_100,snowy,all,mAP50-95,0.31344,769,8080,True,2026-09-12T08:36:12.482376+00:00
base_100,snowy,all,mAP50,0.48125,769,8080,True,2026-09-12T08:36:12.482376+00:00
base_100,snowy,all,mAP75,0.32193,769,8080,True,2026-09-12T08:36:12.482376+00:00
base_100,snowy,car,mAP50-95,0.48912,769,7486,True,2026-09-12T08:36:12.482376+00:00
base_100,snowy,car,mAP50,0.79754,769,7486,True,2026-09-12T08:36:12.482376+00:00
base_100,snowy,car,mAP75,0.49212,769,7486,True,2026-09-12T08:36:12.482376+00:00
base_100,snowy,truck,mAP50-95,0.4209,769,371,False,2026-09-12T08:36:12.482376+00:00
base_100,snowy,truck,mAP50,0.58118,769,371,False,2026-09-12T08:36:12.482376+00:00
base_100,snowy,truck,mAP75,0.47214,769,371,False,2026-09-12T08:36:12.482376+00:00
base_100,snowy,bus,mAP50-95,0.36745,769,133,False,2026-09-12T08:36:12.482376+00:00
base_100,snowy,bus,mAP50,0.46862,769,133,False,2026-09-12T08:36:12.482376+00:00
base_100,snowy,bus,mAP75,0.41317,769,133,False,2026-09-12T08:36:12.482376+00:00
base_100,snowy,motor,mAP50-95,0.1505,769,9,False,2026-09-12T08:36:12.482376+00:00
base_100,snowy,motor,mAP50,0.22772,769,9,False,2026-09-12T08:36:12.482376+00:00
base_100,snowy,motor,mAP75,0.11881,769,9,False,2026-09-12T08:36:12.482376+00:00
base_100,snowy,bike,mAP50-95,0.13923,769,81,False,2026-09-12T08:36:12.482376+00:00
base_100,snowy,bike,mAP50,0.33119,769,81,False,2026-09-12T08:36:12.482376+00:00
base_100,snowy,bike,mAP75,0.11343,769,81,False,2026-09-12T08:36:12.482376+00:00
t1_100,overall,all,mAP50-95,0.33653,8841,97193,True,2026-09-12T08:36:12.482376+00:00
t1_100,overall,all,mAP50,0.54116,8841,97193,True,2026-09-12T08:36:12.482376+00:00
t1_100,overall,all,mAP75,0.33643,8841,97193,True,2026-09-12T08:36:12.482376+00:00
t1_100,overall,car,mAP50-95,0.47442,8841,91118,True,2026-09-12T08:36:12.482376+00:00
t1_100,overall,car,mAP50,0.78738,8841,91118,True,2026-09-12T08:36:12.482376+00:00
t1_100,overall,car,mAP75,0.46861,8841,91118,True,2026-09-12T08:36:12.482376+00:00
t1_100,overall,truck,mAP50-95,0.41748,8841,3608,True,2026-09-12T08:36:12.482376+00:00
t1_100,overall,truck,mAP50,0.57491,8841,3608,True,2026-09-12T08:36:12.482376+00:00
t1_100,overall,truck,mAP75,0.45697,8841,3608,True,2026-09-12T08:36:12.482376+00:00
t1_100,overall,bus,mAP50-95,0.40247,8841,1351,True,2026-09-12T08:36:12.482376+00:00
t1_100,overall,bus,mAP50,0.52604,8841,1351,True,2026-09-12T08:36:12.482376+00:00
t1_100,overall,bus,mAP75,0.44726,8841,1351,True,2026-09-12T08:36:12.482376+00:00
t1_100,overall,motor,mAP50-95,0.18272,8841,377,False,2026-09-12T08:36:12.482376+00:00
t1_100,overall,motor,mAP50,0.38693,8841,377,False,2026-09-12T08:36:12.482376+00:00
t1_100,overall,motor,mAP75,0.13997,8841,377,False,2026-09-12T08:36:12.482376+00:00
t1_100,overall,bike,mAP50-95,0.20557,8841,739,False,2026-09-12T08:36:12.482376+00:00
t1_100,overall,bike,mAP50,0.43053,8841,739,False,2026-09-12T08:36:12.482376+00:00
t1_100,overall,bike,mAP75,0.16932,8841,739,False,2026-09-12T08:36:12.482376+00:00
t1_100,adverse,all,mAP50-95,0.32522,1519,15765,True,2026-09-12T08:36:12.482376+00:00
t1_100,adverse,all,mAP50,0.50909,1519,15765,True,2026-09-12T08:36:12.482376+00:00
t1_100,adverse,all,mAP75,0.34182,1519,15765,True,2026-09-12T08:36:12.482376+00:00
t1_100,adverse,car,mAP50-95,0.48691,1519,14568,True,2026-09-12T08:36:12.482376+00:00
t1_100,adverse,car,mAP50,0.79382,1519,14568,True,2026-09-12T08:36:12.482376+00:00
t1_100,adverse,car,mAP75,0.48753,1519,14568,True,2026-09-12T08:36:12.482376+00:00
t1_100,adverse,truck,mAP50-95,0.42273,1519,754,False,2026-09-12T08:36:12.482376+00:00
t1_100,adverse,truck,mAP50,0.5927,1519,754,False,2026-09-12T08:36:12.482376+00:00
t1_100,adverse,truck,mAP75,0.47771,1519,754,False,2026-09-12T08:36:12.482376+00:00
t1_100,adverse,bus,mAP50-95,0.37856,1519,265,False,2026-09-12T08:36:12.482376+00:00
t1_100,adverse,bus,mAP50,0.48968,1519,265,False,2026-09-12T08:36:12.482376+00:00
t1_100,adverse,bus,mAP75,0.42151,1519,265,False,2026-09-12T08:36:12.482376+00:00
t1_100,adverse,motor,mAP50-95,0.15408,1519,40,False,2026-09-12T08:36:12.482376+00:00
t1_100,adverse,motor,mAP50,0.2906,1519,40,False,2026-09-12T08:36:12.482376+00:00
t1_100,adverse,motor,mAP75,0.16276,1519,40,False,2026-09-12T08:36:12.482376+00:00
t1_100,adverse,bike,mAP50-95,0.18379,1519,138,False,2026-09-12T08:36:12.482376+00:00
t1_100,adverse,bike,mAP50,0.37864,1519,138,False,2026-09-12T08:36:12.482376+00:00
t1_100,adverse,bike,mAP75,0.15959,1519,138,False,2026-09-12T08:36:12.482376+00:00
t1_100,benign,all,mAP50-95,0.33893,7322,81428,True,2026-09-12T08:36:12.482376+00:00
t1_100,benign,all,mAP50,0.54617,7322,81428,True,2026-09-12T08:36:12.482376+00:00
t1_100,benign,all,mAP75,0.33664,7322,81428,True,2026-09-12T08:36:12.482376+00:00
t1_100,benign,car,mAP50-95,0.47209,7322,76550,True,2026-09-12T08:36:12.482376+00:00
t1_100,benign,car,mAP50,0.78651,7322,76550,True,2026-09-12T08:36:12.482376+00:00
t1_100,benign,car,mAP75,0.46557,7322,76550,True,2026-09-12T08:36:12.482376+00:00
t1_100,benign,truck,mAP50-95,0.41636,7322,2854,True,2026-09-12T08:36:12.482376+00:00
t1_100,benign,truck,mAP50,0.57111,7322,2854,True,2026-09-12T08:36:12.482376+00:00
t1_100,benign,truck,mAP75,0.45202,7322,2854,True,2026-09-12T08:36:12.482376+00:00
t1_100,benign,bus,mAP50-95,0.40888,7322,1086,True,2026-09-12T08:36:12.482376+00:00
t1_100,benign,bus,mAP50,0.53328,7322,1086,True,2026-09-12T08:36:12.482376+00:00
t1_100,benign,bus,mAP75,0.45413,7322,1086,True,2026-09-12T08:36:12.482376+00:00
t1_100,benign,motor,mAP50-95,0.18677,7322,337,False,2026-09-12T08:36:12.482376+00:00
t1_100,benign,motor,mAP50,0.39783,7322,337,False,2026-09-12T08:36:12.482376+00:00
t1_100,benign,motor,mAP75,0.13965,7322,337,False,2026-09-12T08:36:12.482376+00:00
t1_100,benign,bike,mAP50-95,0.21058,7322,601,False,2026-09-12T08:36:12.482376+00:00
t1_100,benign,bike,mAP50,0.44211,7322,601,False,2026-09-12T08:36:12.482376+00:00
t1_100,benign,bike,mAP75,0.17183,7322,601,False,2026-09-12T08:36:12.482376+00:00
t1_100,clear,all,mAP50-95,0.33539,5345,56667,True,2026-09-12T08:36:12.482376+00:00
t1_100,clear,all,mAP50,0.5444,5345,56667,True,2026-09-12T08:36:12.482376+00:00
t1_100,clear,all,mAP75,0.33109,5345,56667,True,2026-09-12T08:36:12.482376+00:00
t1_100,clear,car,mAP50-95,0.45874,5345,53654,True,2026-09-12T08:36:12.482376+00:00
t1_100,clear,car,mAP50,0.77989,5345,53654,True,2026-09-12T08:36:12.482376+00:00
t1_100,clear,car,mAP75,0.44678,5345,53654,True,2026-09-12T08:36:12.482376+00:00
t1_100,clear,truck,mAP50-95,0.40392,5345,1740,True,2026-09-12T08:36:12.482376+00:00
t1_100,clear,truck,mAP50,0.55222,5345,1740,True,2026-09-12T08:36:12.482376+00:00
t1_100,clear,truck,mAP75,0.44475,5345,1740,True,2026-09-12T08:36:12.482376+00:00
t1_100,clear,bus,mAP50-95,0.40683,5345,682,False,2026-09-12T08:36:12.482376+00:00
t1_100,clear,bus,mAP50,0.5295,5345,682,False,2026-09-12T08:36:12.482376+00:00
t1_100,clear,bus,mAP75,0.45645,5345,682,False,2026-09-12T08:36:12.482376+00:00
t1_100,clear,motor,mAP50-95,0.19243,5345,200,False,2026-09-12T08:36:12.482376+00:00
t1_100,clear,motor,mAP50,0.42451,5345,200,False,2026-09-12T08:36:12.482376+00:00
t1_100,clear,motor,mAP75,0.12563,5345,200,False,2026-09-12T08:36:12.482376+00:00
t1_100,clear,bike,mAP50-95,0.21506,5345,391,False,2026-09-12T08:36:12.482376+00:00
t1_100,clear,bike,mAP50,0.43588,5345,391,False,2026-09-12T08:36:12.482376+00:00
t1_100,clear,bike,mAP75,0.18186,5345,391,False,2026-09-12T08:36:12.482376+00:00
t1_100,dawndusk,all,mAP50-95,0.36088,714,8512,True,2026-09-12T08:36:12.482376+00:00
t1_100,dawndusk,all,mAP50,0.57445,714,8512,True,2026-09-12T08:36:12.482376+00:00
t1_100,dawndusk,all,mAP75,0.36061,714,8512,True,2026-09-12T08:36:12.482376+00:00
t1_100,dawndusk,car,mAP50-95,0.49238,714,7964,True,2026-09-12T08:36:12.482376+00:00
t1_100,dawndusk,car,mAP50,0.78972,714,7964,True,2026-09-12T08:36:12.482376+00:00
t1_100,dawndusk,car,mAP75,0.50015,714,7964,True,2026-09-12T08:36:12.482376+00:00
t1_100,dawndusk,truck,mAP50-95,0.44346,714,340,False,2026-09-12T08:36:12.482376+00:00
t1_100,dawndusk,truck,mAP50,0.59963,714,340,False,2026-09-12T08:36:12.482376+00:00
t1_100,dawndusk,truck,mAP75,0.49457,714,340,False,2026-09-12T08:36:12.482376+00:00
t1_100,dawndusk,bus,mAP50-95,0.49269,714,127,False,2026-09-12T08:36:12.482376+00:00
t1_100,dawndusk,bus,mAP50,0.64464,714,127,False,2026-09-12T08:36:12.482376+00:00
t1_100,dawndusk,bus,mAP75,0.5628,714,127,False,2026-09-12T08:36:12.482376+00:00
t1_100,dawndusk,motor,mAP50-95,0.11773,714,22,False,2026-09-12T08:36:12.482376+00:00
t1_100,dawndusk,motor,mAP50,0.28206,714,22,False,2026-09-12T08:36:12.482376+00:00
t1_100,dawndusk,motor,mAP75,0.07426,714,22,False,2026-09-12T08:36:12.482376+00:00
t1_100,dawndusk,bike,mAP50-95,0.25817,714,59,False,2026-09-12T08:36:12.482376+00:00
t1_100,dawndusk,bike,mAP50,0.55619,714,59,False,2026-09-12T08:36:12.482376+00:00
t1_100,dawndusk,bike,mAP75,0.17127,714,59,False,2026-09-12T08:36:12.482376+00:00
t1_100,day,all,mAP50-95,0.34117,4264,51930,True,2026-09-12T08:36:12.482376+00:00
t1_100,day,all,mAP50,0.53878,4264,51930,True,2026-09-12T08:36:12.482376+00:00
t1_100,day,all,mAP75,0.34701,4264,51930,True,2026-09-12T08:36:12.482376+00:00
t1_100,day,car,mAP50-95,0.50117,4264,47715,True,2026-09-12T08:36:12.482376+00:00
t1_100,day,car,mAP50,0.80079,4264,47715,True,2026-09-12T08:36:12.482376+00:00
t1_100,day,car,mAP75,0.50612,4264,47715,True,2026-09-12T08:36:12.482376+00:00
t1_100,day,truck,mAP50-95,0.42147,4264,2532,True,2026-09-12T08:36:12.482376+00:00
t1_100,day,truck,mAP50,0.58082,4264,2532,True,2026-09-12T08:36:12.482376+00:00
t1_100,day,truck,mAP75,0.45879,4264,2532,True,2026-09-12T08:36:12.482376+00:00
t1_100,day,bus,mAP50-95,0.39387,4264,927,True,2026-09-12T08:36:12.482376+00:00
t1_100,day,bus,mAP50,0.51823,4264,927,True,2026-09-12T08:36:12.482376+00:00
t1_100,day,bus,mAP75,0.43394,4264,927,True,2026-09-12T08:36:12.482376+00:00
t1_100,day,motor,mAP50-95,0.19616,4264,262,False,2026-09-12T08:36:12.482376+00:00
t1_100,day,motor,mAP50,0.39183,4264,262,False,2026-09-12T08:36:12.482376+00:00
t1_100,day,motor,mAP75,0.17097,4264,262,False,2026-09-12T08:36:12.482376+00:00
t1_100,day,bike,mAP50-95,0.19316,4264,494,False,2026-09-12T08:36:12.482376+00:00
t1_100,day,bike,mAP50,0.40221,4264,494,False,2026-09-12T08:36:12.482376+00:00
t1_100,day,bike,mAP75,0.16521,4264,494,False,2026-09-12T08:36:12.482376+00:00
t1_100,day_adverse,all,mAP50-95,0.33539,823,9252,True,2026-09-12T08:36:12.482376+00:00
t1_100,day_adverse,all,mAP50,0.52132,823,9252,True,2026-09-12T08:36:12.482376+00:00
t1_100,day_adverse,all,mAP75,0.3506,823,9252,True,2026-09-12T08:36:12.482376+00:00
t1_100,day_adverse,car,mAP50-95,0.50785,823,8401,True,2026-09-12T08:36:12.482376+00:00
t1_100,day_adverse,car,mAP50,0.80911,823,8401,True,2026-09-12T08:36:12.482376+00:00
t1_100,day_adverse,car,mAP75,0.51292,823,8401,True,2026-09-12T08:36:12.482376+00:00
t1_100,day_adverse,truck,mAP50-95,0.4309,823,540,False,2026-09-12T08:36:12.482376+00:00
t1_100,day_adverse,truck,mAP50,0.60551,823,540,False,2026-09-12T08:36:12.482376+00:00
t1_100,day_adverse,truck,mAP75,0.49146,823,540,False,2026-09-12T08:36:12.482376+00:00
t1_100,day_adverse,bus,mAP50-95,0.34737,823,194,False,2026-09-12T08:36:12.482376+00:00
t1_100,day_adverse,bus,mAP50,0.45232,823,194,False,2026-09-12T08:36:12.482376+00:00
t1_100,day_adverse,bus,mAP75,0.38213,823,194,False,2026-09-12T08:36:12.482376+00:00
t1_100,day_adverse,motor,mAP50-95,0.20861,823,23,False,2026-09-12T08:36:12.482376+00:00
t1_100,day_adverse,motor,mAP50,0.36421,823,23,False,2026-09-12T08:36:12.482376+00:00
t1_100,day_adverse,motor,mAP75,0.20586,823,23,False,2026-09-12T08:36:12.482376+00:00
t1_100,day_adverse,bike,mAP50-95,0.18223,823,94,False,2026-09-12T08:36:12.482376+00:00
t1_100,day_adverse,bike,mAP50,0.37543,823,94,False,2026-09-12T08:36:12.482376+00:00
t1_100,day_adverse,bike,mAP75,0.16061,823,94,False,2026-09-12T08:36:12.482376+00:00
t1_100,day_clear,all,mAP50-95,0.34491,1764,21352,True,2026-09-12T08:36:12.482376+00:00
t1_100,day_clear,all,mAP50,0.53962,1764,21352,True,2026-09-12T08:36:12.482376+00:00
t1_100,day_clear,all,mAP75,0.35109,1764,21352,True,2026-09-12T08:36:12.482376+00:00
t1_100,day_clear,car,mAP50-95,0.49595,1764,19633,True,2026-09-12T08:36:12.482376+00:00
t1_100,day_clear,car,mAP50,0.7942,1764,19633,True,2026-09-12T08:36:12.482376+00:00
t1_100,day_clear,car,mAP75,0.4997,1764,19633,True,2026-09-12T08:36:12.482376+00:00
t1_100,day_clear,truck,mAP50-95,0.41077,1764,1021,True,2026-09-12T08:36:12.482376+00:00
t1_100,day_clear,truck,mAP50,0.55755,1764,1021,True,2026-09-12T08:36:12.482376+00:00
t1_100,day_clear,truck,mAP75,0.44635,1764,1021,True,2026-09-12T08:36:12.482376+00:00
t1_100,day_clear,bus,mAP50-95,0.41479,1764,380,False,2026-09-12T08:36:12.482376+00:00
t1_100,day_clear,bus,mAP50,0.54123,1764,380,False,2026-09-12T08:36:12.482376+00:00
t1_100,day_clear,bus,mAP75,0.46546,1764,380,False,2026-09-12T08:36:12.482376+00:00
t1_100,day_clear,motor,mAP50-95,0.21729,1764,111,False,2026-09-12T08:36:12.482376+00:00
t1_100,day_clear,motor,mAP50,0.43981,1764,111,False,2026-09-12T08:36:12.482376+00:00
t1_100,day_clear,motor,mAP75,0.17437,1764,111,False,2026-09-12T08:36:12.482376+00:00
t1_100,day_clear,bike,mAP50-95,0.18576,1764,207,False,2026-09-12T08:36:12.482376+00:00
t1_100,day_clear,bike,mAP50,0.36529,1764,207,False,2026-09-12T08:36:12.482376+00:00
t1_100,day_clear,bike,mAP75,0.16959,1764,207,False,2026-09-12T08:36:12.482376+00:00
t1_100,day_rainy,all,mAP50-95,0.36829,396,4356,True,2026-09-12T08:36:12.482376+00:00
t1_100,day_rainy,all,mAP50,0.58119,396,4356,True,2026-09-12T08:36:12.482376+00:00
t1_100,day_rainy,all,mAP75,0.38162,396,4356,True,2026-09-12T08:36:12.482376+00:00
t1_100,day_rainy,car,mAP50-95,0.51298,396,3930,True,2026-09-12T08:36:12.482376+00:00
t1_100,day_rainy,car,mAP50,0.81616,396,3930,True,2026-09-12T08:36:12.482376+00:00
t1_100,day_rainy,car,mAP75,0.52076,396,3930,True,2026-09-12T08:36:12.482376+00:00
t1_100,day_rainy,truck,mAP50-95,0.42277,396,272,False,2026-09-12T08:36:12.482376+00:00
t1_100,day_rainy,truck,mAP50,0.61039,396,272,False,2026-09-12T08:36:12.482376+00:00
t1_100,day_rainy,truck,mAP75,0.47991,396,272,False,2026-09-12T08:36:12.482376+00:00
t1_100,day_rainy,bus,mAP50-95,0.37192,396,97,False,2026-09-12T08:36:12.482376+00:00
t1_100,day_rainy,bus,mAP50,0.498,396,97,False,2026-09-12T08:36:12.482376+00:00
t1_100,day_rainy,bus,mAP75,0.40592,396,97,False,2026-09-12T08:36:12.482376+00:00
t1_100,day_rainy,motor,mAP50-95,0.28754,396,16,False,2026-09-12T08:36:12.482376+00:00
t1_100,day_rainy,motor,mAP50,0.46205,396,16,False,2026-09-12T08:36:12.482376+00:00
t1_100,day_rainy,motor,mAP75,0.30198,396,16,False,2026-09-12T08:36:12.482376+00:00
t1_100,day_rainy,bike,mAP50-95,0.24625,396,41,False,2026-09-12T08:36:12.482376+00:00
t1_100,day_rainy,bike,mAP50,0.51936,396,41,False,2026-09-12T08:36:12.482376+00:00
t1_100,day_rainy,bike,mAP75,0.19951,396,41,False,2026-09-12T08:36:12.482376+00:00
t1_100,day_snowy,all,mAP50-95,0.29203,422,4842,True,2026-09-12T08:36:12.482376+00:00
t1_100,day_snowy,all,mAP50,0.45022,422,4842,True,2026-09-12T08:36:12.482376+00:00
t1_100,day_snowy,all,mAP75,0.30407,422,4842,True,2026-09-12T08:36:12.482376+00:00
t1_100,day_snowy,car,mAP50-95,0.50351,422,4421,True,2026-09-12T08:36:12.482376+00:00
t1_100,day_snowy,car,mAP50,0.80409,422,4421,True,2026-09-12T08:36:12.482376+00:00
t1_100,day_snowy,car,mAP75,0.50622,422,4421,True,2026-09-12T08:36:12.482376+00:00
t1_100,day_snowy,truck,mAP50-95,0.44551,422,264,False,2026-09-12T08:36:12.482376+00:00
t1_100,day_snowy,truck,mAP50,0.60931,422,264,False,2026-09-12T08:36:12.482376+00:00
t1_100,day_snowy,truck,mAP75,0.50947,422,264,False,2026-09-12T08:36:12.482376+00:00
t1_100,day_snowy,bus,mAP50-95,0.32484,422,97,False,2026-09-12T08:36:12.482376+00:00
t1_100,day_snowy,bus,mAP50,0.40715,422,97,False,2026-09-12T08:36:12.482376+00:00
t1_100,day_snowy,bus,mAP75,0.36041,422,97,False,2026-09-12T08:36:12.482376+00:00
t1_100,day_snowy,motor,mAP50-95,0.04455,422,7,False,2026-09-12T08:36:12.482376+00:00
t1_100,day_snowy,motor,mAP50,0.14851,422,7,False,2026-09-12T08:36:12.482376+00:00
t1_100,day_snowy,motor,mAP75,0.0,422,7,False,2026-09-12T08:36:12.482376+00:00
t1_100,day_snowy,bike,mAP50-95,0.14174,422,53,False,2026-09-12T08:36:12.482376+00:00
t1_100,day_snowy,bike,mAP50,0.28203,422,53,False,2026-09-12T08:36:12.482376+00:00
t1_100,day_snowy,bike,mAP75,0.14426,422,53,False,2026-09-12T08:36:12.482376+00:00
t1_100,foggy,all,mAP50-95,0.23703,13,144,False,2026-09-12T08:36:12.482376+00:00
t1_100,foggy,all,mAP50,0.6463,13,144,False,2026-09-12T08:36:12.482376+00:00
t1_100,foggy,all,mAP75,0.21821,13,144,False,2026-09-12T08:36:12.482376+00:00
t1_100,foggy,car,mAP50-95,0.44477,13,138,False,2026-09-12T08:36:12.482376+00:00
t1_100,foggy,car,mAP50,0.73097,13,138,False,2026-09-12T08:36:12.482376+00:00
t1_100,foggy,car,mAP75,0.44671,13,138,False,2026-09-12T08:36:12.482376+00:00
t1_100,foggy,truck,mAP50-95,0.16634,13,5,False,2026-09-12T08:36:12.482376+00:00
t1_100,foggy,truck,mAP50,0.20792,13,5,False,2026-09-12T08:36:12.482376+00:00
t1_100,foggy,truck,mAP75,0.20792,13,5,False,2026-09-12T08:36:12.482376+00:00
t1_100,foggy,bus,mAP50-95,,13,0,False,2026-09-12T08:36:12.482376+00:00
t1_100,foggy,bus,mAP50,,13,0,False,2026-09-12T08:36:12.482376+00:00
t1_100,foggy,bus,mAP75,,13,0,False,2026-09-12T08:36:12.482376+00:00
t1_100,foggy,motor,mAP50-95,0.1,13,1,False,2026-09-12T08:36:12.482376+00:00
t1_100,foggy,motor,mAP50,1.0,13,1,False,2026-09-12T08:36:12.482376+00:00
t1_100,foggy,motor,mAP75,0.0,13,1,False,2026-09-12T08:36:12.482376+00:00
t1_100,foggy,bike,mAP50-95,,13,0,False,2026-09-12T08:36:12.482376+00:00
t1_100,foggy,bike,mAP50,,13,0,False,2026-09-12T08:36:12.482376+00:00
t1_100,foggy,bike,mAP75,,13,0,False,2026-09-12T08:36:12.482376+00:00
t1_100,night,all,mAP50-95,0.32451,3863,36751,True,2026-09-12T08:36:12.482376+00:00
t1_100,night,all,mAP50,0.53988,3863,36751,True,2026-09-12T08:36:12.482376+00:00
t1_100,night,all,mAP75,0.31277,3863,36751,True,2026-09-12T08:36:12.482376+00:00
t1_100,night,car,mAP50-95,0.43297,3863,35439,True,2026-09-12T08:36:12.482376+00:00
t1_100,night,car,mAP50,0.76817,3863,35439,True,2026-09-12T08:36:12.482376+00:00
t1_100,night,car,mAP75,0.41015,3863,35439,True,2026-09-12T08:36:12.482376+00:00
t1_100,night,truck,mAP50-95,0.39379,3863,736,False,2026-09-12T08:36:12.482376+00:00
t1_100,night,truck,mAP50,0.54568,3863,736,False,2026-09-12T08:36:12.482376+00:00
t1_100,night,truck,mAP75,0.43488,3863,736,False,2026-09-12T08:36:12.482376+00:00
t1_100,night,bus,mAP50-95,0.39501,3863,297,False,2026-09-12T08:36:12.482376+00:00
t1_100,night,bus,mAP50,0.50416,3863,297,False,2026-09-12T08:36:12.482376+00:00
t1_100,night,bus,mAP75,0.44214,3863,297,False,2026-09-12T08:36:12.482376+00:00
t1_100,night,motor,mAP50-95,0.17114,3863,93,False,2026-09-12T08:36:12.482376+00:00
t1_100,night,motor,mAP50,0.4134,3863,93,False,2026-09-12T08:36:12.482376+00:00
t1_100,night,motor,mAP75,0.09331,3863,93,False,2026-09-12T08:36:12.482376+00:00
t1_100,night,bike,mAP50-95,0.22962,3863,186,False,2026-09-12T08:36:12.482376+00:00
t1_100,night,bike,mAP50,0.468,3863,186,False,2026-09-12T08:36:12.482376+00:00
t1_100,night,bike,mAP75,0.18335,3863,186,False,2026-09-12T08:36:12.482376+00:00
t1_100,night_adverse,all,mAP50-95,0.32841,566,4986,True,2026-09-12T08:36:12.482376+00:00
t1_100,night_adverse,all,mAP50,0.50659,566,4986,True,2026-09-12T08:36:12.482376+00:00
t1_100,night_adverse,all,mAP75,0.34244,566,4986,True,2026-09-12T08:36:12.482376+00:00
t1_100,night_adverse,car,mAP50-95,0.44706,566,4743,True,2026-09-12T08:36:12.482376+00:00
t1_100,night_adverse,car,mAP50,0.76749,566,4743,True,2026-09-12T08:36:12.482376+00:00
t1_100,night_adverse,car,mAP75,0.43841,566,4743,True,2026-09-12T08:36:12.482376+00:00
t1_100,night_adverse,truck,mAP50-95,0.3692,566,156,False,2026-09-12T08:36:12.482376+00:00
t1_100,night_adverse,truck,mAP50,0.52714,566,156,False,2026-09-12T08:36:12.482376+00:00
t1_100,night_adverse,truck,mAP75,0.38996,566,156,False,2026-09-12T08:36:12.482376+00:00
t1_100,night_adverse,bus,mAP50-95,0.50633,566,41,False,2026-09-12T08:36:12.482376+00:00
t1_100,night_adverse,bus,mAP50,0.63746,566,41,False,2026-09-12T08:36:12.482376+00:00
t1_100,night_adverse,bus,mAP75,0.57955,566,41,False,2026-09-12T08:36:12.482376+00:00
t1_100,night_adverse,motor,mAP50-95,0.13877,566,12,False,2026-09-12T08:36:12.482376+00:00
t1_100,night_adverse,motor,mAP50,0.22387,566,12,False,2026-09-12T08:36:12.482376+00:00
t1_100,night_adverse,motor,mAP75,0.17401,566,12,False,2026-09-12T08:36:12.482376+00:00
t1_100,night_adverse,bike,mAP50-95,0.18069,566,34,False,2026-09-12T08:36:12.482376+00:00
t1_100,night_adverse,bike,mAP50,0.37697,566,34,False,2026-09-12T08:36:12.482376+00:00
t1_100,night_adverse,bike,mAP75,0.13026,566,34,False,2026-09-12T08:36:12.482376+00:00
t1_100,night_clear,all,mAP50-95,0.32366,3274,31550,True,2026-09-12T08:36:12.482376+00:00
t1_100,night_clear,all,mAP50,0.5445,3274,31550,True,2026-09-12T08:36:12.482376+00:00
t1_100,night_clear,all,mAP75,0.30903,3274,31550,True,2026-09-12T08:36:12.482376+00:00
t1_100,night_clear,car,mAP50-95,0.43002,3274,30489,True,2026-09-12T08:36:12.482376+00:00
t1_100,night_clear,car,mAP50,0.7681,3274,30489,True,2026-09-12T08:36:12.482376+00:00
t1_100,night_clear,car,mAP75,0.40546,3274,30489,True,2026-09-12T08:36:12.482376+00:00
t1_100,night_clear,truck,mAP50-95,0.39854,3274,577,False,2026-09-12T08:36:12.482376+00:00
t1_100,night_clear,truck,mAP50,0.54934,3274,577,False,2026-09-12T08:36:12.482376+00:00
t1_100,night_clear,truck,mAP75,0.44416,3274,577,False,2026-09-12T08:36:12.482376+00:00
t1_100,night_clear,bus,mAP50-95,0.37138,3274,251,False,2026-09-12T08:36:12.482376+00:00
t1_100,night_clear,bus,mAP50,0.4761,3274,251,False,2026-09-12T08:36:12.482376+00:00
t1_100,night_clear,bus,mAP75,0.41409,3274,251,False,2026-09-12T08:36:12.482376+00:00
t1_100,night_clear,motor,mAP50-95,0.17881,3274,81,False,2026-09-12T08:36:12.482376+00:00
t1_100,night_clear,motor,mAP50,0.44429,3274,81,False,2026-09-12T08:36:12.482376+00:00
t1_100,night_clear,motor,mAP75,0.08472,3274,81,False,2026-09-12T08:36:12.482376+00:00
t1_100,night_clear,bike,mAP50-95,0.23957,3274,152,False,2026-09-12T08:36:12.482376+00:00
t1_100,night_clear,bike,mAP50,0.48465,3274,152,False,2026-09-12T08:36:12.482376+00:00
t1_100,night_clear,bike,mAP75,0.19671,3274,152,False,2026-09-12T08:36:12.482376+00:00
t1_100,night_rainy,all,mAP50-95,0.38562,286,2535,True,2026-09-12T08:36:12.482376+00:00
t1_100,night_rainy,all,mAP50,0.57067,286,2535,True,2026-09-12T08:36:12.482376+00:00
t1_100,night_rainy,all,mAP75,0.40245,286,2535,True,2026-09-12T08:36:12.482376+00:00
t1_100,night_rainy,car,mAP50-95,0.4394,286,2416,True,2026-09-12T08:36:12.482376+00:00
t1_100,night_rainy,car,mAP50,0.75158,286,2416,True,2026-09-12T08:36:12.482376+00:00
t1_100,night_rainy,car,mAP75,0.44043,286,2416,True,2026-09-12T08:36:12.482376+00:00
t1_100,night_rainy,truck,mAP50-95,0.45466,286,72,False,2026-09-12T08:36:12.482376+00:00
t1_100,night_rainy,truck,mAP50,0.64516,286,72,False,2026-09-12T08:36:12.482376+00:00
t1_100,night_rainy,truck,mAP75,0.48883,286,72,False,2026-09-12T08:36:12.482376+00:00
t1_100,night_rainy,bus,mAP50-95,0.61625,286,22,False,2026-09-12T08:36:12.482376+00:00
t1_100,night_rainy,bus,mAP50,0.75736,286,22,False,2026-09-12T08:36:12.482376+00:00
t1_100,night_rainy,bus,mAP75,0.65594,286,22,False,2026-09-12T08:36:12.482376+00:00
t1_100,night_rainy,motor,mAP50-95,0.13846,286,10,False,2026-09-12T08:36:12.482376+00:00
t1_100,night_rainy,motor,mAP50,0.23338,286,10,False,2026-09-12T08:36:12.482376+00:00
t1_100,night_rainy,motor,mAP75,0.17162,286,10,False,2026-09-12T08:36:12.482376+00:00
t1_100,night_rainy,bike,mAP50-95,0.27932,286,15,False,2026-09-12T08:36:12.482376+00:00
t1_100,night_rainy,bike,mAP50,0.46587,286,15,False,2026-09-12T08:36:12.482376+00:00
t1_100,night_rainy,bike,mAP75,0.25545,286,15,False,2026-09-12T08:36:12.482376+00:00
t1_100,night_snowy,all,mAP50-95,0.28866,273,2374,True,2026-09-12T08:36:12.482376+00:00
t1_100,night_snowy,all,mAP50,0.4573,273,2374,True,2026-09-12T08:36:12.482376+00:00
t1_100,night_snowy,all,mAP75,0.30244,273,2374,True,2026-09-12T08:36:12.482376+00:00
t1_100,night_snowy,car,mAP50-95,0.45765,273,2251,True,2026-09-12T08:36:12.482376+00:00
t1_100,night_snowy,car,mAP50,0.79186,273,2251,True,2026-09-12T08:36:12.482376+00:00
t1_100,night_snowy,car,mAP75,0.43828,273,2251,True,2026-09-12T08:36:12.482376+00:00
t1_100,night_snowy,truck,mAP50-95,0.30163,273,83,False,2026-09-12T08:36:12.482376+00:00
t1_100,night_snowy,truck,mAP50,0.42834,273,83,False,2026-09-12T08:36:12.482376+00:00
t1_100,night_snowy,truck,mAP75,0.30927,273,83,False,2026-09-12T08:36:12.482376+00:00
t1_100,night_snowy,bus,mAP50-95,0.37417,273,19,False,2026-09-12T08:36:12.482376+00:00
t1_100,night_snowy,bus,mAP50,0.48787,273,19,False,2026-09-12T08:36:12.482376+00:00
t1_100,night_snowy,bus,mAP75,0.48787,273,19,False,2026-09-12T08:36:12.482376+00:00
t1_100,night_snowy,motor,mAP50-95,0.20198,273,2,False,2026-09-12T08:36:12.482376+00:00
t1_100,night_snowy,motor,mAP50,0.25248,273,2,False,2026-09-12T08:36:12.482376+00:00
t1_100,night_snowy,motor,mAP75,0.25248,273,2,False,2026-09-12T08:36:12.482376+00:00
t1_100,night_snowy,bike,mAP50-95,0.10789,273,19,False,2026-09-12T08:36:12.482376+00:00
t1_100,night_snowy,bike,mAP50,0.32597,273,19,False,2026-09-12T08:36:12.482376+00:00
t1_100,night_snowy,bike,mAP75,0.02428,273,19,False,2026-09-12T08:36:12.482376+00:00
t1_100,overcast,all,mAP50-95,0.3449,1239,15505,True,2026-09-12T08:36:12.482376+00:00
t1_100,overcast,all,mAP50,0.55156,1239,15505,True,2026-09-12T08:36:12.482376+00:00
t1_100,overcast,all,mAP75,0.33858,1239,15505,True,2026-09-12T08:36:12.482376+00:00
t1_100,overcast,car,mAP50-95,0.50928,1239,14370,True,2026-09-12T08:36:12.482376+00:00
t1_100,overcast,car,mAP50,0.80943,1239,14370,True,2026-09-12T08:36:12.482376+00:00
t1_100,overcast,car,mAP75,0.51576,1239,14370,True,2026-09-12T08:36:12.482376+00:00
t1_100,overcast,truck,mAP50-95,0.43566,1239,660,False,2026-09-12T08:36:12.482376+00:00
t1_100,overcast,truck,mAP50,0.60305,1239,660,False,2026-09-12T08:36:12.482376+00:00
t1_100,overcast,truck,mAP75,0.46597,1239,660,False,2026-09-12T08:36:12.482376+00:00
t1_100,overcast,bus,mAP50-95,0.4116,1239,262,False,2026-09-12T08:36:12.482376+00:00
t1_100,overcast,bus,mAP50,0.54404,1239,262,False,2026-09-12T08:36:12.482376+00:00
t1_100,overcast,bus,mAP75,0.4448,1239,262,False,2026-09-12T08:36:12.482376+00:00
t1_100,overcast,motor,mAP50-95,0.14133,1239,72,False,2026-09-12T08:36:12.482376+00:00
t1_100,overcast,motor,mAP50,0.31412,1239,72,False,2026-09-12T08:36:12.482376+00:00
t1_100,overcast,motor,mAP75,0.09963,1239,72,False,2026-09-12T08:36:12.482376+00:00
t1_100,overcast,bike,mAP50-95,0.22661,1239,141,False,2026-09-12T08:36:12.482376+00:00
t1_100,overcast,bike,mAP50,0.48718,1239,141,False,2026-09-12T08:36:12.482376+00:00
t1_100,overcast,bike,mAP75,0.16673,1239,141,False,2026-09-12T08:36:12.482376+00:00
t1_100,partlycloudy,all,mAP50-95,0.35441,738,9256,True,2026-09-12T08:36:12.482376+00:00
t1_100,partlycloudy,all,mAP50,0.55045,738,9256,True,2026-09-12T08:36:12.482376+00:00
t1_100,partlycloudy,all,mAP75,0.36963,738,9256,True,2026-09-12T08:36:12.482376+00:00
t1_100,partlycloudy,car,mAP50-95,0.49091,738,8526,True,2026-09-12T08:36:12.482376+00:00
t1_100,partlycloudy,car,mAP50,0.78569,738,8526,True,2026-09-12T08:36:12.482376+00:00
t1_100,partlycloudy,car,mAP75,0.49797,738,8526,True,2026-09-12T08:36:12.482376+00:00
t1_100,partlycloudy,truck,mAP50-95,0.44182,738,454,False,2026-09-12T08:36:12.482376+00:00
t1_100,partlycloudy,truck,mAP50,0.60307,738,454,False,2026-09-12T08:36:12.482376+00:00
t1_100,partlycloudy,truck,mAP75,0.46167,738,454,False,2026-09-12T08:36:12.482376+00:00
t1_100,partlycloudy,bus,mAP50-95,0.4168,738,142,False,2026-09-12T08:36:12.482376+00:00
t1_100,partlycloudy,bus,mAP50,0.53829,738,142,False,2026-09-12T08:36:12.482376+00:00
t1_100,partlycloudy,bus,mAP75,0.45896,738,142,False,2026-09-12T08:36:12.482376+00:00
t1_100,partlycloudy,motor,mAP50-95,0.25344,738,65,False,2026-09-12T08:36:12.482376+00:00
t1_100,partlycloudy,motor,mAP50,0.44886,738,65,False,2026-09-12T08:36:12.482376+00:00
t1_100,partlycloudy,motor,mAP75,0.27214,738,65,False,2026-09-12T08:36:12.482376+00:00
t1_100,partlycloudy,bike,mAP50-95,0.1691,738,69,False,2026-09-12T08:36:12.482376+00:00
t1_100,partlycloudy,bike,mAP50,0.37633,738,69,False,2026-09-12T08:36:12.482376+00:00
t1_100,partlycloudy,bike,mAP75,0.1574,738,69,False,2026-09-12T08:36:12.482376+00:00
t1_100,rainy,all,mAP50-95,0.35977,737,7541,True,2026-09-12T08:36:12.482376+00:00
t1_100,rainy,all,mAP50,0.55742,737,7541,True,2026-09-12T08:36:12.482376+00:00
t1_100,rainy,all,mAP75,0.37618,737,7541,True,2026-09-12T08:36:12.482376+00:00
t1_100,rainy,car,mAP50-95,0.48571,737,6944,True,2026-09-12T08:36:12.482376+00:00
t1_100,rainy,car,mAP50,0.7908,737,6944,True,2026-09-12T08:36:12.482376+00:00
t1_100,rainy,car,mAP75,0.49031,737,6944,True,2026-09-12T08:36:12.482376+00:00
t1_100,rainy,truck,mAP50-95,0.43592,737,378,False,2026-09-12T08:36:12.482376+00:00
t1_100,rainy,truck,mAP50,0.62324,737,378,False,2026-09-12T08:36:12.482376+00:00
t1_100,rainy,truck,mAP75,0.4901,737,378,False,2026-09-12T08:36:12.482376+00:00
t1_100,rainy,bus,mAP50-95,0.4266,737,132,False,2026-09-12T08:36:12.482376+00:00
t1_100,rainy,bus,mAP50,0.55661,737,132,False,2026-09-12T08:36:12.482376+00:00
t1_100,rainy,bus,mAP75,0.46663,737,132,False,2026-09-12T08:36:12.482376+00:00
t1_100,rainy,motor,mAP50-95,0.19402,737,30,False,2026-09-12T08:36:12.482376+00:00
t1_100,rainy,motor,mAP50,0.31909,737,30,False,2026-09-12T08:36:12.482376+00:00
t1_100,rainy,motor,mAP75,0.21375,737,30,False,2026-09-12T08:36:12.482376+00:00
t1_100,rainy,bike,mAP50-95,0.25661,737,57,False,2026-09-12T08:36:12.482376+00:00
t1_100,rainy,bike,mAP50,0.49734,737,57,False,2026-09-12T08:36:12.482376+00:00
t1_100,rainy,bike,mAP75,0.22009,737,57,False,2026-09-12T08:36:12.482376+00:00
t1_100,snowy,all,mAP50-95,0.28658,769,8080,True,2026-09-12T08:36:12.482376+00:00
t1_100,snowy,all,mAP50,0.44957,769,8080,True,2026-09-12T08:36:12.482376+00:00
t1_100,snowy,all,mAP75,0.29633,769,8080,True,2026-09-12T08:36:12.482376+00:00
t1_100,snowy,car,mAP50-95,0.48928,769,7486,True,2026-09-12T08:36:12.482376+00:00
t1_100,snowy,car,mAP50,0.79788,769,7486,True,2026-09-12T08:36:12.482376+00:00
t1_100,snowy,car,mAP75,0.48692,769,7486,True,2026-09-12T08:36:12.482376+00:00
t1_100,snowy,truck,mAP50-95,0.41359,769,371,False,2026-09-12T08:36:12.482376+00:00
t1_100,snowy,truck,mAP50,0.56829,769,371,False,2026-09-12T08:36:12.482376+00:00
t1_100,snowy,truck,mAP75,0.46931,769,371,False,2026-09-12T08:36:12.482376+00:00
t1_100,snowy,bus,mAP50-95,0.33336,769,133,False,2026-09-12T08:36:12.482376+00:00
t1_100,snowy,bus,mAP50,0.42543,769,133,False,2026-09-12T08:36:12.482376+00:00
t1_100,snowy,bus,mAP75,0.38043,769,133,False,2026-09-12T08:36:12.482376+00:00
t1_100,snowy,motor,mAP50-95,0.06059,769,9,False,2026-09-12T08:36:12.482376+00:00
t1_100,snowy,motor,mAP50,0.16238,769,9,False,2026-09-12T08:36:12.482376+00:00
t1_100,snowy,motor,mAP75,0.02376,769,9,False,2026-09-12T08:36:12.482376+00:00
t1_100,snowy,bike,mAP50-95,0.13609,769,81,False,2026-09-12T08:36:12.482376+00:00
t1_100,snowy,bike,mAP50,0.29389,769,81,False,2026-09-12T08:36:12.482376+00:00
t1_100,snowy,bike,mAP75,0.12121,769,81,False,2026-09-12T08:36:12.482376+00:00
base_10,overall,all,mAP50-95,0.26377,8841,97193,True,2026-09-12T08:36:12.482376+00:00
base_10,overall,all,mAP50,0.43618,8841,97193,True,2026-09-12T08:36:12.482376+00:00
base_10,overall,all,mAP75,0.26095,8841,97193,True,2026-09-12T08:36:12.482376+00:00
base_10,overall,car,mAP50-95,0.43498,8841,91118,True,2026-09-12T08:36:12.482376+00:00
base_10,overall,car,mAP50,0.74105,8841,91118,True,2026-09-12T08:36:12.482376+00:00
base_10,overall,car,mAP75,0.42453,8841,91118,True,2026-09-12T08:36:12.482376+00:00
base_10,overall,truck,mAP50-95,0.32375,8841,3608,True,2026-09-12T08:36:12.482376+00:00
base_10,overall,truck,mAP50,0.46291,8841,3608,True,2026-09-12T08:36:12.482376+00:00
base_10,overall,truck,mAP75,0.3574,8841,3608,True,2026-09-12T08:36:12.482376+00:00
base_10,overall,bus,mAP50-95,0.32605,8841,1351,True,2026-09-12T08:36:12.482376+00:00
base_10,overall,bus,mAP50,0.43833,8841,1351,True,2026-09-12T08:36:12.482376+00:00
base_10,overall,bus,mAP75,0.36686,8841,1351,True,2026-09-12T08:36:12.482376+00:00
base_10,overall,motor,mAP50-95,0.10566,8841,377,False,2026-09-12T08:36:12.482376+00:00
base_10,overall,motor,mAP50,0.23684,8841,377,False,2026-09-12T08:36:12.482376+00:00
base_10,overall,motor,mAP75,0.073,8841,377,False,2026-09-12T08:36:12.482376+00:00
base_10,overall,bike,mAP50-95,0.12841,8841,739,False,2026-09-12T08:36:12.482376+00:00
base_10,overall,bike,mAP50,0.30177,8841,739,False,2026-09-12T08:36:12.482376+00:00
base_10,overall,bike,mAP75,0.08297,8841,739,False,2026-09-12T08:36:12.482376+00:00
base_10,adverse,all,mAP50-95,0.26362,1519,15765,True,2026-09-12T08:36:12.482376+00:00
base_10,adverse,all,mAP50,0.43098,1519,15765,True,2026-09-12T08:36:12.482376+00:00
base_10,adverse,all,mAP75,0.26711,1519,15765,True,2026-09-12T08:36:12.482376+00:00
base_10,adverse,car,mAP50-95,0.44277,1519,14568,True,2026-09-12T08:36:12.482376+00:00
base_10,adverse,car,mAP50,0.74327,1519,14568,True,2026-09-12T08:36:12.482376+00:00
base_10,adverse,car,mAP75,0.4382,1519,14568,True,2026-09-12T08:36:12.482376+00:00
base_10,adverse,truck,mAP50-95,0.34024,1519,754,False,2026-09-12T08:36:12.482376+00:00
base_10,adverse,truck,mAP50,0.49446,1519,754,False,2026-09-12T08:36:12.482376+00:00
base_10,adverse,truck,mAP75,0.37699,1519,754,False,2026-09-12T08:36:12.482376+00:00
base_10,adverse,bus,mAP50-95,0.29525,1519,265,False,2026-09-12T08:36:12.482376+00:00
base_10,adverse,bus,mAP50,0.40824,1519,265,False,2026-09-12T08:36:12.482376+00:00
base_10,adverse,bus,mAP75,0.32285,1519,265,False,2026-09-12T08:36:12.482376+00:00
base_10,adverse,motor,mAP50-95,0.13322,1519,40,False,2026-09-12T08:36:12.482376+00:00
base_10,adverse,motor,mAP50,0.26212,1519,40,False,2026-09-12T08:36:12.482376+00:00
base_10,adverse,motor,mAP75,0.13706,1519,40,False,2026-09-12T08:36:12.482376+00:00
base_10,adverse,bike,mAP50-95,0.1066,1519,138,False,2026-09-12T08:36:12.482376+00:00
base_10,adverse,bike,mAP50,0.2468,1519,138,False,2026-09-12T08:36:12.482376+00:00
base_10,adverse,bike,mAP75,0.06043,1519,138,False,2026-09-12T08:36:12.482376+00:00
base_10,benign,all,mAP50-95,0.26539,7322,81428,True,2026-09-12T08:36:12.482376+00:00
base_10,benign,all,mAP50,0.43884,7322,81428,True,2026-09-12T08:36:12.482376+00:00
base_10,benign,all,mAP75,0.26253,7322,81428,True,2026-09-12T08:36:12.482376+00:00
base_10,benign,car,mAP50-95,0.43352,7322,76550,True,2026-09-12T08:36:12.482376+00:00
base_10,benign,car,mAP50,0.741,7322,76550,True,2026-09-12T08:36:12.482376+00:00
base_10,benign,car,mAP75,0.42237,7322,76550,True,2026-09-12T08:36:12.482376+00:00
base_10,benign,truck,mAP50-95,0.32024,7322,2854,True,2026-09-12T08:36:12.482376+00:00
base_10,benign,truck,mAP50,0.45598,7322,2854,True,2026-09-12T08:36:12.482376+00:00
base_10,benign,truck,mAP75,0.35308,7322,2854,True,2026-09-12T08:36:12.482376+00:00
base_10,benign,bus,mAP50-95,0.33447,7322,1086,True,2026-09-12T08:36:12.482376+00:00
base_10,benign,bus,mAP50,0.44645,7322,1086,True,2026-09-12T08:36:12.482376+00:00
base_10,benign,bus,mAP75,0.37826,7322,1086,True,2026-09-12T08:36:12.482376+00:00
base_10,benign,motor,mAP50-95,0.10389,7322,337,False,2026-09-12T08:36:12.482376+00:00
base_10,benign,motor,mAP50,0.23502,7322,337,False,2026-09-12T08:36:12.482376+00:00
base_10,benign,motor,mAP75,0.06783,7322,337,False,2026-09-12T08:36:12.482376+00:00
base_10,benign,bike,mAP50-95,0.13484,7322,601,False,2026-09-12T08:36:12.482376+00:00
base_10,benign,bike,mAP50,0.31577,7322,601,False,2026-09-12T08:36:12.482376+00:00
base_10,benign,bike,mAP75,0.0911,7322,601,False,2026-09-12T08:36:12.482376+00:00
base_10,clear,all,mAP50-95,0.26051,5345,56667,True,2026-09-12T08:36:12.482376+00:00
base_10,clear,all,mAP50,0.43007,5345,56667,True,2026-09-12T08:36:12.482376+00:00
base_10,clear,all,mAP75,0.25955,5345,56667,True,2026-09-12T08:36:12.482376+00:00
base_10,clear,car,mAP50-95,0.42101,5345,53654,True,2026-09-12T08:36:12.482376+00:00
base_10,clear,car,mAP50,0.73415,5345,53654,True,2026-09-12T08:36:12.482376+00:00
base_10,clear,car,mAP75,0.40475,5345,53654,True,2026-09-12T08:36:12.482376+00:00
base_10,clear,truck,mAP50-95,0.31432,5345,1740,True,2026-09-12T08:36:12.482376+00:00
base_10,clear,truck,mAP50,0.4456,5345,1740,True,2026-09-12T08:36:12.482376+00:00
base_10,clear,truck,mAP75,0.35228,5345,1740,True,2026-09-12T08:36:12.482376+00:00
base_10,clear,bus,mAP50-95,0.34106,5345,682,False,2026-09-12T08:36:12.482376+00:00
base_10,clear,bus,mAP50,0.45311,5345,682,False,2026-09-12T08:36:12.482376+00:00
base_10,clear,bus,mAP75,0.38716,5345,682,False,2026-09-12T08:36:12.482376+00:00
base_10,clear,motor,mAP50-95,0.09727,5345,200,False,2026-09-12T08:36:12.482376+00:00
base_10,clear,motor,mAP50,0.22548,5345,200,False,2026-09-12T08:36:12.482376+00:00
base_10,clear,motor,mAP75,0.0596,5345,200,False,2026-09-12T08:36:12.482376+00:00
base_10,clear,bike,mAP50-95,0.12887,5345,391,False,2026-09-12T08:36:12.482376+00:00
base_10,clear,bike,mAP50,0.29202,5345,391,False,2026-09-12T08:36:12.482376+00:00
base_10,clear,bike,mAP75,0.09398,5345,391,False,2026-09-12T08:36:12.482376+00:00
base_10,dawndusk,all,mAP50-95,0.27528,714,8512,True,2026-09-12T08:36:12.482376+00:00
base_10,dawndusk,all,mAP50,0.4556,714,8512,True,2026-09-12T08:36:12.482376+00:00
base_10,dawndusk,all,mAP75,0.26705,714,8512,True,2026-09-12T08:36:12.482376+00:00
base_10,dawndusk,car,mAP50-95,0.45171,714,7964,True,2026-09-12T08:36:12.482376+00:00
base_10,dawndusk,car,mAP50,0.74477,714,7964,True,2026-09-12T08:36:12.482376+00:00
base_10,dawndusk,car,mAP75,0.45277,714,7964,True,2026-09-12T08:36:12.482376+00:00
base_10,dawndusk,truck,mAP50-95,0.33659,714,340,False,2026-09-12T08:36:12.482376+00:00
base_10,dawndusk,truck,mAP50,0.4796,714,340,False,2026-09-12T08:36:12.482376+00:00
base_10,dawndusk,truck,mAP75,0.37032,714,340,False,2026-09-12T08:36:12.482376+00:00
base_10,dawndusk,bus,mAP50-95,0.37545,714,127,False,2026-09-12T08:36:12.482376+00:00
base_10,dawndusk,bus,mAP50,0.50251,714,127,False,2026-09-12T08:36:12.482376+00:00
base_10,dawndusk,bus,mAP75,0.42723,714,127,False,2026-09-12T08:36:12.482376+00:00
base_10,dawndusk,motor,mAP50-95,0.05392,714,22,False,2026-09-12T08:36:12.482376+00:00
base_10,dawndusk,motor,mAP50,0.16042,714,22,False,2026-09-12T08:36:12.482376+00:00
base_10,dawndusk,motor,mAP75,0.01296,714,22,False,2026-09-12T08:36:12.482376+00:00
base_10,dawndusk,bike,mAP50-95,0.15872,714,59,False,2026-09-12T08:36:12.482376+00:00
base_10,dawndusk,bike,mAP50,0.39071,714,59,False,2026-09-12T08:36:12.482376+00:00
base_10,dawndusk,bike,mAP75,0.072,714,59,False,2026-09-12T08:36:12.482376+00:00
base_10,day,all,mAP50-95,0.26629,4264,51930,True,2026-09-12T08:36:12.482376+00:00
base_10,day,all,mAP50,0.43482,4264,51930,True,2026-09-12T08:36:12.482376+00:00
base_10,day,all,mAP75,0.26425,4264,51930,True,2026-09-12T08:36:12.482376+00:00
base_10,day,car,mAP50-95,0.4582,4264,47715,True,2026-09-12T08:36:12.482376+00:00
base_10,day,car,mAP50,0.75151,4264,47715,True,2026-09-12T08:36:12.482376+00:00
base_10,day,car,mAP75,0.45712,4264,47715,True,2026-09-12T08:36:12.482376+00:00
base_10,day,truck,mAP50-95,0.32249,4264,2532,True,2026-09-12T08:36:12.482376+00:00
base_10,day,truck,mAP50,0.46019,4264,2532,True,2026-09-12T08:36:12.482376+00:00
base_10,day,truck,mAP75,0.35486,4264,2532,True,2026-09-12T08:36:12.482376+00:00
base_10,day,bus,mAP50-95,0.30868,4264,927,True,2026-09-12T08:36:12.482376+00:00
base_10,day,bus,mAP50,0.41883,4264,927,True,2026-09-12T08:36:12.482376+00:00
base_10,day,bus,mAP75,0.34252,4264,927,True,2026-09-12T08:36:12.482376+00:00
base_10,day,motor,mAP50-95,0.11973,4264,262,False,2026-09-12T08:36:12.482376+00:00
base_10,day,motor,mAP50,0.26279,4264,262,False,2026-09-12T08:36:12.482376+00:00
base_10,day,motor,mAP75,0.08133,4264,262,False,2026-09-12T08:36:12.482376+00:00
base_10,day,bike,mAP50-95,0.12233,4264,494,False,2026-09-12T08:36:12.482376+00:00
base_10,day,bike,mAP50,0.28078,4264,494,False,2026-09-12T08:36:12.482376+00:00
base_10,day,bike,mAP75,0.08543,4264,494,False,2026-09-12T08:36:12.482376+00:00
base_10,day_adverse,all,mAP50-95,0.26947,823,9252,True,2026-09-12T08:36:12.482376+00:00
base_10,day_adverse,all,mAP50,0.43846,823,9252,True,2026-09-12T08:36:12.482376+00:00
base_10,day_adverse,all,mAP75,0.28142,823,9252,True,2026-09-12T08:36:12.482376+00:00
base_10,day_adverse,car,mAP50-95,0.46128,823,8401,True,2026-09-12T08:36:12.482376+00:00
base_10,day_adverse,car,mAP50,0.75616,823,8401,True,2026-09-12T08:36:12.482376+00:00
base_10,day_adverse,car,mAP75,0.46072,823,8401,True,2026-09-12T08:36:12.482376+00:00
base_10,day_adverse,truck,mAP50-95,0.35622,823,540,False,2026-09-12T08:36:12.482376+00:00
base_10,day_adverse,truck,mAP50,0.51151,823,540,False,2026-09-12T08:36:12.482376+00:00
base_10,day_adverse,truck,mAP75,0.39679,823,540,False,2026-09-12T08:36:12.482376+00:00
base_10,day_adverse,bus,mAP50-95,0.26905,823,194,False,2026-09-12T08:36:12.482376+00:00
base_10,day_adverse,bus,mAP50,0.3837,823,194,False,2026-09-12T08:36:12.482376+00:00
base_10,day_adverse,bus,mAP75,0.2885,823,194,False,2026-09-12T08:36:12.482376+00:00
base_10,day_adverse,motor,mAP50-95,0.14582,823,23,False,2026-09-12T08:36:12.482376+00:00
base_10,day_adverse,motor,mAP50,0.27922,823,23,False,2026-09-12T08:36:12.482376+00:00
base_10,day_adverse,motor,mAP75,0.19095,823,23,False,2026-09-12T08:36:12.482376+00:00
base_10,day_adverse,bike,mAP50-95,0.115,823,94,False,2026-09-12T08:36:12.482376+00:00
base_10,day_adverse,bike,mAP50,0.26172,823,94,False,2026-09-12T08:36:12.482376+00:00
base_10,day_adverse,bike,mAP75,0.07014,823,94,False,2026-09-12T08:36:12.482376+00:00
base_10,day_clear,all,mAP50-95,0.26073,1764,21352,True,2026-09-12T08:36:12.482376+00:00
base_10,day_clear,all,mAP50,0.41837,1764,21352,True,2026-09-12T08:36:12.482376+00:00
base_10,day_clear,all,mAP75,0.26161,1764,21352,True,2026-09-12T08:36:12.482376+00:00
base_10,day_clear,car,mAP50-95,0.45262,1764,19633,True,2026-09-12T08:36:12.482376+00:00
base_10,day_clear,car,mAP50,0.74434,1764,19633,True,2026-09-12T08:36:12.482376+00:00
base_10,day_clear,car,mAP75,0.45003,1764,19633,True,2026-09-12T08:36:12.482376+00:00
base_10,day_clear,truck,mAP50-95,0.31131,1764,1021,True,2026-09-12T08:36:12.482376+00:00
base_10,day_clear,truck,mAP50,0.43666,1764,1021,True,2026-09-12T08:36:12.482376+00:00
base_10,day_clear,truck,mAP75,0.34641,1764,1021,True,2026-09-12T08:36:12.482376+00:00
base_10,day_clear,bus,mAP50-95,0.32237,1764,380,False,2026-09-12T08:36:12.482376+00:00
base_10,day_clear,bus,mAP50,0.42666,1764,380,False,2026-09-12T08:36:12.482376+00:00
base_10,day_clear,bus,mAP75,0.36196,1764,380,False,2026-09-12T08:36:12.482376+00:00
base_10,day_clear,motor,mAP50-95,0.1176,1764,111,False,2026-09-12T08:36:12.482376+00:00
base_10,day_clear,motor,mAP50,0.26656,1764,111,False,2026-09-12T08:36:12.482376+00:00
base_10,day_clear,motor,mAP75,0.06628,1764,111,False,2026-09-12T08:36:12.482376+00:00
base_10,day_clear,bike,mAP50-95,0.09976,1764,207,False,2026-09-12T08:36:12.482376+00:00
base_10,day_clear,bike,mAP50,0.21761,1764,207,False,2026-09-12T08:36:12.482376+00:00
base_10,day_clear,bike,mAP75,0.08336,1764,207,False,2026-09-12T08:36:12.482376+00:00
base_10,day_rainy,all,mAP50-95,0.28408,396,4356,True,2026-09-12T08:36:12.482376+00:00
base_10,day_rainy,all,mAP50,0.46563,396,4356,True,2026-09-12T08:36:12.482376+00:00
base_10,day_rainy,all,mAP75,0.29622,396,4356,True,2026-09-12T08:36:12.482376+00:00
base_10,day_rainy,car,mAP50-95,0.46986,396,3930,True,2026-09-12T08:36:12.482376+00:00
base_10,day_rainy,car,mAP50,0.76643,396,3930,True,2026-09-12T08:36:12.482376+00:00
base_10,day_rainy,car,mAP75,0.46992,396,3930,True,2026-09-12T08:36:12.482376+00:00
base_10,day_rainy,truck,mAP50-95,0.36212,396,272,False,2026-09-12T08:36:12.482376+00:00
base_10,day_rainy,truck,mAP50,0.52497,396,272,False,2026-09-12T08:36:12.482376+00:00
base_10,day_rainy,truck,mAP75,0.39373,396,272,False,2026-09-12T08:36:12.482376+00:00
base_10,day_rainy,bus,mAP50-95,0.26962,396,97,False,2026-09-12T08:36:12.482376+00:00
base_10,day_rainy,bus,mAP50,0.39344,396,97,False,2026-09-12T08:36:12.482376+00:00
base_10,day_rainy,bus,mAP75,0.29987,396,97,False,2026-09-12T08:36:12.482376+00:00
base_10,day_rainy,motor,mAP50-95,0.18159,396,16,False,2026-09-12T08:36:12.482376+00:00
base_10,day_rainy,motor,mAP50,0.34006,396,16,False,2026-09-12T08:36:12.482376+00:00
base_10,day_rainy,motor,mAP75,0.2161,396,16,False,2026-09-12T08:36:12.482376+00:00
base_10,day_rainy,bike,mAP50-95,0.1372,396,41,False,2026-09-12T08:36:12.482376+00:00
base_10,day_rainy,bike,mAP50,0.30327,396,41,False,2026-09-12T08:36:12.482376+00:00
base_10,day_rainy,bike,mAP75,0.10149,396,41,False,2026-09-12T08:36:12.482376+00:00
base_10,day_snowy,all,mAP50-95,0.25518,422,4842,True,2026-09-12T08:36:12.482376+00:00
base_10,day_snowy,all,mAP50,0.40922,422,4842,True,2026-09-12T08:36:12.482376+00:00
base_10,day_snowy,all,mAP75,0.26759,422,4842,True,2026-09-12T08:36:12.482376+00:00
base_10,day_snowy,car,mAP50-95,0.4547,422,4421,True,2026-09-12T08:36:12.482376+00:00
base_10,day_snowy,car,mAP50,0.7471,422,4421,True,2026-09-12T08:36:12.482376+00:00
base_10,day_snowy,car,mAP75,0.45374,422,4421,True,2026-09-12T08:36:12.482376+00:00
base_10,day_snowy,truck,mAP50-95,0.35774,422,264,False,2026-09-12T08:36:12.482376+00:00
base_10,day_snowy,truck,mAP50,0.50703,422,264,False,2026-09-12T08:36:12.482376+00:00
base_10,day_snowy,truck,mAP75,0.40821,422,264,False,2026-09-12T08:36:12.482376+00:00
base_10,day_snowy,bus,mAP50-95,0.27206,422,97,False,2026-09-12T08:36:12.482376+00:00
base_10,day_snowy,bus,mAP50,0.37968,422,97,False,2026-09-12T08:36:12.482376+00:00
base_10,day_snowy,bus,mAP75,0.28017,422,97,False,2026-09-12T08:36:12.482376+00:00
base_10,day_snowy,motor,mAP50-95,0.09521,422,7,False,2026-09-12T08:36:12.482376+00:00
base_10,day_snowy,motor,mAP50,0.18647,422,7,False,2026-09-12T08:36:12.482376+00:00
base_10,day_snowy,motor,mAP75,0.14851,422,7,False,2026-09-12T08:36:12.482376+00:00
base_10,day_snowy,bike,mAP50-95,0.09619,422,53,False,2026-09-12T08:36:12.482376+00:00
base_10,day_snowy,bike,mAP50,0.22581,422,53,False,2026-09-12T08:36:12.482376+00:00
base_10,day_snowy,bike,mAP75,0.0473,422,53,False,2026-09-12T08:36:12.482376+00:00
base_10,foggy,all,mAP50-95,0.25106,13,144,False,2026-09-12T08:36:12.482376+00:00
base_10,foggy,all,mAP50,0.63957,13,144,False,2026-09-12T08:36:12.482376+00:00
base_10,foggy,all,mAP75,0.19998,13,144,False,2026-09-12T08:36:12.482376+00:00
base_10,foggy,car,mAP50-95,0.40652,13,138,False,2026-09-12T08:36:12.482376+00:00
base_10,foggy,car,mAP50,0.6998,13,138,False,2026-09-12T08:36:12.482376+00:00
base_10,foggy,car,mAP75,0.39203,13,138,False,2026-09-12T08:36:12.482376+00:00
base_10,foggy,truck,mAP50-95,0.14664,13,5,False,2026-09-12T08:36:12.482376+00:00
base_10,foggy,truck,mAP50,0.21892,13,5,False,2026-09-12T08:36:12.482376+00:00
base_10,foggy,truck,mAP75,0.20792,13,5,False,2026-09-12T08:36:12.482376+00:00
base_10,foggy,bus,mAP50-95,,13,0,False,2026-09-12T08:36:12.482376+00:00
base_10,foggy,bus,mAP50,,13,0,False,2026-09-12T08:36:12.482376+00:00
base_10,foggy,bus,mAP75,,13,0,False,2026-09-12T08:36:12.482376+00:00
base_10,foggy,motor,mAP50-95,0.2,13,1,False,2026-09-12T08:36:12.482376+00:00
base_10,foggy,motor,mAP50,1.0,13,1,False,2026-09-12T08:36:12.482376+00:00
base_10,foggy,motor,mAP75,0.0,13,1,False,2026-09-12T08:36:12.482376+00:00
base_10,foggy,bike,mAP50-95,,13,0,False,2026-09-12T08:36:12.482376+00:00
base_10,foggy,bike,mAP50,,13,0,False,2026-09-12T08:36:12.482376+00:00
base_10,foggy,bike,mAP75,,13,0,False,2026-09-12T08:36:12.482376+00:00
base_10,night,all,mAP50-95,0.26509,3863,36751,True,2026-09-12T08:36:12.482376+00:00
base_10,night,all,mAP50,0.44231,3863,36751,True,2026-09-12T08:36:12.482376+00:00
base_10,night,all,mAP75,0.26611,3863,36751,True,2026-09-12T08:36:12.482376+00:00
base_10,night,car,mAP50-95,0.39915,3863,35439,True,2026-09-12T08:36:12.482376+00:00
base_10,night,car,mAP50,0.72604,3863,35439,True,2026-09-12T08:36:12.482376+00:00
base_10,night,car,mAP75,0.37422,3863,35439,True,2026-09-12T08:36:12.482376+00:00
base_10,night,truck,mAP50-95,0.32328,3863,736,False,2026-09-12T08:36:12.482376+00:00
base_10,night,truck,mAP50,0.4676,3863,736,False,2026-09-12T08:36:12.482376+00:00
base_10,night,truck,mAP75,0.36252,3863,736,False,2026-09-12T08:36:12.482376+00:00
base_10,night,bus,mAP50-95,0.36504,3863,297,False,2026-09-12T08:36:12.482376+00:00
base_10,night,bus,mAP50,0.47924,3863,297,False,2026-09-12T08:36:12.482376+00:00
base_10,night,bus,mAP75,0.42261,3863,297,False,2026-09-12T08:36:12.482376+00:00
base_10,night,motor,mAP50-95,0.09215,3863,93,False,2026-09-12T08:36:12.482376+00:00
base_10,night,motor,mAP50,0.20453,3863,93,False,2026-09-12T08:36:12.482376+00:00
base_10,night,motor,mAP75,0.07785,3863,93,False,2026-09-12T08:36:12.482376+00:00
base_10,night,bike,mAP50-95,0.14584,3863,186,False,2026-09-12T08:36:12.482376+00:00
base_10,night,bike,mAP50,0.33416,3863,186,False,2026-09-12T08:36:12.482376+00:00
base_10,night,bike,mAP75,0.09336,3863,186,False,2026-09-12T08:36:12.482376+00:00
base_10,night_adverse,all,mAP50-95,0.28131,566,4986,True,2026-09-12T08:36:12.482376+00:00
base_10,night_adverse,all,mAP50,0.44619,566,4986,True,2026-09-12T08:36:12.482376+00:00
base_10,night_adverse,all,mAP75,0.28038,566,4986,True,2026-09-12T08:36:12.482376+00:00
base_10,night_adverse,car,mAP50-95,0.409,566,4743,True,2026-09-12T08:36:12.482376+00:00
base_10,night_adverse,car,mAP50,0.72449,566,4743,True,2026-09-12T08:36:12.482376+00:00
base_10,night_adverse,car,mAP75,0.39474,566,4743,True,2026-09-12T08:36:12.482376+00:00
base_10,night_adverse,truck,mAP50-95,0.29405,566,156,False,2026-09-12T08:36:12.482376+00:00
base_10,night_adverse,truck,mAP50,0.43955,566,156,False,2026-09-12T08:36:12.482376+00:00
base_10,night_adverse,truck,mAP75,0.325,566,156,False,2026-09-12T08:36:12.482376+00:00
base_10,night_adverse,bus,mAP50-95,0.44626,566,41,False,2026-09-12T08:36:12.482376+00:00
base_10,night_adverse,bus,mAP50,0.56752,566,41,False,2026-09-12T08:36:12.482376+00:00
base_10,night_adverse,bus,mAP75,0.51711,566,41,False,2026-09-12T08:36:12.482376+00:00
base_10,night_adverse,motor,mAP50-95,0.163,566,12,False,2026-09-12T08:36:12.482376+00:00
base_10,night_adverse,motor,mAP50,0.28659,566,12,False,2026-09-12T08:36:12.482376+00:00
base_10,night_adverse,motor,mAP75,0.11386,566,12,False,2026-09-12T08:36:12.482376+00:00
base_10,night_adverse,bike,mAP50-95,0.09424,566,34,False,2026-09-12T08:36:12.482376+00:00
base_10,night_adverse,bike,mAP50,0.21279,566,34,False,2026-09-12T08:36:12.482376+00:00
base_10,night_adverse,bike,mAP75,0.05118,566,34,False,2026-09-12T08:36:12.482376+00:00
base_10,night_clear,all,mAP50-95,0.26303,3274,31550,True,2026-09-12T08:36:12.482376+00:00
base_10,night_clear,all,mAP50,0.44421,3274,31550,True,2026-09-12T08:36:12.482376+00:00
base_10,night_clear,all,mAP75,0.26338,3274,31550,True,2026-09-12T08:36:12.482376+00:00
base_10,night_clear,car,mAP50-95,0.3972,3274,30489,True,2026-09-12T08:36:12.482376+00:00
base_10,night_clear,car,mAP50,0.72619,3274,30489,True,2026-09-12T08:36:12.482376+00:00
base_10,night_clear,car,mAP75,0.3701,3274,30489,True,2026-09-12T08:36:12.482376+00:00
base_10,night_clear,truck,mAP50-95,0.33023,3274,577,False,2026-09-12T08:36:12.482376+00:00
base_10,night_clear,truck,mAP50,0.47468,3274,577,False,2026-09-12T08:36:12.482376+00:00
base_10,night_clear,truck,mAP75,0.37044,3274,577,False,2026-09-12T08:36:12.482376+00:00
base_10,night_clear,bus,mAP50-95,0.34541,3274,251,False,2026-09-12T08:36:12.482376+00:00
base_10,night_clear,bus,mAP50,0.4578,3274,251,False,2026-09-12T08:36:12.482376+00:00
base_10,night_clear,bus,mAP75,0.39992,3274,251,False,2026-09-12T08:36:12.482376+00:00
base_10,night_clear,motor,mAP50-95,0.0841,3274,81,False,2026-09-12T08:36:12.482376+00:00
base_10,night_clear,motor,mAP50,0.19526,3274,81,False,2026-09-12T08:36:12.482376+00:00
base_10,night_clear,motor,mAP75,0.0756,3274,81,False,2026-09-12T08:36:12.482376+00:00
base_10,night_clear,bike,mAP50-95,0.15818,3274,152,False,2026-09-12T08:36:12.482376+00:00
base_10,night_clear,bike,mAP50,0.36715,3274,152,False,2026-09-12T08:36:12.482376+00:00
base_10,night_clear,bike,mAP75,0.10086,3274,152,False,2026-09-12T08:36:12.482376+00:00
base_10,night_rainy,all,mAP50-95,0.33098,286,2535,True,2026-09-12T08:36:12.482376+00:00
base_10,night_rainy,all,mAP50,0.50773,286,2535,True,2026-09-12T08:36:12.482376+00:00
base_10,night_rainy,all,mAP75,0.34242,286,2535,True,2026-09-12T08:36:12.482376+00:00
base_10,night_rainy,car,mAP50-95,0.40383,286,2416,True,2026-09-12T08:36:12.482376+00:00
base_10,night_rainy,car,mAP50,0.707,286,2416,True,2026-09-12T08:36:12.482376+00:00
base_10,night_rainy,car,mAP75,0.39625,286,2416,True,2026-09-12T08:36:12.482376+00:00
base_10,night_rainy,truck,mAP50-95,0.34539,286,72,False,2026-09-12T08:36:12.482376+00:00
base_10,night_rainy,truck,mAP50,0.50871,286,72,False,2026-09-12T08:36:12.482376+00:00
base_10,night_rainy,truck,mAP75,0.3934,286,72,False,2026-09-12T08:36:12.482376+00:00
base_10,night_rainy,bus,mAP50-95,0.54781,286,22,False,2026-09-12T08:36:12.482376+00:00
base_10,night_rainy,bus,mAP50,0.69651,286,22,False,2026-09-12T08:36:12.482376+00:00
base_10,night_rainy,bus,mAP75,0.59621,286,22,False,2026-09-12T08:36:12.482376+00:00
base_10,night_rainy,motor,mAP50-95,0.18323,286,10,False,2026-09-12T08:36:12.482376+00:00
base_10,night_rainy,motor,mAP50,0.31962,286,10,False,2026-09-12T08:36:12.482376+00:00
base_10,night_rainy,motor,mAP75,0.14109,286,10,False,2026-09-12T08:36:12.482376+00:00
base_10,night_rainy,bike,mAP50-95,0.17462,286,15,False,2026-09-12T08:36:12.482376+00:00
base_10,night_rainy,bike,mAP50,0.30682,286,15,False,2026-09-12T08:36:12.482376+00:00
base_10,night_rainy,bike,mAP75,0.18515,286,15,False,2026-09-12T08:36:12.482376+00:00
base_10,night_snowy,all,mAP50-95,0.23177,273,2374,True,2026-09-12T08:36:12.482376+00:00
base_10,night_snowy,all,mAP50,0.37623,273,2374,True,2026-09-12T08:36:12.482376+00:00
base_10,night_snowy,all,mAP75,0.22287,273,2374,True,2026-09-12T08:36:12.482376+00:00
base_10,night_snowy,car,mAP50-95,0.41701,273,2251,True,2026-09-12T08:36:12.482376+00:00
base_10,night_snowy,car,mAP50,0.74866,273,2251,True,2026-09-12T08:36:12.482376+00:00
base_10,night_snowy,car,mAP75,0.39491,273,2251,True,2026-09-12T08:36:12.482376+00:00
base_10,night_snowy,truck,mAP50-95,0.25638,273,83,False,2026-09-12T08:36:12.482376+00:00
base_10,night_snowy,truck,mAP50,0.38521,273,83,False,2026-09-12T08:36:12.482376+00:00
base_10,night_snowy,truck,mAP75,0.27169,273,83,False,2026-09-12T08:36:12.482376+00:00
base_10,night_snowy,bus,mAP50-95,0.35058,273,19,False,2026-09-12T08:36:12.482376+00:00
base_10,night_snowy,bus,mAP50,0.44316,273,19,False,2026-09-12T08:36:12.482376+00:00
base_10,night_snowy,bus,mAP75,0.44012,273,19,False,2026-09-12T08:36:12.482376+00:00
base_10,night_snowy,motor,mAP50-95,0.08416,273,2,False,2026-09-12T08:36:12.482376+00:00
base_10,night_snowy,motor,mAP50,0.16832,273,2,False,2026-09-12T08:36:12.482376+00:00
base_10,night_snowy,motor,mAP75,0.0,273,2,False,2026-09-12T08:36:12.482376+00:00
base_10,night_snowy,bike,mAP50-95,0.05074,273,19,False,2026-09-12T08:36:12.482376+00:00
base_10,night_snowy,bike,mAP50,0.13578,273,19,False,2026-09-12T08:36:12.482376+00:00
base_10,night_snowy,bike,mAP75,0.0076,273,19,False,2026-09-12T08:36:12.482376+00:00
base_10,overcast,all,mAP50-95,0.27553,1239,15505,True,2026-09-12T08:36:12.482376+00:00
base_10,overcast,all,mAP50,0.46263,1239,15505,True,2026-09-12T08:36:12.482376+00:00
base_10,overcast,all,mAP75,0.2634,1239,15505,True,2026-09-12T08:36:12.482376+00:00
base_10,overcast,car,mAP50-95,0.46874,1239,14370,True,2026-09-12T08:36:12.482376+00:00
base_10,overcast,car,mAP50,0.76513,1239,14370,True,2026-09-12T08:36:12.482376+00:00
base_10,overcast,car,mAP75,0.46899,1239,14370,True,2026-09-12T08:36:12.482376+00:00
base_10,overcast,truck,mAP50-95,0.33418,1239,660,False,2026-09-12T08:36:12.482376+00:00
base_10,overcast,truck,mAP50,0.48286,1239,660,False,2026-09-12T08:36:12.482376+00:00
base_10,overcast,truck,mAP75,0.36025,1239,660,False,2026-09-12T08:36:12.482376+00:00
base_10,overcast,bus,mAP50-95,0.31721,1239,262,False,2026-09-12T08:36:12.482376+00:00
base_10,overcast,bus,mAP50,0.42887,1239,262,False,2026-09-12T08:36:12.482376+00:00
base_10,overcast,bus,mAP75,0.35258,1239,262,False,2026-09-12T08:36:12.482376+00:00
base_10,overcast,motor,mAP50-95,0.0963,1239,72,False,2026-09-12T08:36:12.482376+00:00
base_10,overcast,motor,mAP50,0.241,1239,72,False,2026-09-12T08:36:12.482376+00:00
base_10,overcast,motor,mAP75,0.04837,1239,72,False,2026-09-12T08:36:12.482376+00:00
base_10,overcast,bike,mAP50-95,0.16121,1239,141,False,2026-09-12T08:36:12.482376+00:00
base_10,overcast,bike,mAP50,0.39532,1239,141,False,2026-09-12T08:36:12.482376+00:00
base_10,overcast,bike,mAP75,0.08682,1239,141,False,2026-09-12T08:36:12.482376+00:00
base_10,partlycloudy,all,mAP50-95,0.28633,738,9256,True,2026-09-12T08:36:12.482376+00:00
base_10,partlycloudy,all,mAP50,0.45574,738,9256,True,2026-09-12T08:36:12.482376+00:00
base_10,partlycloudy,all,mAP75,0.2924,738,9256,True,2026-09-12T08:36:12.482376+00:00
base_10,partlycloudy,car,mAP50-95,0.45232,738,8526,True,2026-09-12T08:36:12.482376+00:00
base_10,partlycloudy,car,mAP50,0.73991,738,8526,True,2026-09-12T08:36:12.482376+00:00
base_10,partlycloudy,car,mAP75,0.455,738,8526,True,2026-09-12T08:36:12.482376+00:00
base_10,partlycloudy,truck,mAP50-95,0.3274,738,454,False,2026-09-12T08:36:12.482376+00:00
base_10,partlycloudy,truck,mAP50,0.4616,738,454,False,2026-09-12T08:36:12.482376+00:00
base_10,partlycloudy,truck,mAP75,0.35125,738,454,False,2026-09-12T08:36:12.482376+00:00
base_10,partlycloudy,bus,mAP50-95,0.34956,738,142,False,2026-09-12T08:36:12.482376+00:00
base_10,partlycloudy,bus,mAP50,0.46468,738,142,False,2026-09-12T08:36:12.482376+00:00
base_10,partlycloudy,bus,mAP75,0.39972,738,142,False,2026-09-12T08:36:12.482376+00:00
base_10,partlycloudy,motor,mAP50-95,0.16145,738,65,False,2026-09-12T08:36:12.482376+00:00
base_10,partlycloudy,motor,mAP50,0.30338,738,65,False,2026-09-12T08:36:12.482376+00:00
base_10,partlycloudy,motor,mAP75,0.14175,738,65,False,2026-09-12T08:36:12.482376+00:00
base_10,partlycloudy,bike,mAP50-95,0.14093,738,69,False,2026-09-12T08:36:12.482376+00:00
base_10,partlycloudy,bike,mAP50,0.30911,738,69,False,2026-09-12T08:36:12.482376+00:00
base_10,partlycloudy,bike,mAP75,0.11429,738,69,False,2026-09-12T08:36:12.482376+00:00
base_10,rainy,all,mAP50-95,0.28692,737,7541,True,2026-09-12T08:36:12.482376+00:00
base_10,rainy,all,mAP50,0.4648,737,7541,True,2026-09-12T08:36:12.482376+00:00
base_10,rainy,all,mAP75,0.29246,737,7541,True,2026-09-12T08:36:12.482376+00:00
base_10,rainy,car,mAP50-95,0.44483,737,6944,True,2026-09-12T08:36:12.482376+00:00
base_10,rainy,car,mAP50,0.74263,737,6944,True,2026-09-12T08:36:12.482376+00:00
base_10,rainy,car,mAP75,0.44217,737,6944,True,2026-09-12T08:36:12.482376+00:00
base_10,rainy,truck,mAP50-95,0.35901,737,378,False,2026-09-12T08:36:12.482376+00:00
base_10,rainy,truck,mAP50,0.52662,737,378,False,2026-09-12T08:36:12.482376+00:00
base_10,rainy,truck,mAP75,0.38795,737,378,False,2026-09-12T08:36:12.482376+00:00
base_10,rainy,bus,mAP50-95,0.32856,737,132,False,2026-09-12T08:36:12.482376+00:00
base_10,rainy,bus,mAP50,0.45524,737,132,False,2026-09-12T08:36:12.482376+00:00
base_10,rainy,bus,mAP75,0.36378,737,132,False,2026-09-12T08:36:12.482376+00:00
base_10,rainy,motor,mAP50-95,0.15248,737,30,False,2026-09-12T08:36:12.482376+00:00
base_10,rainy,motor,mAP50,0.28404,737,30,False,2026-09-12T08:36:12.482376+00:00
base_10,rainy,motor,mAP75,0.14472,737,30,False,2026-09-12T08:36:12.482376+00:00
base_10,rainy,bike,mAP50-95,0.14974,737,57,False,2026-09-12T08:36:12.482376+00:00
base_10,rainy,bike,mAP50,0.31548,737,57,False,2026-09-12T08:36:12.482376+00:00
base_10,rainy,bike,mAP75,0.12369,737,57,False,2026-09-12T08:36:12.482376+00:00
base_10,snowy,all,mAP50-95,0.23979,769,8080,True,2026-09-12T08:36:12.482376+00:00
base_10,snowy,all,mAP50,0.38859,769,8080,True,2026-09-12T08:36:12.482376+00:00
base_10,snowy,all,mAP75,0.24768,769,8080,True,2026-09-12T08:36:12.482376+00:00
base_10,snowy,car,mAP50-95,0.4423,769,7486,True,2026-09-12T08:36:12.482376+00:00
base_10,snowy,car,mAP50,0.74501,769,7486,True,2026-09-12T08:36:12.482376+00:00
base_10,snowy,car,mAP75,0.43605,769,7486,True,2026-09-12T08:36:12.482376+00:00
base_10,snowy,truck,mAP50-95,0.32772,769,371,False,2026-09-12T08:36:12.482376+00:00
base_10,snowy,truck,mAP50,0.46937,769,371,False,2026-09-12T08:36:12.482376+00:00
base_10,snowy,truck,mAP75,0.37323,769,371,False,2026-09-12T08:36:12.482376+00:00
base_10,snowy,bus,mAP50-95,0.26547,769,133,False,2026-09-12T08:36:12.482376+00:00
base_10,snowy,bus,mAP50,0.36575,769,133,False,2026-09-12T08:36:12.482376+00:00
base_10,snowy,bus,mAP75,0.28527,769,133,False,2026-09-12T08:36:12.482376+00:00
base_10,snowy,motor,mAP50-95,0.083,769,9,False,2026-09-12T08:36:12.482376+00:00
base_10,snowy,motor,mAP50,0.16334,769,9,False,2026-09-12T08:36:12.482376+00:00
base_10,snowy,motor,mAP75,0.11881,769,9,False,2026-09-12T08:36:12.482376+00:00
base_10,snowy,bike,mAP50-95,0.08044,769,81,False,2026-09-12T08:36:12.482376+00:00
base_10,snowy,bike,mAP50,0.19945,769,81,False,2026-09-12T08:36:12.482376+00:00
base_10,snowy,bike,mAP75,0.02505,769,81,False,2026-09-12T08:36:12.482376+00:00
t1_10,overall,all,mAP50-95,0.24316,8841,97193,True,2026-09-12T08:36:12.482376+00:00
t1_10,overall,all,mAP50,0.40326,8841,97193,True,2026-09-12T08:36:12.482376+00:00
t1_10,overall,all,mAP75,0.23871,8841,97193,True,2026-09-12T08:36:12.482376+00:00
t1_10,overall,car,mAP50-95,0.42846,8841,91118,True,2026-09-12T08:36:12.482376+00:00
t1_10,overall,car,mAP50,0.73299,8841,91118,True,2026-09-12T08:36:12.482376+00:00
t1_10,overall,car,mAP75,0.41844,8841,91118,True,2026-09-12T08:36:12.482376+00:00
t1_10,overall,truck,mAP50-95,0.29583,8841,3608,True,2026-09-12T08:36:12.482376+00:00
t1_10,overall,truck,mAP50,0.42422,8841,3608,True,2026-09-12T08:36:12.482376+00:00
t1_10,overall,truck,mAP75,0.32397,8841,3608,True,2026-09-12T08:36:12.482376+00:00
t1_10,overall,bus,mAP50-95,0.29743,8841,1351,True,2026-09-12T08:36:12.482376+00:00
t1_10,overall,bus,mAP50,0.40467,8841,1351,True,2026-09-12T08:36:12.482376+00:00
t1_10,overall,bus,mAP75,0.32642,8841,1351,True,2026-09-12T08:36:12.482376+00:00
t1_10,overall,motor,mAP50-95,0.09713,8841,377,False,2026-09-12T08:36:12.482376+00:00
t1_10,overall,motor,mAP50,0.21742,8841,377,False,2026-09-12T08:36:12.482376+00:00
t1_10,overall,motor,mAP75,0.06286,8841,377,False,2026-09-12T08:36:12.482376+00:00
t1_10,overall,bike,mAP50-95,0.09695,8841,739,False,2026-09-12T08:36:12.482376+00:00
t1_10,overall,bike,mAP50,0.23701,8841,739,False,2026-09-12T08:36:12.482376+00:00
t1_10,overall,bike,mAP75,0.06188,8841,739,False,2026-09-12T08:36:12.482376+00:00
t1_10,adverse,all,mAP50-95,0.22976,1519,15765,True,2026-09-12T08:36:12.482376+00:00
t1_10,adverse,all,mAP50,0.38157,1519,15765,True,2026-09-12T08:36:12.482376+00:00
t1_10,adverse,all,mAP75,0.22015,1519,15765,True,2026-09-12T08:36:12.482376+00:00
t1_10,adverse,car,mAP50-95,0.43448,1519,14568,True,2026-09-12T08:36:12.482376+00:00
t1_10,adverse,car,mAP50,0.73197,1519,14568,True,2026-09-12T08:36:12.482376+00:00
t1_10,adverse,car,mAP75,0.43102,1519,14568,True,2026-09-12T08:36:12.482376+00:00
t1_10,adverse,truck,mAP50-95,0.29632,1519,754,False,2026-09-12T08:36:12.482376+00:00
t1_10,adverse,truck,mAP50,0.42677,1519,754,False,2026-09-12T08:36:12.482376+00:00
t1_10,adverse,truck,mAP75,0.33046,1519,754,False,2026-09-12T08:36:12.482376+00:00
t1_10,adverse,bus,mAP50-95,0.25057,1519,265,False,2026-09-12T08:36:12.482376+00:00
t1_10,adverse,bus,mAP50,0.35235,1519,265,False,2026-09-12T08:36:12.482376+00:00
t1_10,adverse,bus,mAP75,0.26324,1519,265,False,2026-09-12T08:36:12.482376+00:00
t1_10,adverse,motor,mAP50-95,0.08035,1519,40,False,2026-09-12T08:36:12.482376+00:00
t1_10,adverse,motor,mAP50,0.19387,1519,40,False,2026-09-12T08:36:12.482376+00:00
t1_10,adverse,motor,mAP75,0.02684,1519,40,False,2026-09-12T08:36:12.482376+00:00
t1_10,adverse,bike,mAP50-95,0.08705,1519,138,False,2026-09-12T08:36:12.482376+00:00
t1_10,adverse,bike,mAP50,0.20287,1519,138,False,2026-09-12T08:36:12.482376+00:00
t1_10,adverse,bike,mAP75,0.0492,1519,138,False,2026-09-12T08:36:12.482376+00:00
t1_10,benign,all,mAP50-95,0.24738,7322,81428,True,2026-09-12T08:36:12.482376+00:00
t1_10,benign,all,mAP50,0.40966,7322,81428,True,2026-09-12T08:36:12.482376+00:00
t1_10,benign,all,mAP75,0.24445,7322,81428,True,2026-09-12T08:36:12.482376+00:00
t1_10,benign,car,mAP50-95,0.42748,7322,76550,True,2026-09-12T08:36:12.482376+00:00
t1_10,benign,car,mAP50,0.73346,7322,76550,True,2026-09-12T08:36:12.482376+00:00
t1_10,benign,car,mAP75,0.41569,7322,76550,True,2026-09-12T08:36:12.482376+00:00
t1_10,benign,truck,mAP50-95,0.29616,7322,2854,True,2026-09-12T08:36:12.482376+00:00
t1_10,benign,truck,mAP50,0.42461,7322,2854,True,2026-09-12T08:36:12.482376+00:00
t1_10,benign,truck,mAP75,0.32254,7322,2854,True,2026-09-12T08:36:12.482376+00:00
t1_10,benign,bus,mAP50-95,0.31062,7322,1086,True,2026-09-12T08:36:12.482376+00:00
t1_10,benign,bus,mAP50,0.41946,7322,1086,True,2026-09-12T08:36:12.482376+00:00
t1_10,benign,bus,mAP75,0.34381,7322,1086,True,2026-09-12T08:36:12.482376+00:00
t1_10,benign,motor,mAP50-95,0.10224,7322,337,False,2026-09-12T08:36:12.482376+00:00
t1_10,benign,motor,mAP50,0.22394,7322,337,False,2026-09-12T08:36:12.482376+00:00
t1_10,benign,motor,mAP75,0.07339,7322,337,False,2026-09-12T08:36:12.482376+00:00
t1_10,benign,bike,mAP50-95,0.10042,7322,601,False,2026-09-12T08:36:12.482376+00:00
t1_10,benign,bike,mAP50,0.24684,7322,601,False,2026-09-12T08:36:12.482376+00:00
t1_10,benign,bike,mAP75,0.06681,7322,601,False,2026-09-12T08:36:12.482376+00:00
t1_10,clear,all,mAP50-95,0.24643,5345,56667,True,2026-09-12T08:36:12.482376+00:00
t1_10,clear,all,mAP50,0.40788,5345,56667,True,2026-09-12T08:36:12.482376+00:00
t1_10,clear,all,mAP75,0.24792,5345,56667,True,2026-09-12T08:36:12.482376+00:00
t1_10,clear,car,mAP50-95,0.41584,5345,53654,True,2026-09-12T08:36:12.482376+00:00
t1_10,clear,car,mAP50,0.72679,5345,53654,True,2026-09-12T08:36:12.482376+00:00
t1_10,clear,car,mAP75,0.39924,5345,53654,True,2026-09-12T08:36:12.482376+00:00
t1_10,clear,truck,mAP50-95,0.29039,5345,1740,True,2026-09-12T08:36:12.482376+00:00
t1_10,clear,truck,mAP50,0.4095,5345,1740,True,2026-09-12T08:36:12.482376+00:00
t1_10,clear,truck,mAP75,0.32503,5345,1740,True,2026-09-12T08:36:12.482376+00:00
t1_10,clear,bus,mAP50-95,0.3229,5345,682,False,2026-09-12T08:36:12.482376+00:00
t1_10,clear,bus,mAP50,0.43751,5345,682,False,2026-09-12T08:36:12.482376+00:00
t1_10,clear,bus,mAP75,0.36279,5345,682,False,2026-09-12T08:36:12.482376+00:00
t1_10,clear,motor,mAP50-95,0.11114,5345,200,False,2026-09-12T08:36:12.482376+00:00
t1_10,clear,motor,mAP50,0.23814,5345,200,False,2026-09-12T08:36:12.482376+00:00
t1_10,clear,motor,mAP75,0.08301,5345,200,False,2026-09-12T08:36:12.482376+00:00
t1_10,clear,bike,mAP50-95,0.0919,5345,391,False,2026-09-12T08:36:12.482376+00:00
t1_10,clear,bike,mAP50,0.22744,5345,391,False,2026-09-12T08:36:12.482376+00:00
t1_10,clear,bike,mAP75,0.06953,5345,391,False,2026-09-12T08:36:12.482376+00:00
t1_10,dawndusk,all,mAP50-95,0.24601,714,8512,True,2026-09-12T08:36:12.482376+00:00
t1_10,dawndusk,all,mAP50,0.40389,714,8512,True,2026-09-12T08:36:12.482376+00:00
t1_10,dawndusk,all,mAP75,0.24571,714,8512,True,2026-09-12T08:36:12.482376+00:00
t1_10,dawndusk,car,mAP50-95,0.44292,714,7964,True,2026-09-12T08:36:12.482376+00:00
t1_10,dawndusk,car,mAP50,0.73198,714,7964,True,2026-09-12T08:36:12.482376+00:00
t1_10,dawndusk,car,mAP75,0.44625,714,7964,True,2026-09-12T08:36:12.482376+00:00
t1_10,dawndusk,truck,mAP50-95,0.29901,714,340,False,2026-09-12T08:36:12.482376+00:00
t1_10,dawndusk,truck,mAP50,0.42127,714,340,False,2026-09-12T08:36:12.482376+00:00
t1_10,dawndusk,truck,mAP75,0.33825,714,340,False,2026-09-12T08:36:12.482376+00:00
t1_10,dawndusk,bus,mAP50-95,0.31769,714,127,False,2026-09-12T08:36:12.482376+00:00
t1_10,dawndusk,bus,mAP50,0.4255,714,127,False,2026-09-12T08:36:12.482376+00:00
t1_10,dawndusk,bus,mAP75,0.35831,714,127,False,2026-09-12T08:36:12.482376+00:00
t1_10,dawndusk,motor,mAP50-95,0.04965,714,22,False,2026-09-12T08:36:12.482376+00:00
t1_10,dawndusk,motor,mAP50,0.14552,714,22,False,2026-09-12T08:36:12.482376+00:00
t1_10,dawndusk,motor,mAP75,0.0165,714,22,False,2026-09-12T08:36:12.482376+00:00
t1_10,dawndusk,bike,mAP50-95,0.12078,714,59,False,2026-09-12T08:36:12.482376+00:00
t1_10,dawndusk,bike,mAP50,0.29517,714,59,False,2026-09-12T08:36:12.482376+00:00
t1_10,dawndusk,bike,mAP75,0.06926,714,59,False,2026-09-12T08:36:12.482376+00:00
t1_10,day,all,mAP50-95,0.24908,4264,51930,True,2026-09-12T08:36:12.482376+00:00
t1_10,day,all,mAP50,0.40718,4264,51930,True,2026-09-12T08:36:12.482376+00:00
t1_10,day,all,mAP75,0.24224,4264,51930,True,2026-09-12T08:36:12.482376+00:00
t1_10,day,car,mAP50-95,0.45078,4264,47715,True,2026-09-12T08:36:12.482376+00:00
t1_10,day,car,mAP50,0.74095,4264,47715,True,2026-09-12T08:36:12.482376+00:00
t1_10,day,car,mAP75,0.44985,4264,47715,True,2026-09-12T08:36:12.482376+00:00
t1_10,day,truck,mAP50-95,0.29583,4264,2532,True,2026-09-12T08:36:12.482376+00:00
t1_10,day,truck,mAP50,0.42726,4264,2532,True,2026-09-12T08:36:12.482376+00:00
t1_10,day,truck,mAP75,0.32029,4264,2532,True,2026-09-12T08:36:12.482376+00:00
t1_10,day,bus,mAP50-95,0.29196,4264,927,True,2026-09-12T08:36:12.482376+00:00
t1_10,day,bus,mAP50,0.40087,4264,927,True,2026-09-12T08:36:12.482376+00:00
t1_10,day,bus,mAP75,0.31314,4264,927,True,2026-09-12T08:36:12.482376+00:00
t1_10,day,motor,mAP50-95,0.10691,4264,262,False,2026-09-12T08:36:12.482376+00:00
t1_10,day,motor,mAP50,0.22936,4264,262,False,2026-09-12T08:36:12.482376+00:00
t1_10,day,motor,mAP75,0.06484,4264,262,False,2026-09-12T08:36:12.482376+00:00
t1_10,day,bike,mAP50-95,0.09994,4264,494,False,2026-09-12T08:36:12.482376+00:00
t1_10,day,bike,mAP50,0.23745,4264,494,False,2026-09-12T08:36:12.482376+00:00
t1_10,day,bike,mAP75,0.06307,4264,494,False,2026-09-12T08:36:12.482376+00:00
t1_10,day_adverse,all,mAP50-95,0.24942,823,9252,True,2026-09-12T08:36:12.482376+00:00
t1_10,day_adverse,all,mAP50,0.42422,823,9252,True,2026-09-12T08:36:12.482376+00:00
t1_10,day_adverse,all,mAP75,0.23119,823,9252,True,2026-09-12T08:36:12.482376+00:00
t1_10,day_adverse,car,mAP50-95,0.45272,823,8401,True,2026-09-12T08:36:12.482376+00:00
t1_10,day_adverse,car,mAP50,0.74426,823,8401,True,2026-09-12T08:36:12.482376+00:00
t1_10,day_adverse,car,mAP75,0.45349,823,8401,True,2026-09-12T08:36:12.482376+00:00
t1_10,day_adverse,truck,mAP50-95,0.31242,823,540,False,2026-09-12T08:36:12.482376+00:00
t1_10,day_adverse,truck,mAP50,0.44711,823,540,False,2026-09-12T08:36:12.482376+00:00
t1_10,day_adverse,truck,mAP75,0.3453,823,540,False,2026-09-12T08:36:12.482376+00:00
t1_10,day_adverse,bus,mAP50-95,0.24036,823,194,False,2026-09-12T08:36:12.482376+00:00
t1_10,day_adverse,bus,mAP50,0.34859,823,194,False,2026-09-12T08:36:12.482376+00:00
t1_10,day_adverse,bus,mAP75,0.24578,823,194,False,2026-09-12T08:36:12.482376+00:00
t1_10,day_adverse,motor,mAP50-95,0.14732,823,23,False,2026-09-12T08:36:12.482376+00:00
t1_10,day_adverse,motor,mAP50,0.36319,823,23,False,2026-09-12T08:36:12.482376+00:00
t1_10,day_adverse,motor,mAP75,0.05784,823,23,False,2026-09-12T08:36:12.482376+00:00
t1_10,day_adverse,bike,mAP50-95,0.09428,823,94,False,2026-09-12T08:36:12.482376+00:00
t1_10,day_adverse,bike,mAP50,0.21794,823,94,False,2026-09-12T08:36:12.482376+00:00
t1_10,day_adverse,bike,mAP75,0.05354,823,94,False,2026-09-12T08:36:12.482376+00:00
t1_10,day_clear,all,mAP50-95,0.25311,1764,21352,True,2026-09-12T08:36:12.482376+00:00
t1_10,day_clear,all,mAP50,0.40319,1764,21352,True,2026-09-12T08:36:12.482376+00:00
t1_10,day_clear,all,mAP75,0.25268,1764,21352,True,2026-09-12T08:36:12.482376+00:00
t1_10,day_clear,car,mAP50-95,0.44574,1764,19633,True,2026-09-12T08:36:12.482376+00:00
t1_10,day_clear,car,mAP50,0.73158,1764,19633,True,2026-09-12T08:36:12.482376+00:00
t1_10,day_clear,car,mAP75,0.44414,1764,19633,True,2026-09-12T08:36:12.482376+00:00
t1_10,day_clear,truck,mAP50-95,0.28836,1764,1021,True,2026-09-12T08:36:12.482376+00:00
t1_10,day_clear,truck,mAP50,0.40564,1764,1021,True,2026-09-12T08:36:12.482376+00:00
t1_10,day_clear,truck,mAP75,0.31949,1764,1021,True,2026-09-12T08:36:12.482376+00:00
t1_10,day_clear,bus,mAP50-95,0.33039,1764,380,False,2026-09-12T08:36:12.482376+00:00
t1_10,day_clear,bus,mAP50,0.44647,1764,380,False,2026-09-12T08:36:12.482376+00:00
t1_10,day_clear,bus,mAP75,0.36272,1764,380,False,2026-09-12T08:36:12.482376+00:00
t1_10,day_clear,motor,mAP50-95,0.11726,1764,111,False,2026-09-12T08:36:12.482376+00:00
t1_10,day_clear,motor,mAP50,0.23228,1764,111,False,2026-09-12T08:36:12.482376+00:00
t1_10,day_clear,motor,mAP75,0.07331,1764,111,False,2026-09-12T08:36:12.482376+00:00
t1_10,day_clear,bike,mAP50-95,0.08382,1764,207,False,2026-09-12T08:36:12.482376+00:00
t1_10,day_clear,bike,mAP50,0.19998,1764,207,False,2026-09-12T08:36:12.482376+00:00
t1_10,day_clear,bike,mAP75,0.06373,1764,207,False,2026-09-12T08:36:12.482376+00:00
t1_10,day_rainy,all,mAP50-95,0.26552,396,4356,True,2026-09-12T08:36:12.482376+00:00
t1_10,day_rainy,all,mAP50,0.44912,396,4356,True,2026-09-12T08:36:12.482376+00:00
t1_10,day_rainy,all,mAP75,0.25649,396,4356,True,2026-09-12T08:36:12.482376+00:00
t1_10,day_rainy,car,mAP50-95,0.46121,396,3930,True,2026-09-12T08:36:12.482376+00:00
t1_10,day_rainy,car,mAP50,0.75628,396,3930,True,2026-09-12T08:36:12.482376+00:00
t1_10,day_rainy,car,mAP75,0.46243,396,3930,True,2026-09-12T08:36:12.482376+00:00
t1_10,day_rainy,truck,mAP50-95,0.34082,396,272,False,2026-09-12T08:36:12.482376+00:00
t1_10,day_rainy,truck,mAP50,0.48185,396,272,False,2026-09-12T08:36:12.482376+00:00
t1_10,day_rainy,truck,mAP75,0.37978,396,272,False,2026-09-12T08:36:12.482376+00:00
t1_10,day_rainy,bus,mAP50-95,0.25108,396,97,False,2026-09-12T08:36:12.482376+00:00
t1_10,day_rainy,bus,mAP50,0.37031,396,97,False,2026-09-12T08:36:12.482376+00:00
t1_10,day_rainy,bus,mAP75,0.25477,396,97,False,2026-09-12T08:36:12.482376+00:00
t1_10,day_rainy,motor,mAP50-95,0.18604,396,16,False,2026-09-12T08:36:12.482376+00:00
t1_10,day_rainy,motor,mAP50,0.42429,396,16,False,2026-09-12T08:36:12.482376+00:00
t1_10,day_rainy,motor,mAP75,0.11691,396,16,False,2026-09-12T08:36:12.482376+00:00
t1_10,day_rainy,bike,mAP50-95,0.08842,396,41,False,2026-09-12T08:36:12.482376+00:00
t1_10,day_rainy,bike,mAP50,0.21286,396,41,False,2026-09-12T08:36:12.482376+00:00
t1_10,day_rainy,bike,mAP75,0.06855,396,41,False,2026-09-12T08:36:12.482376+00:00
t1_10,day_snowy,all,mAP50-95,0.23464,422,4842,True,2026-09-12T08:36:12.482376+00:00
t1_10,day_snowy,all,mAP50,0.40135,422,4842,True,2026-09-12T08:36:12.482376+00:00
t1_10,day_snowy,all,mAP75,0.21086,422,4842,True,2026-09-12T08:36:12.482376+00:00
t1_10,day_snowy,car,mAP50-95,0.44565,422,4421,True,2026-09-12T08:36:12.482376+00:00
t1_10,day_snowy,car,mAP50,0.73487,422,4421,True,2026-09-12T08:36:12.482376+00:00
t1_10,day_snowy,car,mAP75,0.44724,422,4421,True,2026-09-12T08:36:12.482376+00:00
t1_10,day_snowy,truck,mAP50-95,0.28639,422,264,False,2026-09-12T08:36:12.482376+00:00
t1_10,day_snowy,truck,mAP50,0.41535,422,264,False,2026-09-12T08:36:12.482376+00:00
t1_10,day_snowy,truck,mAP75,0.3126,422,264,False,2026-09-12T08:36:12.482376+00:00
t1_10,day_snowy,bus,mAP50-95,0.23528,422,97,False,2026-09-12T08:36:12.482376+00:00
t1_10,day_snowy,bus,mAP50,0.3284,422,97,False,2026-09-12T08:36:12.482376+00:00
t1_10,day_snowy,bus,mAP75,0.2446,422,97,False,2026-09-12T08:36:12.482376+00:00
t1_10,day_snowy,motor,mAP50-95,0.1056,422,7,False,2026-09-12T08:36:12.482376+00:00
t1_10,day_snowy,motor,mAP50,0.29545,422,7,False,2026-09-12T08:36:12.482376+00:00
t1_10,day_snowy,motor,mAP75,0.00297,422,7,False,2026-09-12T08:36:12.482376+00:00
t1_10,day_snowy,bike,mAP50-95,0.10027,422,53,False,2026-09-12T08:36:12.482376+00:00
t1_10,day_snowy,bike,mAP50,0.23267,422,53,False,2026-09-12T08:36:12.482376+00:00
t1_10,day_snowy,bike,mAP75,0.04689,422,53,False,2026-09-12T08:36:12.482376+00:00
t1_10,foggy,all,mAP50-95,0.18334,13,144,False,2026-09-12T08:36:12.482376+00:00
t1_10,foggy,all,mAP50,0.28961,13,144,False,2026-09-12T08:36:12.482376+00:00
t1_10,foggy,all,mAP75,0.19568,13,144,False,2026-09-12T08:36:12.482376+00:00
t1_10,foggy,car,mAP50-95,0.40447,13,138,False,2026-09-12T08:36:12.482376+00:00
t1_10,foggy,car,mAP50,0.66092,13,138,False,2026-09-12T08:36:12.482376+00:00
t1_10,foggy,car,mAP75,0.37912,13,138,False,2026-09-12T08:36:12.482376+00:00
t1_10,foggy,truck,mAP50-95,0.14554,13,5,False,2026-09-12T08:36:12.482376+00:00
t1_10,foggy,truck,mAP50,0.20792,13,5,False,2026-09-12T08:36:12.482376+00:00
t1_10,foggy,truck,mAP75,0.20792,13,5,False,2026-09-12T08:36:12.482376+00:00
t1_10,foggy,bus,mAP50-95,,13,0,False,2026-09-12T08:36:12.482376+00:00
t1_10,foggy,bus,mAP50,,13,0,False,2026-09-12T08:36:12.482376+00:00
t1_10,foggy,bus,mAP75,,13,0,False,2026-09-12T08:36:12.482376+00:00
t1_10,foggy,motor,mAP50-95,0.0,13,1,False,2026-09-12T08:36:12.482376+00:00
t1_10,foggy,motor,mAP50,0.0,13,1,False,2026-09-12T08:36:12.482376+00:00
t1_10,foggy,motor,mAP75,0.0,13,1,False,2026-09-12T08:36:12.482376+00:00
t1_10,foggy,bike,mAP50-95,,13,0,False,2026-09-12T08:36:12.482376+00:00
t1_10,foggy,bike,mAP50,,13,0,False,2026-09-12T08:36:12.482376+00:00
t1_10,foggy,bike,mAP75,,13,0,False,2026-09-12T08:36:12.482376+00:00
t1_10,night,all,mAP50-95,0.23593,3863,36751,True,2026-09-12T08:36:12.482376+00:00
t1_10,night,all,mAP50,0.39826,3863,36751,True,2026-09-12T08:36:12.482376+00:00
t1_10,night,all,mAP75,0.23923,3863,36751,True,2026-09-12T08:36:12.482376+00:00
t1_10,night,car,mAP50-95,0.39473,3863,35439,True,2026-09-12T08:36:12.482376+00:00
t1_10,night,car,mAP50,0.72054,3863,35439,True,2026-09-12T08:36:12.482376+00:00
t1_10,night,car,mAP75,0.36869,3863,35439,True,2026-09-12T08:36:12.482376+00:00
t1_10,night,truck,mAP50-95,0.29455,3863,736,False,2026-09-12T08:36:12.482376+00:00
t1_10,night,truck,mAP50,0.41977,3863,736,False,2026-09-12T08:36:12.482376+00:00
t1_10,night,truck,mAP75,0.33011,3863,736,False,2026-09-12T08:36:12.482376+00:00
t1_10,night,bus,mAP50-95,0.30856,3863,297,False,2026-09-12T08:36:12.482376+00:00
t1_10,night,bus,mAP50,0.41274,3863,297,False,2026-09-12T08:36:12.482376+00:00
t1_10,night,bus,mAP75,0.35197,3863,297,False,2026-09-12T08:36:12.482376+00:00
t1_10,night,motor,mAP50-95,0.09555,3863,93,False,2026-09-12T08:36:12.482376+00:00
t1_10,night,motor,mAP50,0.21947,3863,93,False,2026-09-12T08:36:12.482376+00:00
t1_10,night,motor,mAP75,0.08223,3863,93,False,2026-09-12T08:36:12.482376+00:00
t1_10,night,bike,mAP50-95,0.08626,3863,186,False,2026-09-12T08:36:12.482376+00:00
t1_10,night,bike,mAP50,0.21876,3863,186,False,2026-09-12T08:36:12.482376+00:00
t1_10,night,bike,mAP75,0.06313,3863,186,False,2026-09-12T08:36:12.482376+00:00
t1_10,night_adverse,all,mAP50-95,0.22415,566,4986,True,2026-09-12T08:36:12.482376+00:00
t1_10,night_adverse,all,mAP50,0.35276,566,4986,True,2026-09-12T08:36:12.482376+00:00
t1_10,night_adverse,all,mAP75,0.23185,566,4986,True,2026-09-12T08:36:12.482376+00:00
t1_10,night_adverse,car,mAP50-95,0.40075,566,4743,True,2026-09-12T08:36:12.482376+00:00
t1_10,night_adverse,car,mAP50,0.71251,566,4743,True,2026-09-12T08:36:12.482376+00:00
t1_10,night_adverse,car,mAP75,0.38624,566,4743,True,2026-09-12T08:36:12.482376+00:00
t1_10,night_adverse,truck,mAP50-95,0.25763,566,156,False,2026-09-12T08:36:12.482376+00:00
t1_10,night_adverse,truck,mAP50,0.36483,566,156,False,2026-09-12T08:36:12.482376+00:00
t1_10,night_adverse,truck,mAP75,0.28303,566,156,False,2026-09-12T08:36:12.482376+00:00
t1_10,night_adverse,bus,mAP50-95,0.36769,566,41,False,2026-09-12T08:36:12.482376+00:00
t1_10,night_adverse,bus,mAP50,0.47775,566,41,False,2026-09-12T08:36:12.482376+00:00
t1_10,night_adverse,bus,mAP75,0.41259,566,41,False,2026-09-12T08:36:12.482376+00:00
t1_10,night_adverse,motor,mAP50-95,0.03019,566,12,False,2026-09-12T08:36:12.482376+00:00
t1_10,night_adverse,motor,mAP50,0.06666,566,12,False,2026-09-12T08:36:12.482376+00:00
t1_10,night_adverse,motor,mAP75,0.01086,566,12,False,2026-09-12T08:36:12.482376+00:00
t1_10,night_adverse,bike,mAP50-95,0.06449,566,34,False,2026-09-12T08:36:12.482376+00:00
t1_10,night_adverse,bike,mAP50,0.14205,566,34,False,2026-09-12T08:36:12.482376+00:00
t1_10,night_adverse,bike,mAP75,0.06655,566,34,False,2026-09-12T08:36:12.482376+00:00
t1_10,night_clear,all,mAP50-95,0.24075,3274,31550,True,2026-09-12T08:36:12.482376+00:00
t1_10,night_clear,all,mAP50,0.41313,3274,31550,True,2026-09-12T08:36:12.482376+00:00
t1_10,night_clear,all,mAP75,0.24387,3274,31550,True,2026-09-12T08:36:12.482376+00:00
t1_10,night_clear,car,mAP50-95,0.39312,3274,30489,True,2026-09-12T08:36:12.482376+00:00
t1_10,night_clear,car,mAP50,0.72158,3274,30489,True,2026-09-12T08:36:12.482376+00:00
t1_10,night_clear,car,mAP75,0.36553,3274,30489,True,2026-09-12T08:36:12.482376+00:00
t1_10,night_clear,truck,mAP50-95,0.30398,3274,577,False,2026-09-12T08:36:12.482376+00:00
t1_10,night_clear,truck,mAP50,0.4348,3274,577,False,2026-09-12T08:36:12.482376+00:00
t1_10,night_clear,truck,mAP75,0.34108,3274,577,False,2026-09-12T08:36:12.482376+00:00
t1_10,night_clear,bus,mAP50-95,0.29861,3274,251,False,2026-09-12T08:36:12.482376+00:00
t1_10,night_clear,bus,mAP50,0.40282,3274,251,False,2026-09-12T08:36:12.482376+00:00
t1_10,night_clear,bus,mAP75,0.34411,3274,251,False,2026-09-12T08:36:12.482376+00:00
t1_10,night_clear,motor,mAP50-95,0.11443,3274,81,False,2026-09-12T08:36:12.482376+00:00
t1_10,night_clear,motor,mAP50,0.26297,3274,81,False,2026-09-12T08:36:12.482376+00:00
t1_10,night_clear,motor,mAP75,0.10517,3274,81,False,2026-09-12T08:36:12.482376+00:00
t1_10,night_clear,bike,mAP50-95,0.09363,3274,152,False,2026-09-12T08:36:12.482376+00:00
t1_10,night_clear,bike,mAP50,0.24346,3274,152,False,2026-09-12T08:36:12.482376+00:00
t1_10,night_clear,bike,mAP75,0.06344,3274,152,False,2026-09-12T08:36:12.482376+00:00
t1_10,night_rainy,all,mAP50-95,0.28144,286,2535,True,2026-09-12T08:36:12.482376+00:00
t1_10,night_rainy,all,mAP50,0.42147,286,2535,True,2026-09-12T08:36:12.482376+00:00
t1_10,night_rainy,all,mAP75,0.29861,286,2535,True,2026-09-12T08:36:12.482376+00:00
t1_10,night_rainy,car,mAP50-95,0.39546,286,2416,True,2026-09-12T08:36:12.482376+00:00
t1_10,night_rainy,car,mAP50,0.70161,286,2416,True,2026-09-12T08:36:12.482376+00:00
t1_10,night_rainy,car,mAP75,0.38799,286,2416,True,2026-09-12T08:36:12.482376+00:00
t1_10,night_rainy,truck,mAP50-95,0.36035,286,72,False,2026-09-12T08:36:12.482376+00:00
t1_10,night_rainy,truck,mAP50,0.50508,286,72,False,2026-09-12T08:36:12.482376+00:00
t1_10,night_rainy,truck,mAP75,0.40713,286,72,False,2026-09-12T08:36:12.482376+00:00
t1_10,night_rainy,bus,mAP50-95,0.46749,286,22,False,2026-09-12T08:36:12.482376+00:00
t1_10,night_rainy,bus,mAP50,0.59266,286,22,False,2026-09-12T08:36:12.482376+00:00
t1_10,night_rainy,bus,mAP75,0.51488,286,22,False,2026-09-12T08:36:12.482376+00:00
t1_10,night_rainy,motor,mAP50-95,0.03576,286,10,False,2026-09-12T08:36:12.482376+00:00
t1_10,night_rainy,motor,mAP50,0.07898,286,10,False,2026-09-12T08:36:12.482376+00:00
t1_10,night_rainy,motor,mAP75,0.00908,286,10,False,2026-09-12T08:36:12.482376+00:00
t1_10,night_rainy,bike,mAP50-95,0.14813,286,15,False,2026-09-12T08:36:12.482376+00:00
t1_10,night_rainy,bike,mAP50,0.229,286,15,False,2026-09-12T08:36:12.482376+00:00
t1_10,night_rainy,bike,mAP75,0.17397,286,15,False,2026-09-12T08:36:12.482376+00:00
t1_10,night_snowy,all,mAP50-95,0.17554,273,2374,True,2026-09-12T08:36:12.482376+00:00
t1_10,night_snowy,all,mAP50,0.29091,273,2374,True,2026-09-12T08:36:12.482376+00:00
t1_10,night_snowy,all,mAP75,0.18164,273,2374,True,2026-09-12T08:36:12.482376+00:00
t1_10,night_snowy,car,mAP50-95,0.40909,273,2251,True,2026-09-12T08:36:12.482376+00:00
t1_10,night_snowy,car,mAP50,0.72976,273,2251,True,2026-09-12T08:36:12.482376+00:00
t1_10,night_snowy,car,mAP75,0.38705,273,2251,True,2026-09-12T08:36:12.482376+00:00
t1_10,night_snowy,truck,mAP50-95,0.17795,273,83,False,2026-09-12T08:36:12.482376+00:00
t1_10,night_snowy,truck,mAP50,0.25098,273,83,False,2026-09-12T08:36:12.482376+00:00
t1_10,night_snowy,truck,mAP75,0.18418,273,83,False,2026-09-12T08:36:12.482376+00:00
t1_10,night_snowy,bus,mAP50-95,0.25209,273,19,False,2026-09-12T08:36:12.482376+00:00
t1_10,night_snowy,bus,mAP50,0.34104,273,19,False,2026-09-12T08:36:12.482376+00:00
t1_10,night_snowy,bus,mAP75,0.29692,273,19,False,2026-09-12T08:36:12.482376+00:00
t1_10,night_snowy,motor,mAP50-95,0.02331,273,2,False,2026-09-12T08:36:12.482376+00:00
t1_10,night_snowy,motor,mAP50,0.03884,273,2,False,2026-09-12T08:36:12.482376+00:00
t1_10,night_snowy,motor,mAP75,0.03884,273,2,False,2026-09-12T08:36:12.482376+00:00
t1_10,night_snowy,bike,mAP50-95,0.01528,273,19,False,2026-09-12T08:36:12.482376+00:00
t1_10,night_snowy,bike,mAP50,0.09394,273,19,False,2026-09-12T08:36:12.482376+00:00
t1_10,night_snowy,bike,mAP75,0.00121,273,19,False,2026-09-12T08:36:12.482376+00:00
t1_10,overcast,all,mAP50-95,0.25956,1239,15505,True,2026-09-12T08:36:12.482376+00:00
t1_10,overcast,all,mAP50,0.43097,1239,15505,True,2026-09-12T08:36:12.482376+00:00
t1_10,overcast,all,mAP75,0.24803,1239,15505,True,2026-09-12T08:36:12.482376+00:00
t1_10,overcast,car,mAP50-95,0.46189,1239,14370,True,2026-09-12T08:36:12.482376+00:00
t1_10,overcast,car,mAP50,0.75719,1239,14370,True,2026-09-12T08:36:12.482376+00:00
t1_10,overcast,car,mAP75,0.46204,1239,14370,True,2026-09-12T08:36:12.482376+00:00
t1_10,overcast,truck,mAP50-95,0.32048,1239,660,False,2026-09-12T08:36:12.482376+00:00
t1_10,overcast,truck,mAP50,0.46112,1239,660,False,2026-09-12T08:36:12.482376+00:00
t1_10,overcast,truck,mAP75,0.343,1239,660,False,2026-09-12T08:36:12.482376+00:00
t1_10,overcast,bus,mAP50-95,0.29167,1239,262,False,2026-09-12T08:36:12.482376+00:00
t1_10,overcast,bus,mAP50,0.40193,1239,262,False,2026-09-12T08:36:12.482376+00:00
t1_10,overcast,bus,mAP75,0.31126,1239,262,False,2026-09-12T08:36:12.482376+00:00
t1_10,overcast,motor,mAP50-95,0.08691,1239,72,False,2026-09-12T08:36:12.482376+00:00
t1_10,overcast,motor,mAP50,0.20293,1239,72,False,2026-09-12T08:36:12.482376+00:00
t1_10,overcast,motor,mAP75,0.0577,1239,72,False,2026-09-12T08:36:12.482376+00:00
t1_10,overcast,bike,mAP50-95,0.13684,1239,141,False,2026-09-12T08:36:12.482376+00:00
t1_10,overcast,bike,mAP50,0.33169,1239,141,False,2026-09-12T08:36:12.482376+00:00
t1_10,overcast,bike,mAP75,0.06618,1239,141,False,2026-09-12T08:36:12.482376+00:00
t1_10,partlycloudy,all,mAP50-95,0.2486,738,9256,True,2026-09-12T08:36:12.482376+00:00
t1_10,partlycloudy,all,mAP50,0.39979,738,9256,True,2026-09-12T08:36:12.482376+00:00
t1_10,partlycloudy,all,mAP75,0.24346,738,9256,True,2026-09-12T08:36:12.482376+00:00
t1_10,partlycloudy,car,mAP50-95,0.44373,738,8526,True,2026-09-12T08:36:12.482376+00:00
t1_10,partlycloudy,car,mAP50,0.73144,738,8526,True,2026-09-12T08:36:12.482376+00:00
t1_10,partlycloudy,car,mAP75,0.44264,738,8526,True,2026-09-12T08:36:12.482376+00:00
t1_10,partlycloudy,truck,mAP50-95,0.28701,738,454,False,2026-09-12T08:36:12.482376+00:00
t1_10,partlycloudy,truck,mAP50,0.43394,738,454,False,2026-09-12T08:36:12.482376+00:00
t1_10,partlycloudy,truck,mAP75,0.29191,738,454,False,2026-09-12T08:36:12.482376+00:00
t1_10,partlycloudy,bus,mAP50-95,0.29769,738,142,False,2026-09-12T08:36:12.482376+00:00
t1_10,partlycloudy,bus,mAP50,0.37925,738,142,False,2026-09-12T08:36:12.482376+00:00
t1_10,partlycloudy,bus,mAP75,0.32204,738,142,False,2026-09-12T08:36:12.482376+00:00
t1_10,partlycloudy,motor,mAP50-95,0.12189,738,65,False,2026-09-12T08:36:12.482376+00:00
t1_10,partlycloudy,motor,mAP50,0.2471,738,65,False,2026-09-12T08:36:12.482376+00:00
t1_10,partlycloudy,motor,mAP75,0.09202,738,65,False,2026-09-12T08:36:12.482376+00:00
t1_10,partlycloudy,bike,mAP50-95,0.09267,738,69,False,2026-09-12T08:36:12.482376+00:00
t1_10,partlycloudy,bike,mAP50,0.2072,738,69,False,2026-09-12T08:36:12.482376+00:00
t1_10,partlycloudy,bike,mAP75,0.06867,738,69,False,2026-09-12T08:36:12.482376+00:00
t1_10,rainy,all,mAP50-95,0.25313,737,7541,True,2026-09-12T08:36:12.482376+00:00
t1_10,rainy,all,mAP50,0.41082,737,7541,True,2026-09-12T08:36:12.482376+00:00
t1_10,rainy,all,mAP75,0.25298,737,7541,True,2026-09-12T08:36:12.482376+00:00
t1_10,rainy,car,mAP50-95,0.43642,737,6944,True,2026-09-12T08:36:12.482376+00:00
t1_10,rainy,car,mAP50,0.73413,737,6944,True,2026-09-12T08:36:12.482376+00:00
t1_10,rainy,car,mAP75,0.43443,737,6944,True,2026-09-12T08:36:12.482376+00:00
t1_10,rainy,truck,mAP50-95,0.34126,737,378,False,2026-09-12T08:36:12.482376+00:00
t1_10,rainy,truck,mAP50,0.48758,737,378,False,2026-09-12T08:36:12.482376+00:00
t1_10,rainy,truck,mAP75,0.38446,737,378,False,2026-09-12T08:36:12.482376+00:00
t1_10,rainy,bus,mAP50-95,0.29579,737,132,False,2026-09-12T08:36:12.482376+00:00
t1_10,rainy,bus,mAP50,0.41197,737,132,False,2026-09-12T08:36:12.482376+00:00
t1_10,rainy,bus,mAP75,0.30846,737,132,False,2026-09-12T08:36:12.482376+00:00
t1_10,rainy,motor,mAP50-95,0.09012,737,30,False,2026-09-12T08:36:12.482376+00:00
t1_10,rainy,motor,mAP50,0.20645,737,30,False,2026-09-12T08:36:12.482376+00:00
t1_10,rainy,motor,mAP75,0.0449,737,30,False,2026-09-12T08:36:12.482376+00:00
t1_10,rainy,bike,mAP50-95,0.10208,737,57,False,2026-09-12T08:36:12.482376+00:00
t1_10,rainy,bike,mAP50,0.21395,737,57,False,2026-09-12T08:36:12.482376+00:00
t1_10,rainy,bike,mAP75,0.09264,737,57,False,2026-09-12T08:36:12.482376+00:00
t1_10,snowy,all,mAP50-95,0.21274,769,8080,True,2026-09-12T08:36:12.482376+00:00
t1_10,snowy,all,mAP50,0.36096,769,8080,True,2026-09-12T08:36:12.482376+00:00
t1_10,snowy,all,mAP75,0.19634,769,8080,True,2026-09-12T08:36:12.482376+00:00
t1_10,snowy,car,mAP50-95,0.43334,769,7486,True,2026-09-12T08:36:12.482376+00:00
t1_10,snowy,car,mAP50,0.73023,769,7486,True,2026-09-12T08:36:12.482376+00:00
t1_10,snowy,car,mAP75,0.42898,769,7486,True,2026-09-12T08:36:12.482376+00:00
t1_10,snowy,truck,mAP50-95,0.2558,769,371,False,2026-09-12T08:36:12.482376+00:00
t1_10,snowy,truck,mAP50,0.36994,769,371,False,2026-09-12T08:36:12.482376+00:00
t1_10,snowy,truck,mAP75,0.27896,769,371,False,2026-09-12T08:36:12.482376+00:00
t1_10,snowy,bus,mAP50-95,0.21029,769,133,False,2026-09-12T08:36:12.482376+00:00
t1_10,snowy,bus,mAP50,0.29554,769,133,False,2026-09-12T08:36:12.482376+00:00
t1_10,snowy,bus,mAP75,0.22729,769,133,False,2026-09-12T08:36:12.482376+00:00
t1_10,snowy,motor,mAP50-95,0.07984,769,9,False,2026-09-12T08:36:12.482376+00:00
t1_10,snowy,motor,mAP50,0.20396,769,9,False,2026-09-12T08:36:12.482376+00:00
t1_10,snowy,motor,mAP75,0.00641,769,9,False,2026-09-12T08:36:12.482376+00:00
t1_10,snowy,bike,mAP50-95,0.08441,769,81,False,2026-09-12T08:36:12.482376+00:00
t1_10,snowy,bike,mAP50,0.20514,769,81,False,2026-09-12T08:36:12.482376+00:00
t1_10,snowy,bike,mAP75,0.04007,769,81,False,2026-09-12T08:36:12.482376+00:00
